product_class,Month,sales_volume
C1002,1/1/2013,43660
C1002,2/1/2013,42340
C1002,3/1/2013,49176
C1002,4/1/2013,47835
C1002,5/1/2013,50915
C1002,6/1/2013,48985
C1002,7/1/2013,51188
C1002,8/1/2013,55728
C1002,9/1/2013,50247
C1002,10/1/2013,48847
C1002,11/1/2013,48249
C1002,12/1/2013,54899
C1002,1/1/2014,58462.207
C1002,2/1/2014,50747
C1002,3/1/2014,61094.709
C1002,4/1/2014,56398.344
C1002,5/1/2014,51182.218
C1002,6/1/2014,59548.717
C1002,7/1/2014,63451.824
C1002,8/1/2014,71752.316
C1002,9/1/2014,67506.352
C1002,10/1/2014,67807.381
C1002,11/1/2014,67927.9
C1002,12/1/2014,73300.756
C1002,1/1/2015,68973.397
C1002,2/1/2015,66715.435
C1002,3/1/2015,74773.945
C1002,4/1/2015,69096.729
C1002,5/1/2015,72605.482
C1002,6/1/2015,67586.474
C1002,7/1/2015,71436.302
C1002,8/1/2015,77367.975
C1002,9/1/2015,71397.409
C1002,10/1/2015,75890.258
C1002,11/1/2015,77060.812
C1002,12/1/2015,83081.364
C1002,1/1/2016,80713.344
C1002,2/1/2016,75829.61
C1002,3/1/2016,79640.188
C1002,4/1/2016,81639.136
C1002,5/1/2016,82293.997
C1002,6/1/2016,72488.804
C1002,7/1/2016,80551.673
C1002,8/1/2016,75411.729
C1002,9/1/2016,72400.012
C1002,10/1/2016,77478.744
C1002,11/1/2016,77616.983
C1002,12/1/2016,84688.107
C1002,1/1/2017,80371.163
C1002,2/1/2017,73357.37
C1002,3/1/2017,81928.583
C1002,4/1/2017,83175.081
C1002,5/1/2017,82981.29
C1002,6/1/2017,79885.571
C1002,7/1/2017,92547.681
C1003,1/1/2013,10203
C1003,2/1/2013,9169
C1003,3/1/2013,10428
C1003,4/1/2013,9714
C1003,5/1/2013,10489
C1003,6/1/2013,10528
C1003,7/1/2013,10064
C1003,8/1/2013,9741
C1003,9/1/2013,10615
C1003,10/1/2013,10220
C1003,11/1/2013,9732
C1003,12/1/2013,10218
C1003,1/1/2014,10117
C1003,2/1/2014,9275
C1003,3/1/2014,10146
C1003,4/1/2014,9300
C1003,5/1/2014,9472
C1003,6/1/2014,9235
C1003,7/1/2014,9227
C1003,8/1/2014,10164
C1003,9/1/2014,9348
C1003,10/1/2014,9706
C1003,11/1/2014,9888
C1003,12/1/2014,9123
C1003,1/1/2015,9947
C1003,2/1/2015,8765
C1003,3/1/2015,4152
C1003,4/1/2015,7124
C1003,5/1/2015,6481
C1003,6/1/2015,7854
C1003,7/1/2015,8092
C1003,8/1/2015,7587
C1003,9/1/2015,7666
C1003,10/1/2015,8081
C1003,11/1/2015,7586
C1003,12/1/2015,8443
C1003,1/1/2016,8297
C1003,2/1/2016,8255
C1003,3/1/2016,7770
C1003,4/1/2016,9195
C1003,5/1/2016,8544
C1003,6/1/2016,8007
C1003,7/1/2016,8634
C1003,8/1/2016,8559
C1003,9/1/2016,7723
C1003,10/1/2016,7823
C1003,11/1/2016,7881
C1003,12/1/2016,8799
C1003,1/1/2017,8098
C1003,2/1/2017,6817
C1003,3/1/2017,7417
C1003,4/1/2017,6970
C1003,5/1/2017,7395
C1003,6/1/2017,7243
C1003,7/1/2017,7860
C1004,1/1/2013,239840
C1004,2/1/2013,233360
C1004,3/1/2013,273831
C1004,4/1/2013,261642
C1004,5/1/2013,272310
C1004,6/1/2013,277034
C1004,7/1/2013,268802
C1004,8/1/2013,273874
C1004,9/1/2013,264496
C1004,10/1/2013,266054
C1004,11/1/2013,253846
C1004,12/1/2013,303178
C1004,1/1/2014,231932
C1004,2/1/2014,229796
C1004,3/1/2014,271828
C1004,4/1/2014,261253
C1004,5/1/2014,270207
C1004,6/1/2014,263552
C1004,7/1/2014,266235
C1004,8/1/2014,276296
C1004,9/1/2014,258141
C1004,10/1/2014,269427
C1004,11/1/2014,269059
C1004,12/1/2014,328126
C1004,1/1/2015,254489
C1004,2/1/2015,251340
C1004,3/1/2015,306188
C1004,4/1/2015,319913
C1004,5/1/2015,328876
C1004,6/1/2015,305713
C1004,7/1/2015,326727
C1004,8/1/2015,345762
C1004,9/1/2015,351064
C1004,10/1/2015,330981
C1004,11/1/2015,317987
C1004,12/1/2015,392375
C1004,1/1/2016,299869
C1004,2/1/2016,288428
C1004,3/1/2016,320387
C1004,4/1/2016,388878
C1004,5/1/2016,349750
C1004,6/1/2016,333326
C1004,7/1/2016,347301
C1004,8/1/2016,324547
C1004,9/1/2016,316506
C1004,10/1/2016,346958
C1004,11/1/2016,387637
C1004,12/1/2016,449741
C1004,1/1/2017,340873
C1004,2/1/2017,320300
C1004,3/1/2017,356768
C1004,4/1/2017,377991
C1004,5/1/2017,370769
C1004,6/1/2017,346531
C1004,7/1/2017,389445
C1006,1/1/2013,2701
C1006,2/1/2013,4370
C1006,3/1/2013,7104
C1006,4/1/2013,6786
C1006,5/1/2013,8082
C1006,6/1/2013,7803
C1006,7/1/2013,8155
C1006,8/1/2013,8355
C1006,9/1/2013,8287
C1006,10/1/2013,8783
C1006,11/1/2013,8598
C1006,12/1/2013,10825
C1006,1/1/2014,9039
C1006,2/1/2014,8293
C1006,3/1/2014,10075
C1006,4/1/2014,8618
C1006,5/1/2014,9012
C1006,6/1/2014,8913
C1006,7/1/2014,8552
C1006,8/1/2014,9883
C1006,9/1/2014,9303
C1006,10/1/2014,9625
C1006,11/1/2014,8470
C1006,12/1/2014,11348
C1006,1/1/2015,10259
C1006,2/1/2015,9604
C1006,3/1/2015,10551
C1006,4/1/2015,9724
C1006,5/1/2015,10537
C1006,6/1/2015,10498
C1006,7/1/2015,11548
C1006,8/1/2015,11691
C1006,9/1/2015,10618
C1006,10/1/2015,13561
C1006,11/1/2015,12445
C1006,12/1/2015,14069
C1006,1/1/2016,12374
C1006,2/1/2016,11522
C1006,3/1/2016,13313
C1006,4/1/2016,13465
C1006,5/1/2016,11944
C1006,6/1/2016,10934
C1006,7/1/2016,11263
C1006,8/1/2016,10253
C1006,9/1/2016,9975
C1006,10/1/2016,10676
C1006,11/1/2016,11513
C1006,12/1/2016,14035
C1006,1/1/2017,11807
C1006,2/1/2017,9881
C1006,3/1/2017,10718
C1006,4/1/2017,10190
C1006,5/1/2017,8633
C1006,6/1/2017,6654
C1006,7/1/2017,7959
C1008,1/1/2013,10909
C1008,2/1/2013,10325
C1008,3/1/2013,11929
C1008,4/1/2013,11365
C1008,5/1/2013,12028
C1008,6/1/2013,11804
C1008,7/1/2013,11560
C1008,8/1/2013,11431
C1008,9/1/2013,11732
C1008,10/1/2013,12044
C1008,11/1/2013,13000
C1008,12/1/2013,11508
C1008,1/1/2014,10631
C1008,2/1/2014,10615
C1008,3/1/2014,12219
C1008,4/1/2014,11407
C1008,5/1/2014,11761
C1008,6/1/2014,10115
C1008,7/1/2014,11005
C1008,8/1/2014,11960
C1008,9/1/2014,11924
C1008,10/1/2014,11771
C1008,11/1/2014,13374
C1008,12/1/2014,11312
C1008,1/1/2015,12189
C1008,2/1/2015,10911
C1008,3/1/2015,14286
C1008,4/1/2015,15127
C1008,5/1/2015,35981
C1008,6/1/2015,42928
C1008,7/1/2015,49714
C1008,8/1/2015,47961
C1008,9/1/2015,45294
C1008,10/1/2015,46633
C1008,11/1/2015,52107
C1008,12/1/2015,46019
C1008,1/1/2016,49839
C1008,2/1/2016,45292
C1008,3/1/2016,47134
C1008,4/1/2016,63797
C1008,5/1/2016,48930
C1008,6/1/2016,41396
C1008,7/1/2016,47495
C1008,8/1/2016,41126
C1008,9/1/2016,36128
C1008,10/1/2016,39904
C1008,11/1/2016,35643
C1008,12/1/2016,41855
C1008,1/1/2017,43485
C1008,2/1/2017,37335
C1008,3/1/2017,42070
C1008,4/1/2017,43215
C1008,5/1/2017,43846
C1008,6/1/2017,43125
C1008,7/1/2017,50086
C1010,1/1/2013,69791
C1010,2/1/2013,66176
C1010,3/1/2013,74812
C1010,4/1/2013,73269
C1010,5/1/2013,76844
C1010,6/1/2013,75097
C1010,7/1/2013,77101
C1010,8/1/2013,76853
C1010,9/1/2013,76897
C1010,10/1/2013,78315
C1010,11/1/2013,77389
C1010,12/1/2013,93741
C1010,1/1/2014,68866
C1010,2/1/2014,65907
C1010,3/1/2014,76732
C1010,4/1/2014,70362
C1010,5/1/2014,69892
C1010,6/1/2014,72901
C1010,7/1/2014,74808
C1010,8/1/2014,81340
C1010,9/1/2014,76374
C1010,10/1/2014,83093
C1010,11/1/2014,85849
C1010,12/1/2014,131434
C1010,1/1/2015,84434
C1010,2/1/2015,79113
C1010,3/1/2015,90629
C1010,4/1/2015,92149
C1010,5/1/2015,98140
C1010,6/1/2015,96685
C1010,7/1/2015,94789
C1010,8/1/2015,92394
C1010,9/1/2015,93340
C1010,10/1/2015,92942
C1010,11/1/2015,91120
C1010,12/1/2015,125616
C1010,1/1/2016,85737
C1010,2/1/2016,81873
C1010,3/1/2016,89502
C1010,4/1/2016,144571
C1010,5/1/2016,104662
C1010,6/1/2016,85619
C1010,7/1/2016,86865
C1010,8/1/2016,81668
C1010,9/1/2016,86035
C1010,10/1/2016,109408
C1010,11/1/2016,120369
C1010,12/1/2016,153908
C1010,1/1/2017,110619
C1010,2/1/2017,99344
C1010,3/1/2017,112832
C1010,4/1/2017,117284
C1010,5/1/2017,123938
C1010,6/1/2017,113642
C1010,7/1/2017,137171
C1012,1/1/2013,68872
C1012,2/1/2013,64942
C1012,3/1/2013,76677
C1012,4/1/2013,74091
C1012,5/1/2013,74658
C1012,6/1/2013,76148
C1012,7/1/2013,74635
C1012,8/1/2013,77503
C1012,9/1/2013,79878
C1012,10/1/2013,76104
C1012,11/1/2013,75489
C1012,12/1/2013,104090
C1012,1/1/2014,74113
C1012,2/1/2014,71569
C1012,3/1/2014,82639
C1012,4/1/2014,73350
C1012,5/1/2014,82602
C1012,6/1/2014,78168
C1012,7/1/2014,75740
C1012,8/1/2014,78417
C1012,9/1/2014,75819
C1012,10/1/2014,78783
C1012,11/1/2014,78961
C1012,12/1/2014,99234
C1012,1/1/2015,77068
C1012,2/1/2015,72188
C1012,3/1/2015,81811
C1012,4/1/2015,74593
C1012,5/1/2015,86465
C1012,6/1/2015,78957
C1012,7/1/2015,82241
C1012,8/1/2015,88186
C1012,9/1/2015,88042
C1012,10/1/2015,87702
C1012,11/1/2015,91959
C1012,12/1/2015,101144
C1012,1/1/2016,78570
C1012,2/1/2016,71471
C1012,3/1/2016,79137
C1012,4/1/2016,113116
C1012,5/1/2016,86489
C1012,6/1/2016,70456
C1012,7/1/2016,75917
C1012,8/1/2016,72140
C1012,9/1/2016,71948
C1012,10/1/2016,78366
C1012,11/1/2016,82425
C1012,12/1/2016,99414
C1012,1/1/2017,72391
C1012,2/1/2017,66517
C1012,3/1/2017,75801
C1012,4/1/2017,78825
C1012,5/1/2017,73495
C1012,6/1/2017,70434
C1012,7/1/2017,74698
C1013,1/1/2013,13181
C1013,2/1/2013,12211
C1013,3/1/2013,12218
C1013,4/1/2013,12278
C1013,5/1/2013,14132
C1013,6/1/2013,13529
C1013,7/1/2013,11699
C1013,8/1/2013,9983
C1013,9/1/2013,7519
C1013,10/1/2013,10941
C1013,11/1/2013,15039
C1013,12/1/2013,17701
C1013,1/1/2014,10231
C1013,2/1/2014,11305
C1013,3/1/2014,11752
C1013,4/1/2014,11896
C1013,5/1/2014,7818
C1013,6/1/2014,10458
C1013,7/1/2014,11959
C1013,8/1/2014,10914
C1013,9/1/2014,9813
C1013,10/1/2014,12486
C1013,11/1/2014,13013
C1013,12/1/2014,24703
C1013,1/1/2015,12826
C1013,2/1/2015,11039
C1013,3/1/2015,12626
C1013,4/1/2015,11850
C1013,5/1/2015,9623
C1013,6/1/2015,12130
C1013,7/1/2015,12140
C1013,8/1/2015,11615
C1013,9/1/2015,10685
C1013,10/1/2015,9654
C1013,11/1/2015,1286
C1013,12/1/2015,17816
C1013,1/1/2016,7658
C1013,2/1/2016,7610
C1013,3/1/2016,8159
C1013,4/1/2016,20335
C1013,5/1/2016,30677
C1013,6/1/2016,10319
C1013,7/1/2016,10904
C1013,8/1/2016,10150
C1013,9/1/2016,9789
C1013,10/1/2016,10980
C1013,11/1/2016,10769
C1013,12/1/2016,23171
C1013,1/1/2017,10888
C1013,2/1/2017,9924
C1013,3/1/2017,11667
C1013,4/1/2017,10764
C1013,5/1/2017,16277
C1013,6/1/2017,10822
C1013,7/1/2017,11014
C1014,1/1/2013,262625
C1014,2/1/2013,261209
C1014,3/1/2013,311927
C1014,4/1/2013,294266
C1014,5/1/2013,305610
C1014,6/1/2013,310888
C1014,7/1/2013,299706
C1014,8/1/2013,295656
C1014,9/1/2013,288227
C1014,10/1/2013,288381
C1014,11/1/2013,284165
C1014,12/1/2013,349978
C1014,1/1/2014,302163
C1014,2/1/2014,264199
C1014,3/1/2014,345750
C1014,4/1/2014,263976
C1014,5/1/2014,270022
C1014,6/1/2014,275270
C1014,7/1/2014,318903
C1014,8/1/2014,273727
C1014,9/1/2014,311458
C1014,10/1/2014,333806
C1014,11/1/2014,334641
C1014,12/1/2014,406357
C1014,1/1/2015,297880
C1014,2/1/2015,291309
C1014,3/1/2015,340960
C1014,4/1/2015,324200
C1014,5/1/2015,347976
C1014,6/1/2015,324125
C1014,7/1/2015,337416
C1014,8/1/2015,355779
C1014,9/1/2015,336528
C1014,10/1/2015,342339
C1014,11/1/2015,328473
C1014,12/1/2015,392984
C1014,1/1/2016,302334
C1014,2/1/2016,295519
C1014,3/1/2016,317022
C1014,4/1/2016,416542
C1014,5/1/2016,353754
C1014,6/1/2016,310300
C1014,7/1/2016,332936
C1014,8/1/2016,327966
C1014,9/1/2016,349746
C1014,10/1/2016,368132
C1014,11/1/2016,356371
C1014,12/1/2016,408398
C1014,1/1/2017,311354
C1014,2/1/2017,304673
C1014,3/1/2017,339453
C1014,4/1/2017,344970
C1014,5/1/2017,340847
C1014,6/1/2017,320523
C1014,7/1/2017,340431
C1016,1/1/2013,358216
C1016,2/1/2013,321158
C1016,3/1/2013,369151
C1016,4/1/2013,350735
C1016,5/1/2013,395277
C1016,6/1/2013,408048
C1016,7/1/2013,382785
C1016,8/1/2013,408279
C1016,9/1/2013,391730
C1016,10/1/2013,390384
C1016,11/1/2013,387374
C1016,12/1/2013,376463
C1016,1/1/2014,396104
C1016,2/1/2014,376161
C1016,3/1/2014,434991
C1016,4/1/2014,377596
C1016,5/1/2014,397036
C1016,6/1/2014,414583
C1016,7/1/2014,383488
C1016,8/1/2014,399523
C1016,9/1/2014,429563
C1016,10/1/2014,399347
C1016,11/1/2014,404446
C1016,12/1/2014,439557
C1016,1/1/2015,468852
C1016,2/1/2015,410474
C1016,3/1/2015,454129
C1016,4/1/2015,440432
C1016,5/1/2015,503691
C1016,6/1/2015,468407
C1016,7/1/2015,567178
C1016,8/1/2015,620872
C1016,9/1/2015,647508
C1016,10/1/2015,649747
C1016,11/1/2015,639808
C1016,12/1/2015,621737
C1016,1/1/2016,709715
C1016,2/1/2016,655389
C1016,3/1/2016,693251
C1016,4/1/2016,706723
C1016,5/1/2016,736706
C1016,6/1/2016,718357
C1016,7/1/2016,728137
C1016,8/1/2016,685644
C1016,9/1/2016,711525
C1016,10/1/2016,761773
C1016,11/1/2016,747989
C1016,12/1/2016,862268
C1016,1/1/2017,886174
C1016,2/1/2017,822703
C1016,3/1/2017,958033
C1016,4/1/2017,928015
C1016,5/1/2017,939931
C1016,6/1/2017,947848
C1016,7/1/2017,934025
C1018,9/1/2015,236
C1018,10/1/2015,287
C1018,11/1/2015,218
C1018,12/1/2015,203
C1018,1/1/2016,239
C1018,2/1/2016,171
C1018,3/1/2016,185
C1018,4/1/2016,170
C1018,5/1/2016,187
C1018,6/1/2016,153
C1018,7/1/2016,190
C1018,8/1/2016,179
C1018,9/1/2016,191
C1018,10/1/2016,127
C1018,11/1/2016,150
C1018,12/1/2016,168
C1018,1/1/2017,159
C1018,2/1/2017,174
C1018,3/1/2017,152
C1018,4/1/2017,118
C1018,5/1/2017,47
C1018,6/1/2017,80
C1018,7/1/2017,135
C1022,1/1/2013,35954
C1022,2/1/2013,31747
C1022,3/1/2013,37653
C1022,4/1/2013,37910
C1022,5/1/2013,45048
C1022,6/1/2013,43164
C1022,7/1/2013,58245
C1022,8/1/2013,95255
C1022,9/1/2013,101576
C1022,10/1/2013,99611
C1022,11/1/2013,104013
C1022,12/1/2013,143205
C1022,1/1/2014,124400
C1022,2/1/2014,120515
C1022,3/1/2014,137373
C1022,4/1/2014,123852
C1022,5/1/2014,131898
C1022,6/1/2014,129141
C1022,7/1/2014,125362
C1022,8/1/2014,129417
C1022,9/1/2014,121305
C1022,10/1/2014,119136
C1022,11/1/2014,128152
C1022,12/1/2014,136827
C1022,1/1/2015,122233
C1022,2/1/2015,115809
C1022,3/1/2015,150764
C1022,4/1/2015,141030
C1022,5/1/2015,135012
C1022,6/1/2015,143929
C1022,7/1/2015,154126
C1022,8/1/2015,152364
C1022,9/1/2015,146378
C1022,10/1/2015,146111
C1022,11/1/2015,147321
C1022,12/1/2015,174954
C1022,1/1/2016,158485
C1022,2/1/2016,139113
C1022,3/1/2016,145648
C1022,4/1/2016,153733
C1022,5/1/2016,150830
C1022,6/1/2016,143350
C1022,7/1/2016,142530
C1022,8/1/2016,144987
C1022,9/1/2016,141356
C1022,10/1/2016,159655
C1022,11/1/2016,197369
C1022,12/1/2016,224280
C1022,1/1/2017,178485
C1022,2/1/2017,171730
C1022,3/1/2017,315826
C1022,4/1/2017,184830
C1022,5/1/2017,409572
C1022,6/1/2017,241751
C1022,7/1/2017,183259
C1024,1/1/2013,10055
C1024,2/1/2013,9605
C1024,3/1/2013,11775
C1024,4/1/2013,11714
C1024,5/1/2013,11127
C1024,6/1/2013,8397
C1024,7/1/2013,5920
C1024,8/1/2013,8187
C1024,9/1/2013,10026
C1024,10/1/2013,10013
C1024,11/1/2013,9521
C1024,12/1/2013,12328
C1024,1/1/2014,10234
C1024,2/1/2014,9448
C1024,3/1/2014,10883
C1024,4/1/2014,9300
C1024,5/1/2014,6167
C1024,6/1/2014,12175
C1024,7/1/2014,14143
C1024,8/1/2014,16275
C1024,9/1/2014,16908
C1024,10/1/2014,14802
C1024,11/1/2014,23572
C1024,12/1/2014,23038
C1024,1/1/2015,15341
C1024,2/1/2015,13363
C1024,3/1/2015,16658
C1024,4/1/2015,14239
C1024,5/1/2015,14821
C1024,6/1/2015,13176
C1024,7/1/2015,13356
C1024,8/1/2015,14186
C1024,9/1/2015,12975
C1024,10/1/2015,13023
C1024,11/1/2015,12137
C1024,12/1/2015,14738
C1024,1/1/2016,12027
C1024,2/1/2016,11766
C1024,3/1/2016,11801
C1024,4/1/2016,12079
C1024,5/1/2016,12142
C1024,6/1/2016,10652
C1024,7/1/2016,12984
C1024,8/1/2016,12395
C1024,9/1/2016,11624
C1024,10/1/2016,11823
C1024,11/1/2016,12357
C1024,12/1/2016,17735
C1024,1/1/2017,13400
C1024,2/1/2017,11637
C1024,3/1/2017,13850
C1024,4/1/2017,12530
C1024,5/1/2017,12730
C1024,6/1/2017,12475
C1024,7/1/2017,14393
C1025,1/1/2013,4051
C1025,2/1/2013,3272
C1025,3/1/2013,3988
C1025,4/1/2013,4225
C1025,5/1/2013,4637
C1025,6/1/2013,5708
C1025,7/1/2013,6300
C1025,8/1/2013,5912
C1025,9/1/2013,5027
C1025,10/1/2013,4031
C1025,11/1/2013,4491
C1025,12/1/2013,6146
C1025,1/1/2014,4845
C1025,2/1/2014,4789
C1025,3/1/2014,5489
C1025,4/1/2014,5162
C1025,5/1/2014,7011
C1025,6/1/2014,8274
C1025,7/1/2014,8835
C1025,8/1/2014,2174
C1025,9/1/2014,371
C1025,10/1/2014,246
C1025,11/1/2014,137
C1025,12/1/2014,4863
C1025,1/1/2015,5012
C1025,2/1/2015,4202
C1025,3/1/2015,5599
C1025,4/1/2015,4945
C1025,5/1/2015,4634
C1025,6/1/2015,4679
C1025,7/1/2015,4868
C1025,8/1/2015,5005
C1025,9/1/2015,4585
C1025,10/1/2015,5020
C1025,11/1/2015,4869
C1025,12/1/2015,6260
C1025,1/1/2016,5110
C1025,2/1/2016,5063
C1025,3/1/2016,5658
C1025,4/1/2016,5764
C1025,5/1/2016,6687
C1025,6/1/2016,4665
C1025,7/1/2016,1035
C1025,8/1/2016,1101
C1025,9/1/2016,1862
C1025,10/1/2016,2139
C1025,11/1/2016,5571
C1025,12/1/2016,5900
C1025,1/1/2017,5099
C1025,2/1/2017,5402
C1025,3/1/2017,3703
C1025,4/1/2017,1688
C1025,5/1/2017,2507
C1025,6/1/2017,579
C1025,7/1/2017,680
C1026,1/1/2013,101625
C1026,2/1/2013,96907
C1026,3/1/2013,120937
C1026,4/1/2013,112014
C1026,5/1/2013,124609
C1026,6/1/2013,126874
C1026,7/1/2013,121488
C1026,8/1/2013,128105
C1026,9/1/2013,151451
C1026,10/1/2013,158772
C1026,11/1/2013,157533
C1026,12/1/2013,143951
C1026,1/1/2014,160934
C1026,2/1/2014,148802
C1026,3/1/2014,164634
C1026,4/1/2014,150904
C1026,5/1/2014,163617
C1026,6/1/2014,157865
C1026,7/1/2014,166236
C1026,8/1/2014,168917
C1026,9/1/2014,185388
C1026,10/1/2014,185976
C1026,11/1/2014,189405
C1026,12/1/2014,170170
C1026,1/1/2015,188523
C1026,2/1/2015,162524
C1026,3/1/2015,189193
C1026,4/1/2015,176193
C1026,5/1/2015,224229
C1026,6/1/2015,191255
C1026,7/1/2015,194405
C1026,8/1/2015,207034
C1026,9/1/2015,210090
C1026,10/1/2015,208989
C1026,11/1/2015,198448
C1026,12/1/2015,174865
C1026,1/1/2016,197279
C1026,2/1/2016,175615
C1026,3/1/2016,193782
C1026,4/1/2016,224091
C1026,5/1/2016,229557
C1026,6/1/2016,199445
C1026,7/1/2016,198466
C1026,8/1/2016,186598
C1026,9/1/2016,196145
C1026,10/1/2016,201632
C1026,11/1/2016,219217
C1026,12/1/2016,192517
C1026,1/1/2017,229739
C1026,2/1/2017,188013
C1026,3/1/2017,199768
C1026,4/1/2017,232612
C1026,5/1/2017,228307
C1026,6/1/2017,239717
C1026,7/1/2017,226819
C1027,1/1/2013,809
C1027,2/1/2013,678
C1027,3/1/2013,843
C1027,4/1/2013,892
C1027,5/1/2013,706
C1027,6/1/2013,604
C1027,7/1/2013,602
C1027,8/1/2013,513
C1027,9/1/2013,638
C1027,10/1/2013,589
C1027,11/1/2013,632
C1027,12/1/2013,426
C1027,1/1/2014,676
C1027,2/1/2014,586
C1027,3/1/2014,695
C1027,4/1/2014,705
C1027,5/1/2014,738
C1027,6/1/2014,491
C1027,7/1/2014,360
C1027,8/1/2014,969
C1027,9/1/2014,1030
C1027,10/1/2014,918
C1027,11/1/2014,845
C1027,12/1/2014,703
C1027,1/1/2015,679
C1027,2/1/2015,539
C1027,3/1/2015,793
C1027,4/1/2015,803
C1027,5/1/2015,796
C1027,6/1/2015,890
C1027,7/1/2015,233
C1027,8/1/2015,41
C1027,9/1/2015,233
C1027,10/1/2015,440
C1027,11/1/2015,473
C1027,12/1/2015,409
C1027,1/1/2016,291
C1027,2/1/2016,215
C1027,3/1/2016,159
C1027,4/1/2016,68
C1027,5/1/2016,11
C1027,6/1/2016,1
C1027,7/1/2016,29
C1027,8/1/2016,109
C1027,9/1/2016,137
C1027,10/1/2016,170
C1027,11/1/2016,146
C1027,12/1/2016,248
C1027,1/1/2017,205
C1027,2/1/2017,209
C1027,3/1/2017,208
C1027,4/1/2017,168
C1027,5/1/2017,234
C1027,6/1/2017,844
C1027,7/1/2017,1000
C1028,1/1/2013,58105
C1028,2/1/2013,73336
C1028,3/1/2013,84221
C1028,4/1/2013,73316
C1028,5/1/2013,92780
C1028,6/1/2013,85998
C1028,7/1/2013,95715
C1028,8/1/2013,99906
C1028,9/1/2013,103236
C1028,10/1/2013,108047
C1028,11/1/2013,118734
C1028,12/1/2013,223161
C1028,1/1/2014,94759
C1028,2/1/2014,120198
C1028,3/1/2014,118263
C1028,4/1/2014,120947
C1028,5/1/2014,136822
C1028,6/1/2014,119092
C1028,7/1/2014,118786
C1028,8/1/2014,121771
C1028,9/1/2014,104324
C1028,10/1/2014,114598
C1028,11/1/2014,114450
C1028,12/1/2014,265453
C1028,1/1/2015,104340
C1028,2/1/2015,123340
C1028,3/1/2015,130932
C1028,4/1/2015,132391
C1028,5/1/2015,158274
C1028,6/1/2015,132094
C1028,7/1/2015,136931
C1028,8/1/2015,136581
C1028,9/1/2015,115845
C1028,10/1/2015,133069
C1028,11/1/2015,133690
C1028,12/1/2015,248048
C1028,1/1/2016,108521
C1028,2/1/2016,126407
C1028,3/1/2016,126446
C1028,4/1/2016,132589
C1028,5/1/2016,150513
C1028,6/1/2016,144998
C1028,7/1/2016,139286
C1028,8/1/2016,125446
C1028,9/1/2016,132809
C1028,10/1/2016,133830
C1028,11/1/2016,190430
C1028,12/1/2016,313973
C1028,1/1/2017,135485
C1028,2/1/2017,181763
C1028,3/1/2017,212362
C1028,4/1/2017,194358
C1028,5/1/2017,232772
C1028,6/1/2017,171088
C1028,7/1/2017,182271
C1029,1/1/2013,718
C1029,2/1/2013,1081
C1029,3/1/2013,1020
C1029,4/1/2013,982
C1029,5/1/2013,831
C1029,6/1/2013,725
C1029,7/1/2013,669
C1029,8/1/2013,331
C1029,9/1/2013,20
C1029,10/1/2013,478
C1029,11/1/2013,836
C1029,12/1/2013,2230
C1029,1/1/2014,765
C1029,2/1/2014,1126
C1029,3/1/2014,1187
C1029,4/1/2014,1029
C1029,5/1/2014,1033
C1029,6/1/2014,1338
C1029,7/1/2014,1319
C1029,8/1/2014,1399
C1029,9/1/2014,1115
C1029,10/1/2014,238
C1029,11/1/2014,37
C1029,12/1/2014,6
C1029,1/1/2015,737
C1029,2/1/2015,1163
C1029,3/1/2015,1292
C1029,4/1/2015,151
C1029,5/1/2015,31
C1029,6/1/2015,17
C1029,7/1/2015,6
C1029,8/1/2015,2
C1029,9/1/2015,454
C1029,10/1/2015,941
C1029,11/1/2015,660
C1029,12/1/2015,1188
C1029,1/1/2016,467
C1029,2/1/2016,599
C1029,3/1/2016,607
C1029,4/1/2016,628
C1029,5/1/2016,606
C1029,6/1/2016,595
C1029,7/1/2016,568
C1029,8/1/2016,688
C1029,9/1/2016,701
C1029,10/1/2016,697
C1029,11/1/2016,537
C1029,12/1/2016,1047
C1029,1/1/2017,532
C1029,2/1/2017,594
C1029,3/1/2017,237
C1029,4/1/2017,98
C1029,5/1/2017,48
C1029,6/1/2017,170
C1029,7/1/2017,846
C1030,1/1/2013,29936
C1030,2/1/2013,30498
C1030,3/1/2013,36473
C1030,4/1/2013,36490
C1030,5/1/2013,44793
C1030,6/1/2013,40171
C1030,7/1/2013,40309
C1030,8/1/2013,39592
C1030,9/1/2013,35353
C1030,10/1/2013,38246
C1030,11/1/2013,51363
C1030,12/1/2013,392282
C1030,1/1/2014,62031
C1030,2/1/2014,30974
C1030,3/1/2014,64684
C1030,4/1/2014,35584
C1030,5/1/2014,41729
C1030,6/1/2014,39602
C1030,7/1/2014,69101
C1030,8/1/2014,48701
C1030,9/1/2014,57554
C1030,10/1/2014,63712
C1030,11/1/2014,85839
C1030,12/1/2014,502580
C1030,1/1/2015,62733
C1030,2/1/2015,67506
C1030,3/1/2015,76903
C1030,4/1/2015,81023
C1030,5/1/2015,93079
C1030,6/1/2015,85190
C1030,7/1/2015,92194
C1030,8/1/2015,91286
C1030,9/1/2015,80956
C1030,10/1/2015,96175
C1030,11/1/2015,112914
C1030,12/1/2015,490547
C1030,1/1/2016,70601
C1030,2/1/2016,76942
C1030,3/1/2016,81738
C1030,4/1/2016,89401
C1030,5/1/2016,93475
C1030,6/1/2016,86928
C1030,7/1/2016,98590
C1030,8/1/2016,92526
C1030,9/1/2016,87321
C1030,10/1/2016,94571
C1030,11/1/2016,94919
C1030,12/1/2016,468487
C1030,1/1/2017,80814
C1030,2/1/2017,86434
C1030,3/1/2017,94147
C1030,4/1/2017,98451
C1030,5/1/2017,103393
C1030,6/1/2017,99713
C1030,7/1/2017,105973
C1032,1/1/2013,139074
C1032,2/1/2013,132949
C1032,3/1/2013,151906
C1032,4/1/2013,138062
C1032,5/1/2013,146914
C1032,6/1/2013,148292
C1032,7/1/2013,147390
C1032,8/1/2013,149418
C1032,9/1/2013,145083
C1032,10/1/2013,160416
C1032,11/1/2013,143407
C1032,12/1/2013,213723
C1032,1/1/2014,140999
C1032,2/1/2014,133851
C1032,3/1/2014,158561
C1032,4/1/2014,143503
C1032,5/1/2014,144641
C1032,6/1/2014,141427
C1032,7/1/2014,144634
C1032,8/1/2014,150241
C1032,9/1/2014,145689
C1032,10/1/2014,171481
C1032,11/1/2014,155465
C1032,12/1/2014,222342
C1032,1/1/2015,153205
C1032,2/1/2015,140581
C1032,3/1/2015,160187
C1032,4/1/2015,153408
C1032,5/1/2015,159850
C1032,6/1/2015,149355
C1032,7/1/2015,158966
C1032,8/1/2015,166216
C1032,9/1/2015,153697
C1032,10/1/2015,331065
C1032,11/1/2015,304234
C1032,12/1/2015,419073
C1032,1/1/2016,319600
C1032,2/1/2016,289056
C1032,3/1/2016,313036
C1032,4/1/2016,318167
C1032,5/1/2016,313636
C1032,6/1/2016,292829
C1032,7/1/2016,311453
C1032,8/1/2016,286860
C1032,9/1/2016,283145
C1032,10/1/2016,320260
C1032,11/1/2016,317367
C1032,12/1/2016,439911
C1032,1/1/2017,311469
C1032,2/1/2017,290855
C1032,3/1/2017,338723
C1032,4/1/2017,358720
C1032,5/1/2017,324626
C1032,6/1/2017,324061
C1032,7/1/2017,342338
C1033,1/1/2013,106
C1033,2/1/2013,126
C1033,3/1/2013,144
C1033,4/1/2013,136
C1033,5/1/2013,133
C1033,6/1/2013,136
C1033,7/1/2013,127
C1033,8/1/2013,138
C1033,9/1/2013,141
C1033,10/1/2013,191
C1033,11/1/2013,305
C1033,12/1/2013,643
C1033,1/1/2014,402
C1033,2/1/2014,363
C1033,3/1/2014,486
C1033,4/1/2014,286
C1033,5/1/2014,69
C1033,6/1/2014,37
C1033,7/1/2014,7
C1033,8/1/2014,7
C1033,9/1/2014,1
C1033,11/1/2014,1
C1033,12/1/2014,442
C1033,1/1/2015,513
C1033,2/1/2015,573
C1033,3/1/2015,649
C1033,4/1/2015,459
C1033,5/1/2015,554
C1033,6/1/2015,489
C1033,7/1/2015,434
C1033,8/1/2015,424
C1033,9/1/2015,422
C1033,10/1/2015,328
C1033,11/1/2015,319
C1033,12/1/2015,691
C1033,1/1/2016,661
C1033,2/1/2016,299
C1033,3/1/2016,257
C1033,4/1/2016,491
C1033,5/1/2016,377
C1033,6/1/2016,340
C1033,7/1/2016,399
C1033,8/1/2016,458
C1033,9/1/2016,691
C1033,10/1/2016,558
C1033,11/1/2016,638
C1033,12/1/2016,1014
C1033,1/1/2017,785
C1033,2/1/2017,708
C1033,3/1/2017,601
C1033,4/1/2017,527
C1033,5/1/2017,493
C1033,6/1/2017,465
C1033,7/1/2017,441
C1034,1/1/2013,174896
C1034,2/1/2013,171435
C1034,3/1/2013,199724
C1034,4/1/2013,192055
C1034,5/1/2013,206386
C1034,6/1/2013,209678
C1034,7/1/2013,198166
C1034,8/1/2013,201004
C1034,9/1/2013,202021
C1034,10/1/2013,205828
C1034,11/1/2013,206300
C1034,12/1/2013,249579
C1034,1/1/2014,211874
C1034,2/1/2014,197776
C1034,3/1/2014,226430
C1034,4/1/2014,204543
C1034,5/1/2014,217585
C1034,6/1/2014,219623
C1034,7/1/2014,227547
C1034,8/1/2014,234910
C1034,9/1/2014,227484
C1034,10/1/2014,229565
C1034,11/1/2014,246056
C1034,12/1/2014,281116
C1034,1/1/2015,225680
C1034,2/1/2015,211609
C1034,3/1/2015,245793
C1034,4/1/2015,226515
C1034,5/1/2015,242252
C1034,6/1/2015,223602
C1034,7/1/2015,233938
C1034,8/1/2015,255259
C1034,9/1/2015,238584
C1034,10/1/2015,401500
C1034,11/1/2015,407620
C1034,12/1/2015,502151
C1034,1/1/2016,437582
C1034,2/1/2016,403106
C1034,3/1/2016,435063
C1034,4/1/2016,591056
C1034,5/1/2016,498652
C1034,6/1/2016,404472
C1034,7/1/2016,443084
C1034,8/1/2016,413053
C1034,9/1/2016,412309
C1034,10/1/2016,444089
C1034,11/1/2016,469739
C1034,12/1/2016,529866
C1034,1/1/2017,487938
C1034,2/1/2017,430866
C1034,3/1/2017,473905
C1034,4/1/2017,469295
C1034,5/1/2017,474854
C1034,6/1/2017,467239
C1034,7/1/2017,530534
C1035,1/1/2013,11375
C1035,2/1/2013,9964
C1035,3/1/2013,10860
C1035,4/1/2013,10367
C1035,5/1/2013,10916
C1035,6/1/2013,10637
C1035,7/1/2013,12349
C1035,8/1/2013,10890
C1035,9/1/2013,10454
C1035,10/1/2013,10344
C1035,11/1/2013,10492
C1035,12/1/2013,11401
C1035,1/1/2014,11893
C1035,2/1/2014,10670
C1035,3/1/2014,11523
C1035,4/1/2014,10474
C1035,5/1/2014,9817
C1035,6/1/2014,9847
C1035,7/1/2014,9552
C1035,8/1/2014,9868
C1035,9/1/2014,11669
C1035,10/1/2014,12582
C1035,11/1/2014,11041
C1035,12/1/2014,2799
C1035,1/1/2015,11568
C1035,2/1/2015,9882
C1035,3/1/2015,16143
C1035,4/1/2015,7264
C1035,5/1/2015,5464
C1035,6/1/2015,6712
C1035,7/1/2015,5516
C1035,8/1/2015,7196
C1035,9/1/2015,10062
C1035,10/1/2015,9244
C1035,11/1/2015,9150
C1035,12/1/2015,10042
C1035,1/1/2016,11574
C1035,2/1/2016,8634
C1035,3/1/2016,8971
C1035,4/1/2016,10843
C1035,5/1/2016,12931
C1035,6/1/2016,12316
C1035,7/1/2016,13420
C1035,8/1/2016,10235
C1035,9/1/2016,9068
C1035,10/1/2016,9683
C1035,11/1/2016,9584
C1035,12/1/2016,10515
C1035,1/1/2017,10854
C1035,2/1/2017,9485
C1035,3/1/2017,10732
C1035,4/1/2017,9034
C1035,5/1/2017,7826
C1035,6/1/2017,10106
C1035,7/1/2017,5040
C1036,1/1/2013,0
C1036,2/1/2013,31546
C1036,3/1/2013,42705
C1036,4/1/2013,42283
C1036,5/1/2013,44397
C1036,6/1/2013,47741
C1036,7/1/2013,45111
C1036,8/1/2013,46350
C1036,9/1/2013,49590
C1036,10/1/2013,51771
C1036,11/1/2013,55097
C1036,12/1/2013,110844
C1036,1/1/2014,47763
C1036,2/1/2014,48307
C1036,3/1/2014,54724
C1036,4/1/2014,49238
C1036,5/1/2014,51402
C1036,6/1/2014,57000
C1036,7/1/2014,59123
C1036,8/1/2014,65909
C1036,9/1/2014,68338
C1036,10/1/2014,64301
C1036,11/1/2014,71319
C1036,12/1/2014,118937
C1036,1/1/2015,55177
C1036,2/1/2015,53116
C1036,3/1/2015,65827
C1036,4/1/2015,62456
C1036,5/1/2015,70276
C1036,6/1/2015,65384
C1036,7/1/2015,62646
C1036,8/1/2015,66737
C1036,9/1/2015,66048
C1036,10/1/2015,65266
C1036,11/1/2015,66456
C1036,12/1/2015,138979
C1036,1/1/2016,58878
C1036,2/1/2016,52952
C1036,3/1/2016,59702
C1036,4/1/2016,64958
C1036,5/1/2016,70523
C1036,6/1/2016,62186
C1036,7/1/2016,62715
C1036,8/1/2016,59415
C1036,9/1/2016,62031
C1036,10/1/2016,79939
C1036,11/1/2016,70372
C1036,12/1/2016,167556
C1036,1/1/2017,76937
C1036,2/1/2017,58252
C1036,3/1/2017,68175
C1036,4/1/2017,68279
C1036,5/1/2017,73794
C1036,6/1/2017,70965
C1036,7/1/2017,77860
C1038,1/1/2013,14212
C1038,2/1/2013,11424
C1038,3/1/2013,13432
C1038,4/1/2013,13078
C1038,5/1/2013,14356
C1038,6/1/2013,17142
C1038,7/1/2013,17377
C1038,8/1/2013,13449
C1038,9/1/2013,10185
C1038,10/1/2013,10455
C1038,11/1/2013,11432
C1038,12/1/2013,31873
C1038,1/1/2014,11997
C1038,2/1/2014,9787
C1038,3/1/2014,9037
C1038,4/1/2014,7863
C1038,5/1/2014,9472
C1038,6/1/2014,14928
C1038,7/1/2014,23856
C1038,8/1/2014,26547
C1038,9/1/2014,19960
C1038,10/1/2014,18338
C1038,11/1/2014,21364
C1038,12/1/2014,45749
C1038,1/1/2015,12426
C1038,2/1/2015,12485
C1038,3/1/2015,15622
C1038,4/1/2015,15469
C1038,5/1/2015,17695
C1038,6/1/2015,14329
C1038,7/1/2015,14573
C1038,8/1/2015,17184
C1038,9/1/2015,15990
C1038,10/1/2015,17959
C1038,11/1/2015,14598
C1038,12/1/2015,32284
C1038,1/1/2016,11957
C1038,2/1/2016,12719
C1038,3/1/2016,13801
C1038,4/1/2016,15707
C1038,5/1/2016,15949
C1038,6/1/2016,13253
C1038,7/1/2016,14066
C1038,8/1/2016,13801
C1038,9/1/2016,12980
C1038,10/1/2016,13319
C1038,11/1/2016,16821
C1038,12/1/2016,42011
C1038,1/1/2017,17092
C1038,2/1/2017,11680
C1038,3/1/2017,17091
C1038,4/1/2017,19244
C1038,5/1/2017,18969
C1038,6/1/2017,18513
C1038,7/1/2017,23531
C1039,1/1/2013,13270
C1039,2/1/2013,16901
C1039,3/1/2013,21133
C1039,4/1/2013,16743
C1039,5/1/2013,21890
C1039,6/1/2013,22862
C1039,7/1/2013,20870
C1039,8/1/2013,21021
C1039,9/1/2013,20114
C1039,10/1/2013,23569
C1039,11/1/2013,25809
C1039,12/1/2013,83168
C1039,1/1/2014,29708
C1039,2/1/2014,19642
C1039,3/1/2014,37186
C1039,4/1/2014,25870
C1039,5/1/2014,29458
C1039,6/1/2014,22997
C1039,7/1/2014,6745
C1039,8/1/2014,2710
C1039,9/1/2014,14329
C1039,10/1/2014,26019
C1039,11/1/2014,37752
C1039,12/1/2014,120080
C1039,1/1/2015,28131
C1039,2/1/2015,25009
C1039,3/1/2015,31070
C1039,4/1/2015,28458
C1039,5/1/2015,33466
C1039,6/1/2015,36447
C1039,7/1/2015,36209
C1039,8/1/2015,37158
C1039,9/1/2015,32931
C1039,10/1/2015,41850
C1039,11/1/2015,37883
C1039,12/1/2015,121995
C1039,1/1/2016,28857
C1039,2/1/2016,24857
C1039,3/1/2016,27605
C1039,4/1/2016,30889
C1039,5/1/2016,39007
C1039,6/1/2016,28379
C1039,7/1/2016,28171
C1039,8/1/2016,24838
C1039,9/1/2016,24012
C1039,10/1/2016,31377
C1039,11/1/2016,37134
C1039,12/1/2016,141275
C1039,1/1/2017,29449
C1039,2/1/2017,25728
C1039,3/1/2017,21273
C1039,4/1/2017,26000
C1039,5/1/2017,28143
C1039,6/1/2017,24427
C1039,7/1/2017,23530
C1040,1/1/2013,305660
C1040,2/1/2013,333989
C1040,3/1/2013,477276
C1040,4/1/2013,543071
C1040,5/1/2013,606461
C1040,6/1/2013,726745
C1040,7/1/2013,781529
C1040,8/1/2013,872438
C1040,9/1/2013,807870
C1040,10/1/2013,772763
C1040,11/1/2013,754214
C1040,12/1/2013,700554
C1040,1/1/2014,682116
C1040,2/1/2014,672729
C1040,3/1/2014,796998
C1040,4/1/2014,771408
C1040,5/1/2014,851697
C1040,6/1/2014,835199
C1040,7/1/2014,774328
C1040,8/1/2014,812665
C1040,9/1/2014,779153
C1040,10/1/2014,835650
C1040,11/1/2014,875511
C1040,12/1/2014,848945
C1040,1/1/2015,790364
C1040,2/1/2015,778351
C1040,3/1/2015,879530
C1040,4/1/2015,832303
C1040,5/1/2015,950228
C1040,6/1/2015,836630
C1040,7/1/2015,880354
C1040,8/1/2015,908929
C1040,9/1/2015,913971
C1040,10/1/2015,904169
C1040,11/1/2015,848763
C1040,12/1/2015,821480
C1040,1/1/2016,832840
C1040,2/1/2016,822861
C1040,3/1/2016,832327
C1040,4/1/2016,1015600
C1040,5/1/2016,932277
C1040,6/1/2016,845887
C1040,7/1/2016,895766
C1040,8/1/2016,811897
C1040,9/1/2016,835365
C1040,10/1/2016,940804
C1040,11/1/2016,882598
C1040,12/1/2016,911693
C1040,1/1/2017,881793
C1040,2/1/2017,814128
C1040,3/1/2017,925978
C1040,4/1/2017,956260
C1040,5/1/2017,978692
C1040,6/1/2017,969914
C1040,7/1/2017,969638
C1041,12/1/2016,1166
C1041,1/1/2017,322
C1041,2/1/2017,235
C1041,3/1/2017,216
C1041,4/1/2017,301
C1041,5/1/2017,573
C1041,6/1/2017,168
C1041,7/1/2017,93
C1042,1/1/2013,0
C1042,2/1/2013,125204
C1042,3/1/2013,146956
C1042,4/1/2013,139921
C1042,5/1/2013,155352
C1042,6/1/2013,144889
C1042,7/1/2013,132038
C1042,8/1/2013,151156
C1042,9/1/2013,149731
C1042,10/1/2013,139720
C1042,11/1/2013,144864
C1042,12/1/2013,159989
C1042,1/1/2014,147443
C1042,2/1/2014,133288
C1042,3/1/2014,160758
C1042,4/1/2014,143360
C1042,5/1/2014,163164
C1042,6/1/2014,165830
C1042,7/1/2014,146976
C1042,8/1/2014,147484
C1042,9/1/2014,137148
C1042,10/1/2014,134276
C1042,11/1/2014,165030
C1042,12/1/2014,257205
C1042,1/1/2015,226318
C1042,2/1/2015,207819
C1042,3/1/2015,262162
C1042,4/1/2015,255552
C1042,5/1/2015,280335
C1042,6/1/2015,255821
C1042,7/1/2015,269915
C1042,8/1/2015,264167
C1042,9/1/2015,258757
C1042,10/1/2015,253172
C1042,11/1/2015,243744
C1042,12/1/2015,285257
C1042,1/1/2016,247092
C1042,2/1/2016,245875
C1042,3/1/2016,242028
C1042,4/1/2016,271065
C1042,5/1/2016,283433
C1042,6/1/2016,228912
C1042,7/1/2016,250274
C1042,8/1/2016,240686
C1042,9/1/2016,242256
C1042,10/1/2016,259289
C1042,11/1/2016,250670
C1042,12/1/2016,307305
C1042,1/1/2017,245380
C1042,2/1/2017,222877
C1042,3/1/2017,340287
C1042,4/1/2017,269603
C1042,5/1/2017,265245
C1042,6/1/2017,332419
C1042,7/1/2017,265617
C1044,1/1/2013,82952
C1044,2/1/2013,79562
C1044,3/1/2013,91673
C1044,4/1/2013,78395
C1044,5/1/2013,78212
C1044,6/1/2013,85206
C1044,7/1/2013,81610
C1044,8/1/2013,81145
C1044,9/1/2013,80116
C1044,10/1/2013,81039
C1044,11/1/2013,76180
C1044,12/1/2013,79508
C1044,1/1/2014,78946
C1044,2/1/2014,76127
C1044,3/1/2014,83325
C1044,4/1/2014,81355
C1044,5/1/2014,77979
C1044,6/1/2014,73511
C1044,7/1/2014,80844
C1044,8/1/2014,82413
C1044,9/1/2014,81453
C1044,10/1/2014,78223
C1044,11/1/2014,80896
C1044,12/1/2014,95891
C1044,1/1/2015,85266
C1044,2/1/2015,76352
C1044,3/1/2015,90398
C1044,4/1/2015,80461
C1044,5/1/2015,86825
C1044,6/1/2015,85410
C1044,7/1/2015,92272
C1044,8/1/2015,95997
C1044,9/1/2015,93823
C1044,10/1/2015,108006
C1044,11/1/2015,97237
C1044,12/1/2015,109251
C1044,1/1/2016,115743
C1044,2/1/2016,104487
C1044,3/1/2016,111608
C1044,4/1/2016,152303
C1044,5/1/2016,114469
C1044,6/1/2016,108890
C1044,7/1/2016,110063
C1044,8/1/2016,99921
C1044,9/1/2016,95741
C1044,10/1/2016,99332
C1044,11/1/2016,91704
C1044,12/1/2016,102638
C1044,1/1/2017,103643
C1044,2/1/2017,91922
C1044,3/1/2017,103389
C1044,4/1/2017,104387
C1044,5/1/2017,94659
C1044,6/1/2017,91685
C1044,7/1/2017,94504
C1045,1/1/2013,201331
C1045,2/1/2013,192983
C1045,3/1/2013,229294
C1045,4/1/2013,211832
C1045,5/1/2013,219093
C1045,6/1/2013,225500
C1045,7/1/2013,216415
C1045,8/1/2013,219577
C1045,9/1/2013,218305
C1045,10/1/2013,209753
C1045,11/1/2013,206926
C1045,12/1/2013,268323
C1045,1/1/2014,209467
C1045,2/1/2014,195396
C1045,3/1/2014,216712
C1045,4/1/2014,204080
C1045,5/1/2014,219907
C1045,6/1/2014,234470
C1045,7/1/2014,228788
C1045,8/1/2014,240364
C1045,9/1/2014,217656
C1045,10/1/2014,230606
C1045,11/1/2014,234698
C1045,12/1/2014,285141
C1045,1/1/2015,223030
C1045,2/1/2015,204378
C1045,3/1/2015,246329
C1045,4/1/2015,213326
C1045,5/1/2015,240142
C1045,6/1/2015,222939
C1045,7/1/2015,213736
C1045,8/1/2015,248403
C1045,9/1/2015,230691
C1045,10/1/2015,231827
C1045,11/1/2015,226834
C1045,12/1/2015,286461
C1045,1/1/2016,228633
C1045,2/1/2016,219324
C1045,3/1/2016,242259
C1045,4/1/2016,353338
C1045,5/1/2016,254873
C1045,6/1/2016,210555
C1045,7/1/2016,228409
C1045,8/1/2016,210354
C1045,9/1/2016,199404
C1045,10/1/2016,204749
C1045,11/1/2016,203084
C1045,12/1/2016,269800
C1045,1/1/2017,211117
C1045,2/1/2017,198278
C1045,3/1/2017,226949
C1045,4/1/2017,229005
C1045,5/1/2017,228727
C1045,6/1/2017,207947
C1045,7/1/2017,216333
C1046,1/1/2014,92.33
C1046,11/1/2014,460.315
C1046,12/1/2014,1944.39
C1046,1/1/2015,132.182
C1046,2/1/2015,4.45
C1046,8/1/2015,1
C1046,11/1/2015,82.799
C1046,12/1/2015,2755.991
C1046,1/1/2016,75.688
C1046,2/1/2016,5.4750000000000005
C1046,11/1/2016,110.655
C1046,12/1/2016,1607.82
C1046,1/1/2017,67.53099999999999
C1046,3/1/2017,1.191
C1046,4/1/2017,6.118
C1046,5/1/2017,17.472
C1046,6/1/2017,5.170999999999999
C1046,7/1/2017,2.118
C1048,1/1/2013,76899
C1048,2/1/2013,76533
C1048,3/1/2013,92522
C1048,4/1/2013,86637
C1048,5/1/2013,88089
C1048,6/1/2013,88882
C1048,7/1/2013,89674
C1048,8/1/2013,91374
C1048,9/1/2013,78804
C1048,10/1/2013,66977
C1048,11/1/2013,67510
C1048,12/1/2013,83017
C1048,1/1/2014,62117
C1048,2/1/2014,60130
C1048,3/1/2014,68639
C1048,4/1/2014,64721
C1048,5/1/2014,64286
C1048,6/1/2014,63203
C1048,7/1/2014,67095
C1048,8/1/2014,89668
C1048,9/1/2014,85848
C1048,10/1/2014,93556
C1048,11/1/2014,89558
C1048,12/1/2014,115609
C1048,1/1/2015,88186
C1048,2/1/2015,84075
C1048,3/1/2015,100731
C1048,4/1/2015,97541
C1048,5/1/2015,103265
C1048,6/1/2015,93620
C1048,7/1/2015,101706
C1048,8/1/2015,107233
C1048,9/1/2015,101662
C1048,10/1/2015,115824
C1048,11/1/2015,108115
C1048,12/1/2015,132695
C1048,1/1/2016,107222
C1048,2/1/2016,106245
C1048,3/1/2016,121238
C1048,4/1/2016,132416
C1048,5/1/2016,121434
C1048,6/1/2016,106788
C1048,7/1/2016,116917
C1048,8/1/2016,109402
C1048,9/1/2016,104756
C1048,10/1/2016,113431
C1048,11/1/2016,125522
C1048,12/1/2016,146152
C1048,1/1/2017,108615
C1048,2/1/2017,102745
C1048,3/1/2017,115359
C1048,4/1/2017,117626
C1048,5/1/2017,111564
C1048,6/1/2017,110724
C1048,7/1/2017,116095
C1050,10/1/2015,29014
C1050,11/1/2015,27663
C1050,12/1/2015,28838
C1050,1/1/2016,29346
C1050,2/1/2016,25915
C1050,3/1/2016,27369
C1050,4/1/2016,27034
C1050,5/1/2016,27843
C1050,6/1/2016,23967
C1050,7/1/2016,25608
C1050,8/1/2016,24021
C1050,9/1/2016,23837
C1050,10/1/2016,26110
C1050,11/1/2016,30450
C1050,12/1/2016,26545
C1050,1/1/2017,26552
C1050,2/1/2017,21082
C1050,3/1/2017,23688
C1050,4/1/2017,24558
C1050,5/1/2017,23291
C1050,6/1/2017,22981
C1050,7/1/2017,23776
C1052,10/1/2015,30760
C1052,11/1/2015,24722
C1052,12/1/2015,26868
C1052,1/1/2016,23508
C1052,2/1/2016,23033
C1052,3/1/2016,26190
C1052,4/1/2016,26363
C1052,5/1/2016,24022
C1052,6/1/2016,22231
C1052,7/1/2016,24484
C1052,8/1/2016,21678
C1052,9/1/2016,20873
C1052,10/1/2016,28343
C1052,11/1/2016,22838
C1052,12/1/2016,26571
C1052,1/1/2017,23278
C1052,2/1/2017,22559
C1052,3/1/2017,24840
C1052,4/1/2017,24106
C1052,5/1/2017,22059
C1052,6/1/2017,20288
C1052,7/1/2017,21932
C1054,1/1/2013,5040
C1054,2/1/2013,5146
C1054,3/1/2013,6788
C1054,4/1/2013,7159
C1054,5/1/2013,6416
C1054,6/1/2013,6465
C1054,7/1/2013,5939
C1054,8/1/2013,5816
C1054,9/1/2013,5389
C1054,10/1/2013,5766
C1054,11/1/2013,5850
C1054,12/1/2013,6147
C1054,1/1/2014,4919
C1054,2/1/2014,5004
C1054,3/1/2014,5763
C1054,4/1/2014,5678
C1054,5/1/2014,7436
C1054,6/1/2014,7713
C1054,7/1/2014,7692
C1054,8/1/2014,7715
C1054,9/1/2014,6081
C1054,10/1/2014,5633
C1054,11/1/2014,5477
C1054,12/1/2014,5983
C1054,1/1/2015,5756
C1054,2/1/2015,5298
C1054,3/1/2015,6294
C1054,4/1/2015,5908
C1054,5/1/2015,6180
C1054,6/1/2015,5556
C1054,7/1/2015,5669
C1054,8/1/2015,5867
C1054,9/1/2015,5510
C1054,10/1/2015,5966
C1054,11/1/2015,5973
C1054,12/1/2015,6150
C1054,1/1/2016,5360
C1054,2/1/2016,5067
C1054,3/1/2016,6149
C1054,4/1/2016,9927
C1054,5/1/2016,8688
C1054,6/1/2016,7659
C1054,7/1/2016,10094
C1054,8/1/2016,10441
C1054,9/1/2016,10342
C1054,10/1/2016,11414
C1054,11/1/2016,10541
C1054,12/1/2016,12466
C1054,1/1/2017,10250
C1054,2/1/2017,9732
C1054,3/1/2017,10873
C1054,4/1/2017,11363
C1054,5/1/2017,10797
C1054,6/1/2017,10465
C1054,7/1/2017,10872
C1056,1/1/2013,24917
C1056,2/1/2013,24910
C1056,3/1/2013,28325
C1056,4/1/2013,26705
C1056,5/1/2013,27830
C1056,6/1/2013,27659
C1056,7/1/2013,27914
C1056,8/1/2013,27646
C1056,9/1/2013,31348
C1056,10/1/2013,56298
C1056,11/1/2013,35622
C1056,12/1/2013,33239
C1056,1/1/2014,25236
C1056,2/1/2014,24418
C1056,3/1/2014,29698
C1056,4/1/2014,26900
C1056,5/1/2014,26620
C1056,6/1/2014,24360
C1056,7/1/2014,25601
C1056,8/1/2014,26361
C1056,9/1/2014,26216
C1056,10/1/2014,52734
C1056,11/1/2014,30910
C1056,12/1/2014,34958
C1056,1/1/2015,25641
C1056,2/1/2015,25066
C1056,3/1/2015,28411
C1056,4/1/2015,25997
C1056,5/1/2015,28718
C1056,6/1/2015,27251
C1056,7/1/2015,27308
C1056,8/1/2015,29135
C1056,9/1/2015,27517
C1056,10/1/2015,60663
C1056,11/1/2015,36457
C1056,12/1/2015,38562
C1056,1/1/2016,29424
C1056,2/1/2016,28266
C1056,3/1/2016,29278
C1056,4/1/2016,36112
C1056,5/1/2016,31096
C1056,6/1/2016,27185
C1056,7/1/2016,29509
C1056,8/1/2016,27377
C1056,9/1/2016,31886
C1056,10/1/2016,55112
C1056,11/1/2016,38729
C1056,12/1/2016,41100
C1056,1/1/2017,29590
C1056,2/1/2017,27237
C1056,3/1/2017,29719
C1056,4/1/2017,31576
C1056,5/1/2017,37439
C1056,6/1/2017,30549
C1056,7/1/2017,30774
C1058,1/1/2013,99943
C1058,2/1/2013,103210
C1058,3/1/2013,125342
C1058,4/1/2013,117603
C1058,5/1/2013,127123
C1058,6/1/2013,116023
C1058,7/1/2013,84123
C1058,8/1/2013,71887
C1058,9/1/2013,90378
C1058,10/1/2013,118033
C1058,11/1/2013,108520
C1058,12/1/2013,157831
C1058,1/1/2014,104428
C1058,2/1/2014,70955
C1058,3/1/2014,115352
C1058,4/1/2014,124695
C1058,5/1/2014,119511
C1058,6/1/2014,110472
C1058,7/1/2014,113106
C1058,8/1/2014,124183
C1058,9/1/2014,115161
C1058,10/1/2014,115724
C1058,11/1/2014,117506
C1058,12/1/2014,172593
C1058,1/1/2015,114657
C1058,2/1/2015,112328
C1058,3/1/2015,127517
C1058,4/1/2015,134061
C1058,5/1/2015,134191
C1058,6/1/2015,118713
C1058,7/1/2015,135975
C1058,8/1/2015,134044
C1058,9/1/2015,137130
C1058,10/1/2015,132467
C1058,11/1/2015,130457
C1058,12/1/2015,164942
C1058,1/1/2016,117428
C1058,2/1/2016,118629
C1058,3/1/2016,146693
C1058,4/1/2016,147670
C1058,5/1/2016,147569
C1058,6/1/2016,140327
C1058,7/1/2016,142514
C1058,8/1/2016,133564
C1058,9/1/2016,131356
C1058,10/1/2016,132890
C1058,11/1/2016,154811
C1058,12/1/2016,201078
C1058,1/1/2017,133835
C1058,2/1/2017,126543
C1058,3/1/2017,136539
C1058,4/1/2017,163559
C1058,5/1/2017,215885
C1058,6/1/2017,140175
C1058,7/1/2017,158065
C1060,1/1/2013,62714
C1060,2/1/2013,64094
C1060,3/1/2013,75427
C1060,4/1/2013,70860
C1060,5/1/2013,80807
C1060,6/1/2013,78253
C1060,7/1/2013,63535
C1060,8/1/2013,59386
C1060,9/1/2013,57976
C1060,10/1/2013,70750
C1060,11/1/2013,77606
C1060,12/1/2013,112336
C1060,1/1/2014,64437
C1060,2/1/2014,78288
C1060,3/1/2014,88518
C1060,4/1/2014,76950
C1060,5/1/2014,79289
C1060,6/1/2014,71971
C1060,7/1/2014,79172
C1060,8/1/2014,79876
C1060,9/1/2014,76391
C1060,10/1/2014,77455
C1060,11/1/2014,84208
C1060,12/1/2014,124504
C1060,1/1/2015,80278
C1060,2/1/2015,82168
C1060,3/1/2015,93641
C1060,4/1/2015,87390
C1060,5/1/2015,94568
C1060,6/1/2015,82141
C1060,7/1/2015,84558
C1060,8/1/2015,89069
C1060,9/1/2015,82412
C1060,10/1/2015,119252
C1060,11/1/2015,116585
C1060,12/1/2015,167620
C1060,1/1/2016,110893
C1060,2/1/2016,101260
C1060,3/1/2016,107247
C1060,4/1/2016,116615
C1060,5/1/2016,116557
C1060,6/1/2016,110283
C1060,7/1/2016,114219
C1060,8/1/2016,103060
C1060,9/1/2016,101414
C1060,10/1/2016,111099
C1060,11/1/2016,121730
C1060,12/1/2016,173109
C1060,1/1/2017,107370
C1060,2/1/2017,100109
C1060,3/1/2017,121728
C1060,4/1/2017,127357
C1060,5/1/2017,109246
C1060,6/1/2017,100948
C1060,7/1/2017,91919
C1062,1/1/2013,65415
C1062,2/1/2013,70296
C1062,3/1/2013,86324
C1062,4/1/2013,78586
C1062,5/1/2013,78858
C1062,6/1/2013,82333
C1062,7/1/2013,86157
C1062,8/1/2013,85907
C1062,9/1/2013,83856
C1062,10/1/2013,83923
C1062,11/1/2013,83413
C1062,12/1/2013,105591
C1062,1/1/2014,74084
C1062,2/1/2014,75815
C1062,3/1/2014,90020
C1062,4/1/2014,85714
C1062,5/1/2014,88447
C1062,6/1/2014,86784
C1062,7/1/2014,89992
C1062,8/1/2014,95132
C1062,9/1/2014,90018
C1062,10/1/2014,92666
C1062,11/1/2014,92027
C1062,12/1/2014,118397
C1062,1/1/2015,87161
C1062,2/1/2015,85773
C1062,3/1/2015,104181
C1062,4/1/2015,94781
C1062,5/1/2015,100678
C1062,6/1/2015,92313
C1062,7/1/2015,98850
C1062,8/1/2015,102475
C1062,9/1/2015,97755
C1062,10/1/2015,101938
C1062,11/1/2015,99343
C1062,12/1/2015,120577
C1062,1/1/2016,82668
C1062,2/1/2016,83425
C1062,3/1/2016,94093
C1062,4/1/2016,94588
C1062,5/1/2016,93222
C1062,6/1/2016,89484
C1062,7/1/2016,99025
C1062,8/1/2016,88853
C1062,9/1/2016,84676
C1062,10/1/2016,87590
C1062,11/1/2016,96384
C1062,12/1/2016,128234
C1062,1/1/2017,86059
C1062,2/1/2017,89640
C1062,3/1/2017,93281
C1062,4/1/2017,96987
C1062,5/1/2017,94651
C1062,6/1/2017,87551
C1062,7/1/2017,98379
C1064,1/1/2013,1876
C1064,2/1/2013,1722
C1064,3/1/2013,1913
C1064,4/1/2013,1717
C1064,5/1/2013,1961
C1064,6/1/2013,2087
C1064,7/1/2013,2086
C1064,8/1/2013,2212
C1064,9/1/2013,2101
C1064,10/1/2013,2113
C1064,11/1/2013,2488
C1064,12/1/2013,2276
C1064,1/1/2014,1955
C1064,2/1/2014,1909
C1064,3/1/2014,2465
C1064,4/1/2014,3039
C1064,5/1/2014,2327
C1064,6/1/2014,1990
C1064,7/1/2014,1960
C1064,8/1/2014,2130
C1064,9/1/2014,1890
C1064,10/1/2014,1772
C1064,11/1/2014,1901
C1064,12/1/2014,1862
C1064,1/1/2015,1931
C1064,2/1/2015,1713
C1064,3/1/2015,1925
C1064,4/1/2015,1710
C1064,5/1/2015,2236
C1064,6/1/2015,1696
C1064,7/1/2015,1659
C1064,8/1/2015,1699
C1064,9/1/2015,1559
C1064,10/1/2015,1515
C1064,11/1/2015,1429
C1064,12/1/2015,1845
C1064,1/1/2016,1870
C1064,2/1/2016,1368
C1064,3/1/2016,1463
C1064,4/1/2016,2119
C1064,5/1/2016,1735
C1064,6/1/2016,2323
C1064,7/1/2016,1615
C1064,8/1/2016,1556
C1064,9/1/2016,1485
C1064,10/1/2016,2259
C1064,11/1/2016,3727
C1064,12/1/2016,3416
C1064,1/1/2017,5787
C1064,2/1/2017,1710
C1064,3/1/2017,1983
C1064,4/1/2017,2268
C1064,5/1/2017,1702
C1064,6/1/2017,1459
C1064,7/1/2017,2838
C1066,1/1/2013,26924
C1066,2/1/2013,27113
C1066,3/1/2013,30314
C1066,4/1/2013,29434
C1066,5/1/2013,31780
C1066,6/1/2013,31371
C1066,7/1/2013,26903
C1066,8/1/2013,19477
C1066,9/1/2013,19365
C1066,10/1/2013,23176
C1066,11/1/2013,28926
C1066,12/1/2013,46433
C1066,1/1/2014,28953
C1066,2/1/2014,28462
C1066,3/1/2014,31213
C1066,4/1/2014,30122
C1066,5/1/2014,29457
C1066,6/1/2014,29004
C1066,7/1/2014,30427
C1066,8/1/2014,30729
C1066,9/1/2014,29641
C1066,10/1/2014,31412
C1066,11/1/2014,33028
C1066,12/1/2014,53854
C1066,1/1/2015,29861
C1066,2/1/2015,31970
C1066,3/1/2015,34214
C1066,4/1/2015,29171
C1066,5/1/2015,33202
C1066,6/1/2015,32525
C1066,7/1/2015,32923
C1066,8/1/2015,34661
C1066,9/1/2015,32153
C1066,10/1/2015,34090
C1066,11/1/2015,33153
C1066,12/1/2015,51317
C1066,1/1/2016,35571
C1066,2/1/2016,29978
C1066,3/1/2016,30521
C1066,4/1/2016,31755
C1066,5/1/2016,33817
C1066,6/1/2016,32258
C1066,7/1/2016,32596
C1066,8/1/2016,30167
C1066,9/1/2016,23763
C1066,10/1/2016,28284
C1066,11/1/2016,30698
C1066,12/1/2016,52446
C1066,1/1/2017,35694
C1066,2/1/2017,27534
C1066,3/1/2017,30127
C1066,4/1/2017,36923
C1066,5/1/2017,32045
C1066,6/1/2017,35378
C1066,7/1/2017,31567
C1067,1/1/2013,165
C1067,2/1/2013,12
C1067,3/1/2013,347
C1067,4/1/2013,729
C1067,5/1/2013,604
C1067,6/1/2013,536
C1067,7/1/2013,579
C1067,8/1/2013,534
C1067,9/1/2013,565
C1067,10/1/2013,567
C1067,11/1/2013,553
C1067,12/1/2013,257
C1067,1/1/2014,49
C1067,2/1/2014,15
C1067,5/1/2014,128
C1067,6/1/2014,1300
C1067,7/1/2014,597
C1067,8/1/2014,710
C1067,9/1/2014,1322
C1067,10/1/2014,72
C1067,11/1/2014,11
C1067,1/1/2015,1263
C1067,2/1/2015,140
C1067,3/1/2015,426
C1067,4/1/2015,2192
C1067,5/1/2015,1238
C1067,6/1/2015,42
C1067,9/1/2015,22
C1067,10/1/2015,1845
C1067,11/1/2015,2047
C1067,12/1/2015,755
C1067,1/1/2016,764
C1067,2/1/2016,107
C1067,3/1/2016,495
C1067,4/1/2016,267
C1067,5/1/2016,1391
C1067,6/1/2016,796
C1067,7/1/2016,28
C1067,8/1/2016,8
C1067,10/1/2016,290
C1067,11/1/2016,859
C1067,12/1/2016,1814
C1067,1/1/2017,1260
C1067,2/1/2017,280
C1067,3/1/2017,317
C1067,4/1/2017,318
C1067,5/1/2017,1042
C1067,6/1/2017,1331
C1067,7/1/2017,1762
C1068,10/1/2015,22244
C1068,11/1/2015,21343
C1068,12/1/2015,22247
C1068,1/1/2016,22358
C1068,2/1/2016,21581
C1068,3/1/2016,21217
C1068,4/1/2016,23006
C1068,5/1/2016,22803
C1068,6/1/2016,19331
C1068,7/1/2016,21541
C1068,8/1/2016,19191
C1068,9/1/2016,17714
C1068,10/1/2016,17402
C1068,11/1/2016,18794
C1068,12/1/2016,21967
C1068,1/1/2017,23475
C1068,2/1/2017,20404
C1068,3/1/2017,20154
C1068,4/1/2017,20889
C1068,5/1/2017,21827
C1068,6/1/2017,19188
C1068,7/1/2017,21550
C1070,1/1/2013,17252
C1070,2/1/2013,16185
C1070,3/1/2013,18003
C1070,4/1/2013,16890
C1070,5/1/2013,18067
C1070,6/1/2013,17529
C1070,7/1/2013,17819
C1070,8/1/2013,17453
C1070,9/1/2013,16796
C1070,10/1/2013,16834
C1070,11/1/2013,16178
C1070,12/1/2013,17585
C1070,1/1/2014,17643
C1070,2/1/2014,15289
C1070,3/1/2014,16729
C1070,4/1/2014,16272
C1070,5/1/2014,17008
C1070,6/1/2014,17105
C1070,7/1/2014,17553
C1070,8/1/2014,18163
C1070,9/1/2014,19768
C1070,10/1/2014,20996
C1070,11/1/2014,21098
C1070,12/1/2014,16495
C1070,1/1/2015,14336
C1070,2/1/2015,17388
C1070,3/1/2015,20582
C1070,4/1/2015,16989
C1070,5/1/2015,17253
C1070,6/1/2015,16781
C1070,7/1/2015,20060
C1070,8/1/2015,18650
C1070,9/1/2015,14912
C1070,10/1/2015,17236
C1070,11/1/2015,16366
C1070,12/1/2015,17054
C1070,1/1/2016,17443
C1070,2/1/2016,16093
C1070,3/1/2016,16611
C1070,4/1/2016,17559
C1070,5/1/2016,22771
C1070,6/1/2016,21391
C1070,7/1/2016,23843
C1070,8/1/2016,21951
C1070,9/1/2016,20823
C1070,10/1/2016,21661
C1070,11/1/2016,21805
C1070,12/1/2016,22483
C1070,1/1/2017,21808
C1070,2/1/2017,19882
C1070,3/1/2017,22737
C1070,4/1/2017,24480
C1070,5/1/2017,22634
C1070,6/1/2017,21487
C1070,7/1/2017,22620
C1072,1/1/2013,580926
C1072,2/1/2013,554851
C1072,3/1/2013,640952
C1072,4/1/2013,668984
C1072,5/1/2013,604400
C1072,6/1/2013,594469
C1072,7/1/2013,572250
C1072,8/1/2013,589434
C1072,9/1/2013,597157
C1072,10/1/2013,582143
C1072,11/1/2013,583233
C1072,12/1/2013,647260
C1072,1/1/2014,607505
C1072,2/1/2014,576265
C1072,3/1/2014,670848
C1072,4/1/2014,626869
C1072,5/1/2014,624578
C1072,6/1/2014,605888
C1072,7/1/2014,592503
C1072,8/1/2014,650334
C1072,9/1/2014,602404
C1072,10/1/2014,619128
C1072,11/1/2014,623899
C1072,12/1/2014,661206
C1072,1/1/2015,640489
C1072,2/1/2015,600583
C1072,3/1/2015,678236
C1072,4/1/2015,624124
C1072,5/1/2015,688514
C1072,6/1/2015,625356
C1072,7/1/2015,641317
C1072,8/1/2015,718769
C1072,9/1/2015,757061
C1072,10/1/2015,743528
C1072,11/1/2015,680899
C1072,12/1/2015,700240
C1072,1/1/2016,702920
C1072,2/1/2016,641901
C1072,3/1/2016,699769
C1072,4/1/2016,1287295
C1072,5/1/2016,804553
C1072,6/1/2016,682813
C1072,7/1/2016,723321
C1072,8/1/2016,707911
C1072,9/1/2016,700630
C1072,10/1/2016,745059
C1072,11/1/2016,747297
C1072,12/1/2016,842869
C1072,1/1/2017,870427
C1072,2/1/2017,699496
C1072,3/1/2017,776650
C1072,4/1/2017,810989
C1072,5/1/2017,770379
C1072,6/1/2017,708922
C1072,7/1/2017,820020
C1074,1/1/2013,95930
C1074,2/1/2013,97759
C1074,3/1/2013,122410
C1074,4/1/2013,113673
C1074,5/1/2013,126667
C1074,6/1/2013,118648
C1074,7/1/2013,119972
C1074,8/1/2013,119369
C1074,9/1/2013,111648
C1074,10/1/2013,117513
C1074,11/1/2013,119830
C1074,12/1/2013,226798
C1074,1/1/2014,135226
C1074,2/1/2014,135410
C1074,3/1/2014,160985
C1074,4/1/2014,142434
C1074,5/1/2014,167244
C1074,6/1/2014,158137
C1074,7/1/2014,160637
C1074,8/1/2014,158707
C1074,9/1/2014,150843
C1074,10/1/2014,157800
C1074,11/1/2014,155229
C1074,12/1/2014,262504
C1074,1/1/2015,154535
C1074,2/1/2015,146848
C1074,3/1/2015,173125
C1074,4/1/2015,162776
C1074,5/1/2015,174727
C1074,6/1/2015,162490
C1074,7/1/2015,171078
C1074,8/1/2015,162543
C1074,9/1/2015,153555
C1074,10/1/2015,168249
C1074,11/1/2015,158496
C1074,12/1/2015,265138
C1074,1/1/2016,165226
C1074,2/1/2016,158409
C1074,3/1/2016,186795
C1074,4/1/2016,178234
C1074,5/1/2016,177243
C1074,6/1/2016,170730
C1074,7/1/2016,157347
C1074,8/1/2016,146382
C1074,9/1/2016,148401
C1074,10/1/2016,169776
C1074,11/1/2016,190936
C1074,12/1/2016,322433
C1074,1/1/2017,187972
C1074,2/1/2017,173555
C1074,3/1/2017,203346
C1074,4/1/2017,206086
C1074,5/1/2017,193870
C1074,6/1/2017,193931
C1074,7/1/2017,191912
C1075,9/1/2013,186
C1075,10/1/2013,1013
C1075,11/1/2013,19
C1075,12/1/2013,37
C1075,5/1/2014,3452
C1075,6/1/2014,111
C1075,9/1/2014,1108
C1075,10/1/2014,698
C1075,11/1/2014,626
C1075,12/1/2014,2375
C1075,1/1/2015,2242
C1075,2/1/2015,1982
C1075,3/1/2015,2572
C1075,4/1/2015,2072
C1075,5/1/2015,2081
C1075,6/1/2015,1932
C1075,7/1/2015,2096
C1075,8/1/2015,2117
C1075,9/1/2015,1759
C1075,10/1/2015,4850
C1075,11/1/2015,1083
C1075,12/1/2015,3162
C1075,1/1/2016,8568
C1075,2/1/2016,1858
C1075,3/1/2016,5
C1075,7/1/2016,1500
C1075,8/1/2016,228
C1075,9/1/2016,13
C1075,10/1/2016,2
C1075,11/1/2016,33
C1075,12/1/2016,2709
C1075,1/1/2017,2449
C1075,2/1/2017,2311
C1075,3/1/2017,2388
C1075,4/1/2017,1495
C1075,5/1/2017,958
C1075,6/1/2017,1654
C1075,7/1/2017,973
C1076,1/1/2013,11460
C1076,2/1/2013,12054
C1076,3/1/2013,15974
C1076,4/1/2013,15315
C1076,5/1/2013,16255
C1076,6/1/2013,18310
C1076,7/1/2013,53764
C1076,8/1/2013,82789
C1076,9/1/2013,75561
C1076,10/1/2013,85447
C1076,11/1/2013,85672
C1076,12/1/2013,92531
C1076,1/1/2014,72163
C1076,2/1/2014,79420
C1076,3/1/2014,97103
C1076,4/1/2014,87249
C1076,5/1/2014,92461
C1076,6/1/2014,88643
C1076,7/1/2014,104930
C1076,8/1/2014,125612
C1076,9/1/2014,108577
C1076,10/1/2014,103696
C1076,11/1/2014,114055
C1076,12/1/2014,124621
C1076,1/1/2015,101739
C1076,2/1/2015,110531
C1076,3/1/2015,137153
C1076,4/1/2015,140628
C1076,5/1/2015,148166
C1076,6/1/2015,136347
C1076,7/1/2015,145510
C1076,8/1/2015,160772
C1076,9/1/2015,130593
C1076,10/1/2015,117186
C1076,11/1/2015,118919
C1076,12/1/2015,122679
C1076,1/1/2016,94220
C1076,2/1/2016,91188
C1076,3/1/2016,81906
C1076,4/1/2016,116693
C1076,5/1/2016,124595
C1076,6/1/2016,115474
C1076,7/1/2016,129038
C1076,8/1/2016,117497
C1076,9/1/2016,113655
C1076,10/1/2016,120958
C1076,11/1/2016,130638
C1076,12/1/2016,162541
C1076,1/1/2017,138504
C1076,2/1/2017,155543
C1076,3/1/2017,179243
C1076,4/1/2017,188478
C1076,5/1/2017,197697
C1076,6/1/2017,197114
C1076,7/1/2017,217951
C1077,12/1/2013,44
C1077,1/1/2014,765
C1077,2/1/2014,1165
C1077,3/1/2014,1693
C1077,4/1/2014,1282
C1077,5/1/2014,1402
C1077,6/1/2014,1232
C1077,7/1/2014,1894
C1077,8/1/2014,1601
C1077,9/1/2014,1932
C1077,10/1/2014,2459
C1077,11/1/2014,2869
C1077,12/1/2014,2953
C1077,1/1/2015,1478
C1077,2/1/2015,1467
C1077,3/1/2015,31136
C1077,4/1/2015,2066
C1077,5/1/2015,5
C1077,8/1/2015,1
C1077,9/1/2015,776
C1077,10/1/2015,1999
C1077,11/1/2015,1398
C1077,12/1/2015,1604
C1077,1/1/2016,1315
C1077,2/1/2016,783
C1077,3/1/2016,435
C1077,4/1/2016,362
C1077,5/1/2016,535
C1077,6/1/2016,820
C1077,7/1/2016,1174
C1077,8/1/2016,1495
C1077,9/1/2016,191
C1077,10/1/2016,2152
C1077,11/1/2016,6285
C1077,12/1/2016,21359
C1077,1/1/2017,16534
C1077,2/1/2017,19727
C1077,3/1/2017,12232
C1077,4/1/2017,11686
C1077,5/1/2017,13062
C1077,6/1/2017,12534
C1077,7/1/2017,11760
C1078,1/1/2013,32620
C1078,2/1/2013,31340
C1078,3/1/2013,37446
C1078,4/1/2013,33740
C1078,5/1/2013,35065
C1078,6/1/2013,35720
C1078,7/1/2013,35730
C1078,8/1/2013,34582
C1078,9/1/2013,35875
C1078,10/1/2013,36401
C1078,11/1/2013,37387
C1078,12/1/2013,41931
C1078,1/1/2014,41621
C1078,2/1/2014,36411
C1078,3/1/2014,41663
C1078,4/1/2014,38209
C1078,5/1/2014,40278
C1078,6/1/2014,39699
C1078,7/1/2014,37847
C1078,8/1/2014,39419
C1078,9/1/2014,42417
C1078,10/1/2014,41407
C1078,11/1/2014,38254
C1078,12/1/2014,43066
C1078,1/1/2015,42623
C1078,2/1/2015,39148
C1078,3/1/2015,43747
C1078,4/1/2015,41304
C1078,5/1/2015,44430
C1078,6/1/2015,41764
C1078,7/1/2015,44507
C1078,8/1/2015,43094
C1078,9/1/2015,42342
C1078,10/1/2015,43039
C1078,11/1/2015,42840
C1078,12/1/2015,40385
C1078,1/1/2016,39819
C1078,2/1/2016,39330
C1078,3/1/2016,40343
C1078,4/1/2016,41448
C1078,5/1/2016,44372
C1078,6/1/2016,41385
C1078,7/1/2016,44255
C1078,8/1/2016,41641
C1078,9/1/2016,43320
C1078,10/1/2016,47704
C1078,11/1/2016,42969
C1078,12/1/2016,46535
C1078,1/1/2017,47440
C1078,2/1/2017,51047
C1078,3/1/2017,52105
C1078,4/1/2017,49671
C1078,5/1/2017,57062
C1078,6/1/2017,48078
C1078,7/1/2017,52009
C1079,6/1/2016,89
C1079,7/1/2016,1325
C1079,8/1/2016,607
C1079,9/1/2016,1247
C1079,10/1/2016,766
C1079,11/1/2016,520
C1079,12/1/2016,1539
C1079,1/1/2017,732
C1079,2/1/2017,652
C1079,3/1/2017,1430
C1079,4/1/2017,840
C1079,5/1/2017,1210
C1079,6/1/2017,1349
C1079,7/1/2017,609
C1080,1/1/2013,118377
C1080,2/1/2013,115739
C1080,3/1/2013,132169
C1080,4/1/2013,124504
C1080,5/1/2013,128814
C1080,6/1/2013,133095
C1080,7/1/2013,132736
C1080,8/1/2013,136313
C1080,9/1/2013,129890
C1080,10/1/2013,129378
C1080,11/1/2013,129976
C1080,12/1/2013,169628
C1080,1/1/2014,119115
C1080,2/1/2014,115327
C1080,3/1/2014,133774
C1080,4/1/2014,123822
C1080,5/1/2014,122809
C1080,6/1/2014,122281
C1080,7/1/2014,123764
C1080,8/1/2014,130561
C1080,9/1/2014,121545
C1080,10/1/2014,128895
C1080,11/1/2014,126402
C1080,12/1/2014,165103
C1080,1/1/2015,121928
C1080,2/1/2015,116845
C1080,3/1/2015,143841
C1080,4/1/2015,136630
C1080,5/1/2015,146433
C1080,6/1/2015,138495
C1080,7/1/2015,144356
C1080,8/1/2015,154822
C1080,9/1/2015,142258
C1080,10/1/2015,143819
C1080,11/1/2015,123322
C1080,12/1/2015,173270
C1080,1/1/2016,129554
C1080,2/1/2016,122993
C1080,3/1/2016,131573
C1080,4/1/2016,181724
C1080,5/1/2016,153627
C1080,6/1/2016,125012
C1080,7/1/2016,133054
C1080,8/1/2016,125428
C1080,9/1/2016,117876
C1080,10/1/2016,128674
C1080,11/1/2016,135777
C1080,12/1/2016,185229
C1080,1/1/2017,128393
C1080,2/1/2017,122922
C1080,3/1/2017,137656
C1080,4/1/2017,148000
C1080,5/1/2017,142928
C1080,6/1/2017,131316
C1080,7/1/2017,142588
C1082,10/1/2015,15797
C1082,11/1/2015,14939
C1082,12/1/2015,16402
C1082,1/1/2016,16804
C1082,2/1/2016,14204
C1082,3/1/2016,16078
C1082,4/1/2016,20936
C1082,5/1/2016,17458
C1082,6/1/2016,14529
C1082,7/1/2016,16232
C1082,8/1/2016,15226
C1082,9/1/2016,15092
C1082,10/1/2016,15702
C1082,11/1/2016,14514
C1082,12/1/2016,16862
C1082,1/1/2017,16790
C1082,2/1/2017,13994
C1082,3/1/2017,18338
C1082,4/1/2017,21403
C1082,5/1/2017,23968
C1082,6/1/2017,22176
C1082,7/1/2017,23469
C1083,10/1/2015,4370
C1083,11/1/2015,4927
C1083,12/1/2015,6272
C1083,1/1/2016,6192
C1083,2/1/2016,9037
C1083,3/1/2016,12242
C1083,4/1/2016,14155
C1083,5/1/2016,13270
C1083,6/1/2016,11082
C1083,7/1/2016,8400
C1083,8/1/2016,7516
C1083,9/1/2016,6770
C1083,10/1/2016,7882
C1083,11/1/2016,7369
C1083,12/1/2016,8223
C1083,1/1/2017,10304
C1083,2/1/2017,10899
C1083,3/1/2017,7055
C1083,4/1/2017,149
C1083,5/1/2017,4
C1083,6/1/2017,2
C1083,7/1/2017,2
C1084,1/1/2013,80743
C1084,2/1/2013,82008
C1084,3/1/2013,97588
C1084,4/1/2013,91534
C1084,5/1/2013,97010
C1084,6/1/2013,97539
C1084,7/1/2013,90607
C1084,8/1/2013,84187
C1084,9/1/2013,82320
C1084,10/1/2013,85870
C1084,11/1/2013,96863
C1084,12/1/2013,136854
C1084,1/1/2014,84816
C1084,2/1/2014,86222
C1084,3/1/2014,100871
C1084,4/1/2014,94918
C1084,5/1/2014,101893
C1084,6/1/2014,103638
C1084,7/1/2014,103477
C1084,8/1/2014,107588
C1084,9/1/2014,102420
C1084,10/1/2014,103194
C1084,11/1/2014,112150
C1084,12/1/2014,152694
C1084,1/1/2015,96099
C1084,2/1/2015,101049
C1084,3/1/2015,114120
C1084,4/1/2015,106164
C1084,5/1/2015,117084
C1084,6/1/2015,105602
C1084,7/1/2015,113871
C1084,8/1/2015,121334
C1084,9/1/2015,117470
C1084,10/1/2015,115226
C1084,11/1/2015,115267
C1084,12/1/2015,152713
C1084,1/1/2016,104734
C1084,2/1/2016,101145
C1084,3/1/2016,111046
C1084,4/1/2016,117729
C1084,5/1/2016,115726
C1084,6/1/2016,107280
C1084,7/1/2016,117106
C1084,8/1/2016,107821
C1084,9/1/2016,100830
C1084,10/1/2016,107148
C1084,11/1/2016,119692
C1084,12/1/2016,157606
C1084,1/1/2017,111258
C1084,2/1/2017,97445
C1084,3/1/2017,128181
C1084,4/1/2017,121774
C1084,5/1/2017,110128
C1084,6/1/2017,117008
C1084,7/1/2017,118622
C1086,1/1/2013,20347
C1086,2/1/2013,19258
C1086,3/1/2013,22029
C1086,4/1/2013,20819
C1086,5/1/2013,23339
C1086,6/1/2013,23162
C1086,7/1/2013,21047
C1086,8/1/2013,21996
C1086,9/1/2013,22337
C1086,10/1/2013,22698
C1086,11/1/2013,21310
C1086,12/1/2013,36418
C1086,1/1/2014,22430
C1086,2/1/2014,20716
C1086,3/1/2014,23165
C1086,4/1/2014,21479
C1086,5/1/2014,23156
C1086,6/1/2014,23615
C1086,7/1/2014,24298
C1086,8/1/2014,26067
C1086,9/1/2014,24891
C1086,10/1/2014,26387
C1086,11/1/2014,26365
C1086,12/1/2014,47479
C1086,1/1/2015,27984
C1086,2/1/2015,25419
C1086,3/1/2015,29102
C1086,4/1/2015,27069
C1086,5/1/2015,29734
C1086,6/1/2015,27180
C1086,7/1/2015,29921
C1086,8/1/2015,31535
C1086,9/1/2015,30522
C1086,10/1/2015,33375
C1086,11/1/2015,29989
C1086,12/1/2015,46012
C1086,1/1/2016,29704
C1086,2/1/2016,29486
C1086,3/1/2016,33552
C1086,4/1/2016,31358
C1086,5/1/2016,33183
C1086,6/1/2016,30011
C1086,7/1/2016,35303
C1086,8/1/2016,31462
C1086,9/1/2016,29266
C1086,10/1/2016,32031
C1086,11/1/2016,39996
C1086,12/1/2016,52836
C1086,1/1/2017,34348
C1086,2/1/2017,34515
C1086,3/1/2017,32742
C1086,4/1/2017,30660
C1086,5/1/2017,34254
C1086,6/1/2017,34328
C1086,7/1/2017,36076
C1087,1/1/2013,890
C1087,2/1/2013,823
C1087,3/1/2013,694
C1087,4/1/2013,1149
C1087,5/1/2013,696
C1087,6/1/2013,835
C1087,7/1/2013,1286
C1087,8/1/2013,1135
C1087,9/1/2013,1009
C1087,10/1/2013,986
C1087,11/1/2013,877
C1087,12/1/2013,884
C1087,1/1/2014,176
C1087,2/1/2014,15
C1087,3/1/2014,3
C1087,11/1/2014,566
C1087,12/1/2014,1882
C1087,1/1/2015,1937
C1087,2/1/2015,1645
C1087,3/1/2015,2458
C1087,4/1/2015,1467
C1087,5/1/2015,1579
C1087,6/1/2015,1495
C1087,7/1/2015,42
C1087,9/1/2015,2
C1087,10/1/2015,529
C1087,11/1/2015,1032
C1087,12/1/2015,1329
C1087,1/1/2016,1721
C1087,2/1/2016,1401
C1087,3/1/2016,2142
C1087,4/1/2016,1677
C1087,5/1/2016,1619
C1087,6/1/2016,1298
C1087,7/1/2016,1496
C1087,8/1/2016,1813
C1087,9/1/2016,1783
C1087,10/1/2016,1109
C1087,11/1/2016,876
C1087,12/1/2016,1383
C1087,1/1/2017,165
C1087,2/1/2017,13
C1087,3/1/2017,106
C1087,4/1/2017,933
C1087,5/1/2017,1077
C1087,6/1/2017,1711
C1087,7/1/2017,1818
C1088,1/1/2013,154229
C1088,2/1/2013,137159
C1088,3/1/2013,148925
C1088,4/1/2013,137764
C1088,5/1/2013,147384
C1088,6/1/2013,141532
C1088,7/1/2013,140322
C1088,8/1/2013,142080
C1088,9/1/2013,137391
C1088,10/1/2013,139806
C1088,11/1/2013,156819
C1088,12/1/2013,180321
C1088,1/1/2014,152405
C1088,2/1/2014,141907
C1088,3/1/2014,154551
C1088,4/1/2014,146863
C1088,5/1/2014,149045
C1088,6/1/2014,147290
C1088,7/1/2014,139916
C1088,8/1/2014,147724
C1088,9/1/2014,142432
C1088,10/1/2014,134049
C1088,11/1/2014,137160
C1088,12/1/2014,155767
C1088,1/1/2015,147230
C1088,2/1/2015,131421
C1088,3/1/2015,154193
C1088,4/1/2015,133114
C1088,5/1/2015,138662
C1088,6/1/2015,119962
C1088,7/1/2015,120649
C1088,8/1/2015,125294
C1088,9/1/2015,123244
C1088,10/1/2015,122209
C1088,11/1/2015,129752
C1088,12/1/2015,145349
C1088,1/1/2016,148143
C1088,2/1/2016,120035
C1088,3/1/2016,111069
C1088,4/1/2016,138103
C1088,5/1/2016,119358
C1088,6/1/2016,112121
C1088,7/1/2016,111564
C1088,8/1/2016,104552
C1088,9/1/2016,111211
C1088,10/1/2016,121302
C1088,11/1/2016,109622
C1088,12/1/2016,170495
C1088,1/1/2017,131218
C1088,2/1/2017,108070
C1088,3/1/2017,143561
C1088,4/1/2017,116376
C1088,5/1/2017,111482
C1088,6/1/2017,128593
C1088,7/1/2017,118010
C1089,11/1/2016,64
C1089,12/1/2016,296
C1089,1/1/2017,446
C1089,2/1/2017,410
C1089,3/1/2017,415
C1089,4/1/2017,348
C1089,5/1/2017,353
C1089,6/1/2017,228
C1089,7/1/2017,145
C1092,1/1/2013,34504
C1092,2/1/2013,30943
C1092,3/1/2013,35226
C1092,4/1/2013,32285
C1092,5/1/2013,34910
C1092,6/1/2013,35419
C1092,7/1/2013,34253
C1092,8/1/2013,32438
C1092,9/1/2013,32323
C1092,10/1/2013,32189
C1092,11/1/2013,31924
C1092,12/1/2013,53246
C1092,1/1/2014,19157
C1092,2/1/2014,26595
C1092,3/1/2014,30375
C1092,4/1/2014,26470
C1092,5/1/2014,31393
C1092,6/1/2014,31815
C1092,7/1/2014,36692
C1092,8/1/2014,46898
C1092,9/1/2014,44274
C1092,10/1/2014,49733
C1092,11/1/2014,52951
C1092,12/1/2014,100996
C1092,1/1/2015,39052
C1092,2/1/2015,34863
C1092,3/1/2015,26308
C1092,4/1/2015,21890
C1092,5/1/2015,22074
C1092,6/1/2015,28460
C1092,7/1/2015,31988
C1092,8/1/2015,39998
C1092,9/1/2015,42199
C1092,10/1/2015,42447
C1092,11/1/2015,36701
C1092,12/1/2015,66367
C1092,1/1/2016,35425
C1092,2/1/2016,32905
C1092,3/1/2016,33239
C1092,4/1/2016,36353
C1092,5/1/2016,38247
C1092,6/1/2016,34103
C1092,7/1/2016,39503
C1092,8/1/2016,34984
C1092,9/1/2016,33116
C1092,10/1/2016,34372
C1092,11/1/2016,39847
C1092,12/1/2016,91042
C1092,1/1/2017,43699
C1092,2/1/2017,35138
C1092,3/1/2017,37568
C1092,4/1/2017,41111
C1092,5/1/2017,41197
C1092,6/1/2017,38297
C1092,7/1/2017,39113
C1093,1/1/2013,251
C1093,2/1/2013,530
C1093,3/1/2013,2173
C1093,4/1/2013,2026
C1093,5/1/2013,2101
C1093,6/1/2013,1586
C1093,7/1/2013,1681
C1093,8/1/2013,2323
C1093,9/1/2013,2140
C1093,10/1/2013,2133
C1093,11/1/2013,2440
C1093,12/1/2013,7906
C1093,1/1/2014,2347
C1093,2/1/2014,2234
C1093,3/1/2014,2158
C1093,4/1/2014,1575
C1093,5/1/2014,1904
C1093,6/1/2014,1272
C1093,7/1/2014,919
C1093,8/1/2014,267
C1093,9/1/2014,662
C1093,10/1/2014,1961
C1093,11/1/2014,2562
C1093,12/1/2014,8643
C1093,1/1/2015,2324
C1093,2/1/2015,2058
C1093,3/1/2015,1003
C1093,4/1/2015,2319
C1093,5/1/2015,2244
C1093,6/1/2015,1842
C1093,7/1/2015,1693
C1093,8/1/2015,1804
C1093,9/1/2015,1886
C1093,10/1/2015,2122
C1093,11/1/2015,2061
C1093,12/1/2015,5220
C1093,1/1/2016,2357
C1093,2/1/2016,2231
C1093,3/1/2016,2013
C1093,4/1/2016,1929
C1093,5/1/2016,1284
C1093,6/1/2016,1256
C1093,7/1/2016,1086
C1093,8/1/2016,721
C1093,9/1/2016,890
C1093,10/1/2016,1023
C1093,11/1/2016,828
C1093,12/1/2016,4300
C1093,1/1/2017,2281
C1093,2/1/2017,2334
C1093,3/1/2017,2866
C1093,4/1/2017,2353
C1093,5/1/2017,1790
C1093,6/1/2017,1274
C1093,7/1/2017,1967
C1094,1/1/2013,1607
C1094,2/1/2013,1718
C1094,3/1/2013,1991
C1094,4/1/2013,1928
C1094,5/1/2013,1977
C1094,6/1/2013,2004
C1094,7/1/2013,2045
C1094,8/1/2013,2003
C1094,9/1/2013,1858
C1094,10/1/2013,2038
C1094,11/1/2013,1837
C1094,12/1/2013,2255
C1094,1/1/2014,16903
C1094,2/1/2014,1859
C1094,3/1/2014,17457
C1094,4/1/2014,2134
C1094,5/1/2014,3814
C1094,6/1/2014,8820
C1094,7/1/2014,21737
C1094,8/1/2014,24056
C1094,9/1/2014,22799
C1094,10/1/2014,23886
C1094,11/1/2014,24531
C1094,12/1/2014,30028
C1094,1/1/2015,27334
C1094,2/1/2015,24042
C1094,3/1/2015,27326
C1094,4/1/2015,26501
C1094,5/1/2015,28185
C1094,6/1/2015,26410
C1094,7/1/2015,26993
C1094,8/1/2015,28867
C1094,9/1/2015,29088
C1094,10/1/2015,34025
C1094,11/1/2015,33567
C1094,12/1/2015,39708
C1094,1/1/2016,35654
C1094,2/1/2016,32555
C1094,3/1/2016,35821
C1094,4/1/2016,35910
C1094,5/1/2016,40633
C1094,6/1/2016,37499
C1094,7/1/2016,40764
C1094,8/1/2016,37753
C1094,9/1/2016,38046
C1094,10/1/2016,44467
C1094,11/1/2016,48085
C1094,12/1/2016,50898
C1094,1/1/2017,56716
C1094,2/1/2017,42767
C1094,3/1/2017,56112
C1094,4/1/2017,51992
C1094,5/1/2017,48338
C1094,6/1/2017,49321
C1094,7/1/2017,53197
C1096,1/1/2013,74893
C1096,2/1/2013,67530
C1096,3/1/2013,77699
C1096,4/1/2013,68506
C1096,5/1/2013,76960
C1096,6/1/2013,75882
C1096,7/1/2013,73600
C1096,8/1/2013,75479
C1096,9/1/2013,72756
C1096,10/1/2013,72617
C1096,11/1/2013,77439
C1096,12/1/2013,124744
C1096,1/1/2014,76823
C1096,2/1/2014,74105
C1096,3/1/2014,87628
C1096,4/1/2014,75131
C1096,5/1/2014,75204
C1096,6/1/2014,71478
C1096,7/1/2014,74501
C1096,8/1/2014,83023
C1096,9/1/2014,79500
C1096,10/1/2014,83036
C1096,11/1/2014,86532
C1096,12/1/2014,143157
C1096,1/1/2015,93415
C1096,2/1/2015,80572
C1096,3/1/2015,91701
C1096,4/1/2015,80883
C1096,5/1/2015,90011
C1096,6/1/2015,84057
C1096,7/1/2015,85571
C1096,8/1/2015,111030
C1096,9/1/2015,110093
C1096,10/1/2015,93541
C1096,11/1/2015,81286
C1096,12/1/2015,144172
C1096,1/1/2016,91573
C1096,2/1/2016,80911
C1096,3/1/2016,83005
C1096,4/1/2016,138004
C1096,5/1/2016,95753
C1096,6/1/2016,81449
C1096,7/1/2016,84773
C1096,8/1/2016,76186
C1096,9/1/2016,73464
C1096,10/1/2016,81160
C1096,11/1/2016,101907
C1096,12/1/2016,161427
C1096,1/1/2017,109680
C1096,2/1/2017,82256
C1096,3/1/2017,100072
C1096,4/1/2017,89901
C1096,5/1/2017,95623
C1096,6/1/2017,96539
C1096,7/1/2017,101470
C1114,1/1/2014,132723
C1114,3/1/2014,145449
C1114,7/1/2014,134862
C1114,9/1/2014,137690
C1114,10/1/2014,155254
C1114,11/1/2014,147315
C1114,12/1/2014,165714
C1114,5/1/2015,96266
C1114,6/1/2015,146038
C1114,7/1/2015,157702
C1114,8/1/2015,159463
C1114,9/1/2015,164699
C1114,10/1/2015,166341
C1114,11/1/2015,172851
C1114,12/1/2015,183574
C1114,1/1/2016,164944
C1114,2/1/2016,163522
C1114,3/1/2016,168313
C1114,4/1/2016,197348
C1114,5/1/2016,183863
C1114,6/1/2016,169597
C1114,7/1/2016,176464
C1114,8/1/2016,169353
C1114,9/1/2016,156453
C1114,10/1/2016,177728
C1114,11/1/2016,205528
C1114,12/1/2016,238248
C1114,1/1/2017,203589
C1114,2/1/2017,182814
C1114,3/1/2017,211491
C1114,4/1/2017,218255
C1114,5/1/2017,204100
C1114,6/1/2017,206287
C1114,7/1/2017,246050
C1115,1/1/2014,7421
C1115,3/1/2014,5334
C1115,7/1/2014,833
C1115,9/1/2014,8
C1115,10/1/2014,104
C1115,11/1/2014,537
C1115,12/1/2014,153
C1115,5/1/2015,3442
C1115,6/1/2015,7272
C1115,7/1/2015,6602
C1115,8/1/2015,6183
C1115,9/1/2015,5523
C1115,10/1/2015,7943
C1115,11/1/2015,11349
C1115,12/1/2015,9311
C1115,1/1/2016,6649
C1115,2/1/2016,5189
C1115,3/1/2016,4785
C1115,4/1/2016,4896
C1115,5/1/2016,1842
C1115,6/1/2016,696
C1115,7/1/2016,409
C1115,8/1/2016,911
C1115,9/1/2016,2074
C1115,10/1/2016,2608
C1115,11/1/2016,2563
C1115,12/1/2016,3531
C1115,1/1/2017,3296
C1115,2/1/2017,2941
C1115,3/1/2017,2951
C1115,4/1/2017,2632
C1115,5/1/2017,2625
C1115,6/1/2017,3354
C1115,7/1/2017,4801
C1116,1/1/2014,94172
C1116,3/1/2014,126328
C1116,7/1/2014,114846
C1116,9/1/2014,119476
C1116,10/1/2014,125966
C1116,11/1/2014,126666
C1116,12/1/2014,166332
C1116,5/1/2015,83985
C1116,6/1/2015,117284
C1116,7/1/2015,116359
C1116,8/1/2015,115920
C1116,9/1/2015,119077
C1116,10/1/2015,123687
C1116,11/1/2015,119684
C1116,12/1/2015,152993
C1116,1/1/2016,109702
C1116,2/1/2016,107775
C1116,3/1/2016,107680
C1116,4/1/2016,142994
C1116,5/1/2016,126498
C1116,6/1/2016,119620
C1116,7/1/2016,121849
C1116,8/1/2016,117098
C1116,9/1/2016,110467
C1116,10/1/2016,113545
C1116,11/1/2016,152544
C1116,12/1/2016,172158
C1116,1/1/2017,134437
C1116,2/1/2017,125434
C1116,3/1/2017,164555
C1116,4/1/2017,149203
C1116,5/1/2017,133594
C1116,6/1/2017,135639
C1116,7/1/2017,132008
C1118,1/1/2014,206093
C1118,3/1/2014,197553
C1118,7/1/2014,187882
C1118,9/1/2014,207671
C1118,10/1/2014,212633
C1118,11/1/2014,204623
C1118,12/1/2014,174076
C1118,5/1/2015,139305
C1118,6/1/2015,186506
C1118,7/1/2015,156681
C1118,8/1/2015,167751
C1118,9/1/2015,201851
C1118,10/1/2015,188238
C1118,11/1/2015,193399
C1118,12/1/2015,161155
C1118,1/1/2016,190528
C1118,2/1/2016,151300
C1118,3/1/2016,153757
C1118,4/1/2016,183210
C1118,5/1/2016,172310
C1118,6/1/2016,138389
C1118,7/1/2016,128721
C1118,8/1/2016,122775
C1118,9/1/2016,133075
C1118,10/1/2016,156097
C1118,11/1/2016,146994
C1118,12/1/2016,162987
C1118,1/1/2017,248772
C1118,2/1/2017,166560
C1118,3/1/2017,235181
C1118,4/1/2017,199999
C1118,5/1/2017,186312
C1118,6/1/2017,178345
C1118,7/1/2017,158375
C1120,1/1/2013,381792
C1120,2/1/2013,331645
C1120,3/1/2013,400119
C1120,4/1/2013,373152
C1120,5/1/2013,367395
C1120,6/1/2013,384600
C1120,7/1/2013,358226
C1120,8/1/2013,391166
C1120,9/1/2013,389532
C1120,10/1/2013,383407
C1120,11/1/2013,402067
C1120,12/1/2013,534766
C1120,1/1/2014,478498
C1120,2/1/2014,436065
C1120,3/1/2014,523002
C1120,4/1/2014,485003
C1120,5/1/2014,464760
C1120,6/1/2014,464055
C1120,7/1/2014,526350
C1120,8/1/2014,536321
C1120,9/1/2014,538501
C1120,10/1/2014,537154
C1120,11/1/2014,565286
C1120,12/1/2014,653683
C1120,1/1/2015,570710
C1120,2/1/2015,540400
C1120,3/1/2015,618041
C1120,4/1/2015,637209
C1120,5/1/2015,762419
C1120,6/1/2015,741732
C1120,7/1/2015,767692
C1120,8/1/2015,871025
C1120,9/1/2015,901723
C1120,10/1/2015,823280
C1120,11/1/2015,729084
C1120,12/1/2015,853447
C1120,1/1/2016,818274
C1120,2/1/2016,742048
C1120,3/1/2016,756311
C1120,4/1/2016,1180119
C1120,5/1/2016,831683
C1120,6/1/2016,702520
C1120,7/1/2016,740141
C1120,8/1/2016,757693
C1120,9/1/2016,779816
C1120,10/1/2016,832017
C1120,11/1/2016,845080
C1120,12/1/2016,971769
C1120,1/1/2017,891701
C1120,2/1/2017,775849
C1120,3/1/2017,844252
C1120,4/1/2017,938318
C1120,5/1/2017,907897
C1120,6/1/2017,987670
C1120,7/1/2017,1070966
C1122,1/1/2013,458734
C1122,2/1/2013,425609
C1122,3/1/2013,490932
C1122,4/1/2013,445570
C1122,5/1/2013,459292
C1122,6/1/2013,436534
C1122,7/1/2013,419658
C1122,8/1/2013,427248
C1122,9/1/2013,411850
C1122,10/1/2013,426041
C1122,11/1/2013,415814
C1122,12/1/2013,642666
C1122,1/1/2014,454938
C1122,2/1/2014,438735
C1122,3/1/2014,432499
C1122,4/1/2014,488073
C1122,5/1/2014,444384
C1122,6/1/2014,463323
C1122,7/1/2014,484116
C1122,8/1/2014,524362
C1122,9/1/2014,486244
C1122,10/1/2014,498579
C1122,11/1/2014,515105
C1122,12/1/2014,752266
C1122,1/1/2015,563842
C1122,2/1/2015,562293
C1122,3/1/2015,568458
C1122,4/1/2015,579711
C1122,5/1/2015,599580
C1122,6/1/2015,557541
C1122,7/1/2015,580818
C1122,8/1/2015,597632
C1122,9/1/2015,609228
C1122,10/1/2015,633861
C1122,11/1/2015,604573
C1122,12/1/2015,876167
C1122,1/1/2016,627270
C1122,2/1/2016,637035
C1122,3/1/2016,621291
C1122,4/1/2016,613117
C1122,5/1/2016,524234
C1122,6/1/2016,323585
C1122,7/1/2016,577898
C1122,8/1/2016,661537
C1122,9/1/2016,592958
C1122,10/1/2016,635222
C1122,11/1/2016,758590
C1122,12/1/2016,1017397
C1122,1/1/2017,720150
C1122,2/1/2017,733533
C1122,3/1/2017,820551
C1122,4/1/2017,840743
C1122,5/1/2017,800733
C1122,6/1/2017,728040
C1122,7/1/2017,791963
C1124,1/1/2013,517941
C1124,2/1/2013,447173
C1124,3/1/2013,573729
C1124,4/1/2013,561802
C1124,5/1/2013,632535
C1124,6/1/2013,656205
C1124,7/1/2013,556315
C1124,8/1/2013,626396
C1124,9/1/2013,727687
C1124,10/1/2013,688576
C1124,11/1/2013,715557
C1124,12/1/2013,672163
C1124,1/1/2014,711685
C1124,2/1/2014,672927
C1124,3/1/2014,771163
C1124,4/1/2014,718806
C1124,5/1/2014,779819
C1124,6/1/2014,785046
C1124,7/1/2014,659997
C1124,8/1/2014,671853
C1124,9/1/2014,739627
C1124,10/1/2014,748144
C1124,11/1/2014,792885
C1124,12/1/2014,742675
C1124,1/1/2015,854207
C1124,2/1/2015,685792
C1124,3/1/2015,727453
C1124,4/1/2015,694152
C1124,5/1/2015,892213
C1124,6/1/2015,778210
C1124,7/1/2015,671974
C1124,8/1/2015,670699
C1124,9/1/2015,793915
C1124,10/1/2015,742427
C1124,11/1/2015,727285
C1124,12/1/2015,700477
C1124,1/1/2016,829553
C1124,2/1/2016,646168
C1124,3/1/2016,718356
C1124,4/1/2016,717397
C1124,5/1/2016,767859
C1124,6/1/2016,699564
C1124,7/1/2016,690229
C1124,8/1/2016,713631
C1124,9/1/2016,749702
C1124,10/1/2016,771243
C1124,11/1/2016,980000
C1124,12/1/2016,870149
C1124,1/1/2017,984820
C1124,2/1/2017,723407
C1124,3/1/2017,832011
C1124,4/1/2017,808752
C1124,5/1/2017,835166
C1124,6/1/2017,817006
C1124,7/1/2017,821154
C1126,1/1/2013,149938
C1126,2/1/2013,141105
C1126,3/1/2013,171443
C1126,4/1/2013,175116
C1126,5/1/2013,174698
C1126,6/1/2013,162608
C1126,7/1/2013,140713
C1126,8/1/2013,149593
C1126,9/1/2013,152547
C1126,10/1/2013,139777
C1126,11/1/2013,140473
C1126,12/1/2013,159078
C1126,1/1/2014,145647
C1126,2/1/2014,143673
C1126,3/1/2014,176377
C1126,4/1/2014,186504
C1126,5/1/2014,170574
C1126,6/1/2014,168590
C1126,7/1/2014,166409
C1126,8/1/2014,157736
C1126,9/1/2014,137378
C1126,10/1/2014,148048
C1126,11/1/2014,158425
C1126,12/1/2014,181067
C1126,1/1/2015,173008
C1126,2/1/2015,166992
C1126,3/1/2015,178552
C1126,4/1/2015,177808
C1126,5/1/2015,190808
C1126,6/1/2015,168646
C1126,7/1/2015,171796
C1126,8/1/2015,191322
C1126,9/1/2015,219204
C1126,10/1/2015,190300
C1126,11/1/2015,169360
C1126,12/1/2015,207935
C1126,1/1/2016,199366
C1126,2/1/2016,171152
C1126,3/1/2016,179566
C1126,4/1/2016,192637
C1126,5/1/2016,200451
C1126,6/1/2016,145516
C1126,7/1/2016,179205
C1126,8/1/2016,225358
C1126,9/1/2016,186816
C1126,10/1/2016,199670
C1126,11/1/2016,225764
C1126,12/1/2016,224788
C1126,1/1/2017,205109
C1126,2/1/2017,181282
C1126,3/1/2017,251470
C1126,4/1/2017,278184
C1126,5/1/2017,228036
C1126,6/1/2017,222628
C1126,7/1/2017,369431
C1132,1/1/2013,11256
C1132,2/1/2013,17746
C1132,3/1/2013,24474
C1132,4/1/2013,33017
C1132,5/1/2013,31745
C1132,6/1/2013,31621
C1132,7/1/2013,36146
C1132,8/1/2013,58560
C1132,9/1/2013,64741
C1132,10/1/2013,64205
C1132,11/1/2013,64116
C1132,12/1/2013,63873
C1132,1/1/2014,65111
C1132,2/1/2014,62411
C1132,3/1/2014,67052
C1132,4/1/2014,60983
C1132,5/1/2014,56346
C1132,6/1/2014,58502
C1132,7/1/2014,60711
C1132,8/1/2014,62618
C1132,9/1/2014,59716
C1132,10/1/2014,59908
C1132,11/1/2014,58971
C1132,12/1/2014,66818
C1132,1/1/2015,72372
C1132,2/1/2015,67706
C1132,3/1/2015,72637
C1132,4/1/2015,63420
C1132,5/1/2015,62437
C1132,6/1/2015,58762
C1132,7/1/2015,61713
C1132,8/1/2015,68068
C1132,9/1/2015,67541
C1132,10/1/2015,68083
C1132,11/1/2015,60563
C1132,12/1/2015,62218
C1132,1/1/2016,70390
C1132,2/1/2016,66008
C1132,3/1/2016,65249
C1132,4/1/2016,68706
C1132,5/1/2016,65361
C1132,6/1/2016,60197
C1132,7/1/2016,63689
C1132,8/1/2016,56157
C1132,9/1/2016,55791
C1132,10/1/2016,63358
C1132,11/1/2016,66712
C1132,12/1/2016,70492
C1132,1/1/2017,75321
C1132,2/1/2017,67856
C1132,3/1/2017,68392
C1132,4/1/2017,65707
C1132,5/1/2017,66315
C1132,6/1/2017,60427
C1132,7/1/2017,65987
C1136,1/1/2013,120411
C1136,2/1/2013,115612
C1136,3/1/2013,132169
C1136,4/1/2013,123562
C1136,5/1/2013,122979
C1136,6/1/2013,125883
C1136,7/1/2013,124812
C1136,8/1/2013,126519
C1136,9/1/2013,133350
C1136,10/1/2013,125657
C1136,11/1/2013,128182
C1136,12/1/2013,132723
C1136,1/1/2014,133654
C1136,2/1/2014,126312
C1136,3/1/2014,146287
C1136,4/1/2014,136049
C1136,5/1/2014,131804
C1136,6/1/2014,124740
C1136,7/1/2014,111322
C1136,8/1/2014,112693
C1136,9/1/2014,119759
C1136,10/1/2014,120889
C1136,11/1/2014,117493
C1136,12/1/2014,119839
C1136,1/1/2015,121059
C1136,2/1/2015,107627
C1136,3/1/2015,119496
C1136,4/1/2015,112583
C1136,5/1/2015,125361
C1136,6/1/2015,99136
C1136,7/1/2015,102640
C1136,8/1/2015,111417
C1136,9/1/2015,213480
C1136,10/1/2015,203100
C1136,11/1/2015,156443
C1136,12/1/2015,158234
C1136,1/1/2016,156651
C1136,2/1/2016,149151
C1136,3/1/2016,149197
C1136,4/1/2016,160360
C1136,5/1/2016,153299
C1136,6/1/2016,102871
C1136,7/1/2016,133296
C1136,8/1/2016,129163
C1136,9/1/2016,126674
C1136,10/1/2016,129476
C1136,11/1/2016,132313
C1136,12/1/2016,159536
C1136,1/1/2017,162934
C1136,2/1/2017,170353
C1136,3/1/2017,179461
C1136,4/1/2017,141832
C1136,5/1/2017,187746
C1136,6/1/2017,145747
C1136,7/1/2017,144237
C1138,1/1/2013,30581
C1138,2/1/2013,29364
C1138,3/1/2013,29354
C1138,4/1/2013,30902
C1138,5/1/2013,35479
C1138,6/1/2013,31655
C1138,7/1/2013,28595
C1138,8/1/2013,31445
C1138,9/1/2013,28446
C1138,10/1/2013,27692
C1138,11/1/2013,29230
C1138,12/1/2013,40795
C1138,1/1/2014,33309
C1138,2/1/2014,36630
C1138,3/1/2014,38763
C1138,4/1/2014,37707
C1138,5/1/2014,34091
C1138,6/1/2014,36622
C1138,7/1/2014,33666
C1138,8/1/2014,43646
C1138,9/1/2014,34928
C1138,10/1/2014,34537
C1138,11/1/2014,39613
C1138,12/1/2014,46192
C1138,1/1/2015,41923
C1138,2/1/2015,39102
C1138,3/1/2015,35397
C1138,4/1/2015,38181
C1138,5/1/2015,37804
C1138,6/1/2015,32226
C1138,7/1/2015,35796
C1138,8/1/2015,39565
C1138,9/1/2015,54253
C1138,10/1/2015,49918
C1138,11/1/2015,45910
C1138,12/1/2015,64412
C1138,1/1/2016,44256
C1138,2/1/2016,33722
C1138,3/1/2016,33753
C1138,4/1/2016,35175
C1138,5/1/2016,37758
C1138,6/1/2016,13275
C1138,7/1/2016,26332
C1138,8/1/2016,53792
C1138,9/1/2016,54237
C1138,10/1/2016,48949
C1138,11/1/2016,40219
C1138,12/1/2016,54722
C1138,1/1/2017,49838
C1138,2/1/2017,52342
C1138,3/1/2017,72136
C1138,4/1/2017,57971
C1138,5/1/2017,48969
C1138,6/1/2017,104257
C1138,7/1/2017,99193
C1142,9/1/2015,255388
C1142,10/1/2015,246749
C1142,11/1/2015,256985
C1142,12/1/2015,211543
C1142,1/1/2016,239707
C1142,2/1/2016,182473
C1142,3/1/2016,193875
C1142,4/1/2016,233959
C1142,5/1/2016,240656
C1142,6/1/2016,207497
C1142,7/1/2016,180806
C1142,8/1/2016,174361
C1142,9/1/2016,197141
C1142,10/1/2016,202473
C1142,11/1/2016,226123
C1142,12/1/2016,232214
C1142,1/1/2017,277026
C1142,2/1/2017,207310
C1142,3/1/2017,318912
C1142,4/1/2017,227025
C1142,5/1/2017,302183
C1142,6/1/2017,330258
C1142,7/1/2017,299342
C1144,1/1/2014,530648
C1144,3/1/2014,571925
C1144,7/1/2014,584920
C1144,9/1/2014,594331
C1144,10/1/2014,600749
C1144,11/1/2014,589290
C1144,12/1/2014,606512
C1144,5/1/2015,178482
C1144,6/1/2015,739562
C1144,7/1/2015,749525
C1144,8/1/2015,755673
C1144,9/1/2015,731692
C1144,10/1/2015,733898
C1144,11/1/2015,676000
C1144,12/1/2015,704633
C1144,1/1/2016,711127
C1144,2/1/2016,661650
C1144,3/1/2016,734746
C1144,4/1/2016,711958
C1144,5/1/2016,729229
C1144,6/1/2016,668092
C1144,7/1/2016,720782
C1144,8/1/2016,646769
C1144,9/1/2016,655539
C1144,10/1/2016,693979
C1144,11/1/2016,587336
C1144,12/1/2016,677423
C1144,1/1/2017,656464
C1144,2/1/2017,610848
C1144,3/1/2017,670397
C1144,4/1/2017,700584
C1144,5/1/2017,697926
C1144,6/1/2017,650283
C1144,7/1/2017,651721
C1146,1/1/2014,35144
C1146,3/1/2014,38725
C1146,7/1/2014,37663
C1146,9/1/2014,37944
C1146,10/1/2014,42773
C1146,11/1/2014,41267
C1146,12/1/2014,49964
C1146,5/1/2015,9686
C1146,6/1/2015,37947
C1146,7/1/2015,39454
C1146,8/1/2015,44576
C1146,9/1/2015,45764
C1146,10/1/2015,43871
C1146,11/1/2015,44626
C1146,12/1/2015,48184
C1146,1/1/2016,36263
C1146,2/1/2016,35638
C1146,3/1/2016,36750
C1146,4/1/2016,118920
C1146,5/1/2016,53267
C1146,6/1/2016,54205
C1146,7/1/2016,44748
C1146,8/1/2016,37947
C1146,9/1/2016,34447
C1146,10/1/2016,37125
C1146,11/1/2016,40548
C1146,12/1/2016,58106
C1146,1/1/2017,76600
C1146,2/1/2017,33642
C1146,3/1/2017,76020
C1146,4/1/2017,58595
C1146,5/1/2017,32780
C1146,6/1/2017,29407
C1146,7/1/2017,34518
C1148,1/1/2014,943142
C1148,3/1/2014,1000202
C1148,7/1/2014,896554
C1148,9/1/2014,902504
C1148,10/1/2014,896764
C1148,11/1/2014,904959
C1148,12/1/2014,937814
C1148,5/1/2015,218362
C1148,6/1/2015,898733
C1148,7/1/2015,905460
C1148,8/1/2015,933691
C1148,9/1/2015,923082
C1148,10/1/2015,895501
C1148,11/1/2015,845154
C1148,12/1/2015,895073
C1148,1/1/2016,906944
C1148,2/1/2016,797233
C1148,3/1/2016,850931
C1148,4/1/2016,928050
C1148,5/1/2016,916542
C1148,6/1/2016,882633
C1148,7/1/2016,859571
C1148,8/1/2016,815053
C1148,9/1/2016,809837
C1148,10/1/2016,897711
C1148,11/1/2016,1036336
C1148,12/1/2016,955484
C1148,1/1/2017,1260683
C1148,2/1/2017,878674
C1148,3/1/2017,1173981
C1148,4/1/2017,1039460
C1148,5/1/2017,997601
C1148,6/1/2017,997192
C1148,7/1/2017,1097926
C1150,4/1/2016,208
C1150,5/1/2016,176
C1150,6/1/2016,76
C1150,7/1/2016,69
C1150,8/1/2016,132
C1150,9/1/2016,136
C1150,10/1/2016,151
C1150,11/1/2016,220
C1150,12/1/2016,287
C1150,1/1/2017,247
C1150,2/1/2017,279
C1150,3/1/2017,369
C1150,4/1/2017,133
C1150,5/1/2017,328
C1150,6/1/2017,304
C1150,7/1/2017,281
C1152,1/1/2014,2588
C1152,3/1/2014,5002
C1152,7/1/2014,8457
C1152,9/1/2014,12387
C1152,10/1/2014,12011
C1152,11/1/2014,12526
C1152,12/1/2014,11715
C1152,4/1/2015,3953
C1152,5/1/2015,11461
C1152,6/1/2015,11713
C1152,7/1/2015,12268
C1152,8/1/2015,12968
C1152,9/1/2015,11476
C1152,10/1/2015,9550
C1152,11/1/2015,10323
C1152,12/1/2015,10834
C1152,1/1/2016,7669
C1152,2/1/2016,11942
C1152,3/1/2016,14019
C1152,4/1/2016,12288
C1152,5/1/2016,12431
C1152,6/1/2016,10395
C1152,7/1/2016,9723
C1152,8/1/2016,10039
C1152,9/1/2016,5866
C1152,10/1/2016,18187
C1152,11/1/2016,19443
C1152,12/1/2016,16346
C1152,1/1/2017,1953
C1152,2/1/2017,3228
C1152,3/1/2017,16235
C1152,4/1/2017,11995
C1152,5/1/2017,16313
C1152,6/1/2017,21461
C1152,7/1/2017,18003
C1153,1/1/2014,1198
C1153,3/1/2014,1120
C1153,11/1/2014,160
C1153,12/1/2014,519
C1153,4/1/2015,130
C1153,5/1/2015,424
C1153,6/1/2015,394
C1153,7/1/2015,400
C1153,8/1/2015,413
C1153,9/1/2015,345
C1153,10/1/2015,321
C1153,11/1/2015,381
C1153,12/1/2015,363
C1153,1/1/2016,392
C1153,2/1/2016,357
C1153,3/1/2016,244
C1153,4/1/2016,224
C1153,5/1/2016,374
C1153,6/1/2016,279
C1153,7/1/2016,298
C1153,8/1/2016,316
C1153,9/1/2016,383
C1153,10/1/2016,350
C1153,11/1/2016,287
C1153,12/1/2016,292
C1153,1/1/2017,345
C1153,2/1/2017,343
C1153,3/1/2017,301
C1153,4/1/2017,262
C1153,5/1/2017,314
C1153,6/1/2017,300
C1153,7/1/2017,272
C1154,10/1/2015,230
C1154,11/1/2015,223
C1154,12/1/2015,237
C1154,1/1/2016,264
C1154,2/1/2016,239
C1154,3/1/2016,262
C1154,4/1/2016,343
C1154,5/1/2016,238
C1154,6/1/2016,229
C1154,7/1/2016,166
C1154,8/1/2016,38
C1154,9/1/2016,96
C1154,10/1/2016,284
C1154,11/1/2016,230
C1154,12/1/2016,156
C1154,1/1/2017,179
C1154,2/1/2017,156
C1154,3/1/2017,166
C1154,4/1/2017,176
C1154,5/1/2017,153
C1154,6/1/2017,163
C1154,7/1/2017,148
C1156,11/1/2016,13
C1156,1/1/2017,213
C1156,2/1/2017,108
C1156,3/1/2017,364
C1156,4/1/2017,286
C1156,5/1/2017,287
C1156,6/1/2017,367
C1156,7/1/2017,351
C1190,1/1/2014,169827
C1190,3/1/2014,183413
C1190,7/1/2014,167229
C1190,9/1/2014,176736
C1190,10/1/2014,176773
C1190,11/1/2014,173993
C1190,12/1/2014,177221
C1190,5/1/2015,122065
C1190,6/1/2015,173284
C1190,7/1/2015,182250
C1190,8/1/2015,188822
C1190,9/1/2015,179014
C1190,10/1/2015,180024
C1190,11/1/2015,170306
C1190,12/1/2015,176171
C1190,1/1/2016,187839
C1190,2/1/2016,168007
C1190,3/1/2016,178530
C1190,4/1/2016,192595
C1190,5/1/2016,180280
C1190,6/1/2016,163840
C1190,7/1/2016,183388
C1190,8/1/2016,171901
C1190,9/1/2016,175546
C1190,10/1/2016,181228
C1190,11/1/2016,161835
C1190,12/1/2016,180718
C1190,1/1/2017,196406
C1190,2/1/2017,171349
C1190,3/1/2017,194357
C1190,4/1/2017,189355
C1190,5/1/2017,188027
C1190,6/1/2017,180683
C1190,7/1/2017,197328
C1236,1/1/2013,27039
C1236,2/1/2013,25304
C1236,3/1/2013,29500
C1236,4/1/2013,29395
C1236,5/1/2013,32690
C1236,6/1/2013,30786
C1236,7/1/2013,30109
C1236,8/1/2013,31022
C1236,9/1/2013,30629
C1236,10/1/2013,30423
C1236,11/1/2013,30297
C1236,12/1/2013,49683
C1236,1/1/2014,29574
C1236,2/1/2014,25426
C1236,3/1/2014,30956
C1236,4/1/2014,29452
C1236,5/1/2014,32084
C1236,6/1/2014,33102
C1236,7/1/2014,32961
C1236,8/1/2014,33125
C1236,9/1/2014,32813
C1236,10/1/2014,33367
C1236,11/1/2014,33254
C1236,12/1/2014,55858
C1236,1/1/2015,33508
C1236,2/1/2015,30479
C1236,3/1/2015,36465
C1236,4/1/2015,37913
C1236,5/1/2015,42787
C1236,6/1/2015,37675
C1236,7/1/2015,38093
C1236,8/1/2015,37712
C1236,9/1/2015,35638
C1236,10/1/2015,33959
C1236,11/1/2015,32543
C1236,12/1/2015,61021
C1236,1/1/2016,34735
C1236,2/1/2016,31675
C1236,3/1/2016,32494
C1236,4/1/2016,34390
C1236,5/1/2016,36873
C1236,6/1/2016,34731
C1236,7/1/2016,24388
C1236,8/1/2016,29200
C1236,9/1/2016,29064
C1236,10/1/2016,31113
C1236,11/1/2016,30836
C1236,12/1/2016,61061
C1236,1/1/2017,33194
C1236,2/1/2017,31892
C1236,3/1/2017,36378
C1236,4/1/2017,36596
C1236,5/1/2017,48938
C1236,6/1/2017,47400
C1236,7/1/2017,57942
C1302,1/1/2013,739
C1302,2/1/2013,865
C1302,3/1/2013,678
C1302,4/1/2013,548
C1302,5/1/2013,636
C1302,6/1/2013,614
C1302,7/1/2013,562
C1302,8/1/2013,579
C1302,9/1/2013,526
C1302,10/1/2013,617
C1302,11/1/2013,595
C1302,12/1/2013,1028
C1302,1/1/2014,453
C1302,2/1/2014,418
C1302,3/1/2014,619
C1302,4/1/2014,524
C1302,5/1/2014,607
C1302,6/1/2014,762
C1302,7/1/2014,777
C1302,8/1/2014,855
C1302,9/1/2014,831
C1302,10/1/2014,676
C1302,11/1/2014,599
C1302,12/1/2014,1112
C1302,1/1/2015,640
C1302,2/1/2015,907
C1302,3/1/2015,1104
C1302,4/1/2015,1322
C1302,5/1/2015,694
C1302,6/1/2015,393
C1302,7/1/2015,495
C1302,8/1/2015,582
C1302,9/1/2015,538
C1302,10/1/2015,398
C1302,11/1/2015,440
C1302,12/1/2015,930
C1302,1/1/2016,501
C1302,2/1/2016,474
C1302,3/1/2016,535
C1302,4/1/2016,433
C1302,5/1/2016,493
C1302,6/1/2016,557
C1302,7/1/2016,510
C1302,8/1/2016,423
C1302,9/1/2016,423
C1302,10/1/2016,424
C1302,11/1/2016,486
C1302,12/1/2016,959
C1302,1/1/2017,382
C1302,2/1/2017,403
C1302,3/1/2017,387
C1302,4/1/2017,356
C1302,5/1/2017,374
C1302,6/1/2017,444
C1302,7/1/2017,470
C1310,1/1/2014,385
C1310,3/1/2014,421
C1310,7/1/2014,488
C1310,9/1/2014,433
C1310,10/1/2014,401
C1310,11/1/2014,384
C1310,12/1/2014,1847
C1310,5/1/2015,108
C1310,6/1/2015,340
C1310,7/1/2015,413
C1310,8/1/2015,390
C1310,9/1/2015,340
C1310,10/1/2015,486
C1310,11/1/2015,413
C1310,12/1/2015,1588
C1310,1/1/2016,342
C1310,2/1/2016,470
C1310,3/1/2016,348
C1310,4/1/2016,341
C1310,5/1/2016,437
C1310,6/1/2016,476
C1310,7/1/2016,569
C1310,8/1/2016,554
C1310,9/1/2016,585
C1310,10/1/2016,561
C1310,11/1/2016,556
C1310,12/1/2016,2107
C1310,1/1/2017,263
C1310,2/1/2017,504
C1310,3/1/2017,574
C1310,4/1/2017,451
C1310,5/1/2017,644
C1310,6/1/2017,611
C1310,7/1/2017,786
C1312,10/1/2013,5
C1312,11/1/2013,120
C1312,12/1/2013,542
C1312,1/1/2014,427
C1312,2/1/2014,148
C1312,3/1/2014,467
C1312,4/1/2014,150
C1312,5/1/2014,203
C1312,6/1/2014,156
C1312,7/1/2014,441
C1312,8/1/2014,157
C1312,9/1/2014,431
C1312,10/1/2014,480
C1312,11/1/2014,495
C1312,12/1/2014,2057
C1312,1/1/2015,167
C1312,2/1/2015,162
C1312,3/1/2015,165
C1312,4/1/2015,128
C1312,5/1/2015,316
C1312,6/1/2015,520
C1312,7/1/2015,420
C1312,8/1/2015,446
C1312,9/1/2015,408
C1312,10/1/2015,434
C1312,11/1/2015,369
C1312,12/1/2015,1644
C1312,1/1/2016,316
C1312,2/1/2016,264
C1312,3/1/2016,289
C1312,4/1/2016,301
C1312,5/1/2016,318
C1312,6/1/2016,343
C1312,7/1/2016,345
C1312,8/1/2016,341
C1312,9/1/2016,304
C1312,10/1/2016,301
C1312,11/1/2016,314
C1312,12/1/2016,1652
C1312,1/1/2017,304
C1312,2/1/2017,302
C1312,3/1/2017,303
C1312,4/1/2017,257
C1312,5/1/2017,372
C1312,6/1/2017,312
C1312,7/1/2017,413
C1314,1/1/2013,2405
C1314,2/1/2013,2638
C1314,3/1/2013,2658
C1314,4/1/2013,2568
C1314,5/1/2013,4109
C1314,6/1/2013,3808
C1314,7/1/2013,4665
C1314,8/1/2013,3870
C1314,9/1/2013,2797
C1314,10/1/2013,1195
C1314,11/1/2013,3781
C1314,12/1/2013,23834
C1314,1/1/2014,3177
C1314,2/1/2014,2860
C1314,3/1/2014,3419
C1314,4/1/2014,3024
C1314,5/1/2014,4473
C1314,6/1/2014,4161
C1314,7/1/2014,5159
C1314,8/1/2014,3888
C1314,9/1/2014,2814
C1314,10/1/2014,3051
C1314,11/1/2014,3268
C1314,12/1/2014,21560
C1314,1/1/2015,2792
C1314,2/1/2015,2646
C1314,3/1/2015,3495
C1314,4/1/2015,3068
C1314,5/1/2015,4279
C1314,6/1/2015,3963
C1314,7/1/2015,5430
C1314,8/1/2015,3522
C1314,9/1/2015,2618
C1314,10/1/2015,3266
C1314,11/1/2015,2793
C1314,12/1/2015,22313
C1314,1/1/2016,2937
C1314,2/1/2016,3097
C1314,3/1/2016,3136
C1314,4/1/2016,2446
C1314,5/1/2016,3518
C1314,6/1/2016,3800
C1314,7/1/2016,4342
C1314,8/1/2016,3070
C1314,9/1/2016,2632
C1314,10/1/2016,2536
C1314,11/1/2016,2730
C1314,12/1/2016,24006
C1314,1/1/2017,2904
C1314,2/1/2017,2353
C1314,3/1/2017,2942
C1314,4/1/2017,2393
C1314,5/1/2017,3381
C1314,6/1/2017,3738
C1314,7/1/2017,4437
C1316,3/1/2017,69
C1316,4/1/2017,238
C1316,5/1/2017,211
C1316,6/1/2017,248
C1316,7/1/2017,268
C1318,1/1/2013,69773
C1318,2/1/2013,80924
C1318,3/1/2013,85544
C1318,4/1/2013,73263
C1318,5/1/2013,84278
C1318,6/1/2013,84487
C1318,7/1/2013,75966
C1318,8/1/2013,88070
C1318,9/1/2013,80826
C1318,10/1/2013,92896
C1318,11/1/2013,86851
C1318,12/1/2013,153771
C1318,1/1/2014,91134
C1318,2/1/2014,91624
C1318,3/1/2014,118252
C1318,4/1/2014,100593
C1318,5/1/2014,101644
C1318,6/1/2014,113828
C1318,7/1/2014,91007
C1318,8/1/2014,91696
C1318,9/1/2014,76780
C1318,10/1/2014,91365
C1318,11/1/2014,84911
C1318,12/1/2014,157193
C1318,1/1/2015,98354
C1318,2/1/2015,108762
C1318,3/1/2015,108879
C1318,4/1/2015,116251
C1318,5/1/2015,119792
C1318,6/1/2015,121984
C1318,7/1/2015,111739
C1318,8/1/2015,113274
C1318,9/1/2015,96922
C1318,10/1/2015,116491
C1318,11/1/2015,110838
C1318,12/1/2015,167682
C1318,1/1/2016,99911
C1318,2/1/2016,122650
C1318,3/1/2016,116807
C1318,4/1/2016,100600
C1318,5/1/2016,101616
C1318,6/1/2016,101485
C1318,7/1/2016,141685
C1318,8/1/2016,117464
C1318,9/1/2016,99892
C1318,10/1/2016,105351
C1318,11/1/2016,119687
C1318,12/1/2016,170572
C1318,1/1/2017,99535
C1318,2/1/2017,115780
C1318,3/1/2017,116508
C1318,4/1/2017,121453
C1318,5/1/2017,110561
C1318,6/1/2017,115837
C1318,7/1/2017,122189
C1320,5/1/2013,32
C1320,6/1/2013,234
C1320,7/1/2013,259
C1320,8/1/2013,206
C1320,9/1/2013,174
C1320,10/1/2013,227
C1320,11/1/2013,210
C1320,12/1/2013,305
C1320,1/1/2014,246
C1320,2/1/2014,272
C1320,3/1/2014,241
C1320,4/1/2014,248
C1320,5/1/2014,383
C1320,6/1/2014,688
C1320,7/1/2014,775
C1320,8/1/2014,821
C1320,9/1/2014,659
C1320,10/1/2014,724
C1320,11/1/2014,586
C1320,12/1/2014,805
C1320,1/1/2015,774
C1320,2/1/2015,819
C1320,3/1/2015,492
C1320,4/1/2015,872
C1320,5/1/2015,750
C1320,6/1/2015,591
C1320,7/1/2015,646
C1320,8/1/2015,527
C1320,9/1/2015,354
C1320,10/1/2015,509
C1320,11/1/2015,455
C1320,12/1/2015,1602
C1320,1/1/2016,974
C1320,2/1/2016,1311
C1320,3/1/2016,1366
C1320,4/1/2016,1309
C1320,5/1/2016,1596
C1320,6/1/2016,1466
C1320,7/1/2016,1440
C1320,8/1/2016,1576
C1320,9/1/2016,979
C1320,10/1/2016,1004
C1320,11/1/2016,742
C1320,12/1/2016,719
C1320,1/1/2017,427
C1320,2/1/2017,655
C1320,3/1/2017,885
C1320,4/1/2017,1007
C1320,5/1/2017,1084
C1320,6/1/2017,1041
C1320,7/1/2017,882
C1326,7/1/2014,107
C1326,8/1/2014,171
C1326,9/1/2014,138
C1326,10/1/2014,183
C1326,11/1/2014,160
C1326,12/1/2014,350
C1326,1/1/2015,177
C1326,2/1/2015,169
C1326,3/1/2015,275
C1326,4/1/2015,160
C1326,5/1/2015,171
C1326,6/1/2015,193
C1326,7/1/2015,156
C1326,8/1/2015,162
C1326,9/1/2015,116
C1326,10/1/2015,129
C1326,11/1/2015,111
C1326,12/1/2015,247
C1326,1/1/2016,98
C1326,2/1/2016,96
C1326,3/1/2016,104
C1326,4/1/2016,109
C1326,5/1/2016,130
C1326,6/1/2016,107
C1326,7/1/2016,90
C1326,8/1/2016,98
C1326,9/1/2016,128
C1326,10/1/2016,130
C1326,11/1/2016,140
C1326,12/1/2016,563
C1326,1/1/2017,200
C1326,2/1/2017,195
C1326,3/1/2017,78
C1326,4/1/2017,18
C1326,5/1/2017,17
C1326,6/1/2017,189
C1326,7/1/2017,237
C1330,1/1/2013,448
C1330,2/1/2013,505
C1330,3/1/2013,728
C1330,4/1/2013,607
C1330,5/1/2013,818
C1330,6/1/2013,696
C1330,7/1/2013,660
C1330,8/1/2013,688
C1330,9/1/2013,611
C1330,10/1/2013,681
C1330,11/1/2013,971
C1330,12/1/2013,4171
C1330,1/1/2014,906
C1330,2/1/2014,802
C1330,3/1/2014,1019
C1330,4/1/2014,1047
C1330,5/1/2014,1069
C1330,6/1/2014,820
C1330,7/1/2014,912
C1330,8/1/2014,935
C1330,9/1/2014,824
C1330,10/1/2014,926
C1330,11/1/2014,1047
C1330,12/1/2014,4008
C1330,1/1/2015,840
C1330,2/1/2015,867
C1330,3/1/2015,1275
C1330,4/1/2015,958
C1330,5/1/2015,1275
C1330,6/1/2015,1200
C1330,7/1/2015,627
C1330,8/1/2015,524
C1330,9/1/2015,688
C1330,10/1/2015,656
C1330,11/1/2015,927
C1330,12/1/2015,3608
C1330,1/1/2016,967
C1330,2/1/2016,803
C1330,3/1/2016,1076
C1330,4/1/2016,843
C1330,5/1/2016,721
C1330,6/1/2016,968
C1330,7/1/2016,2241
C1330,8/1/2016,2253
C1330,9/1/2016,2725
C1330,10/1/2016,2654
C1330,11/1/2016,4314
C1330,12/1/2016,19386
C1330,1/1/2017,1072
C1330,2/1/2017,1077
C1330,3/1/2017,3616
C1330,4/1/2017,5526
C1330,5/1/2017,6289
C1330,6/1/2017,6742
C1330,7/1/2017,6614
C1336,1/1/2013,385
C1336,2/1/2013,513
C1336,3/1/2013,589
C1336,4/1/2013,461
C1336,5/1/2013,433
C1336,6/1/2013,416
C1336,7/1/2013,486
C1336,8/1/2013,444
C1336,9/1/2013,341
C1336,10/1/2013,315
C1336,11/1/2013,331
C1336,12/1/2013,670
C1336,1/1/2014,337
C1336,2/1/2014,371
C1336,3/1/2014,440
C1336,4/1/2014,379
C1336,5/1/2014,479
C1336,6/1/2014,356
C1336,7/1/2014,486
C1336,8/1/2014,455
C1336,9/1/2014,489
C1336,10/1/2014,542
C1336,11/1/2014,405
C1336,12/1/2014,796
C1336,1/1/2015,513
C1336,2/1/2015,555
C1336,3/1/2015,638
C1336,4/1/2015,568
C1336,5/1/2015,384
C1336,6/1/2015,311
C1336,7/1/2015,313
C1336,8/1/2015,328
C1336,9/1/2015,252
C1336,10/1/2015,327
C1336,11/1/2015,279
C1336,12/1/2015,663
C1336,1/1/2016,316
C1336,2/1/2016,436
C1336,3/1/2016,354
C1336,4/1/2016,258
C1336,5/1/2016,233
C1336,6/1/2016,229
C1336,7/1/2016,216
C1336,8/1/2016,236
C1336,9/1/2016,202
C1336,10/1/2016,253
C1336,11/1/2016,166
C1336,12/1/2016,268
C1336,1/1/2017,170
C1336,2/1/2017,194
C1336,3/1/2017,133
C1336,4/1/2017,156
C1336,5/1/2017,290
C1336,6/1/2017,337
C1336,7/1/2017,426
C1338,1/1/2013,369
C1338,2/1/2013,300
C1338,3/1/2013,331
C1338,4/1/2013,620
C1338,5/1/2013,683
C1338,6/1/2013,681
C1338,7/1/2013,648
C1338,8/1/2013,602
C1338,9/1/2013,514
C1338,10/1/2013,183
C1338,11/1/2013,103
C1338,12/1/2013,387
C1338,1/1/2014,166
C1338,2/1/2014,84
C1338,3/1/2014,101
C1338,4/1/2014,113
C1338,5/1/2014,161
C1338,6/1/2014,187
C1338,7/1/2014,320
C1338,8/1/2014,500
C1338,9/1/2014,433
C1338,10/1/2014,397
C1338,11/1/2014,152
C1338,12/1/2014,693
C1338,1/1/2015,209
C1338,2/1/2015,106
C1338,3/1/2015,234
C1338,4/1/2015,215
C1338,5/1/2015,189
C1338,6/1/2015,524
C1338,7/1/2015,425
C1338,8/1/2015,343
C1338,9/1/2015,284
C1338,10/1/2015,249
C1338,11/1/2015,242
C1338,12/1/2015,891
C1338,1/1/2016,290
C1338,2/1/2016,322
C1338,3/1/2016,343
C1338,4/1/2016,333
C1338,5/1/2016,238
C1338,6/1/2016,246
C1338,7/1/2016,251
C1338,8/1/2016,229
C1338,9/1/2016,281
C1338,10/1/2016,361
C1338,11/1/2016,439
C1338,12/1/2016,1440
C1338,1/1/2017,419
C1338,2/1/2017,712
C1338,3/1/2017,803
C1338,4/1/2017,1059
C1338,5/1/2017,1210
C1338,6/1/2017,2795
C1338,7/1/2017,1917
C1364,1/1/2013,1647
C1364,2/1/2013,1711
C1364,3/1/2013,1875
C1364,4/1/2013,1669
C1364,5/1/2013,2399
C1364,6/1/2013,2193
C1364,7/1/2013,1966
C1364,8/1/2013,2107
C1364,9/1/2013,1790
C1364,10/1/2013,748
C1364,11/1/2013,2050
C1364,12/1/2013,8443
C1364,1/1/2014,1395
C1364,2/1/2014,1702
C1364,3/1/2014,1920
C1364,4/1/2014,1735
C1364,5/1/2014,2306
C1364,6/1/2014,2052
C1364,7/1/2014,1847
C1364,8/1/2014,2183
C1364,9/1/2014,1782
C1364,10/1/2014,2103
C1364,11/1/2014,2053
C1364,12/1/2014,8780
C1364,1/1/2015,1980
C1364,2/1/2015,2009
C1364,3/1/2015,2121
C1364,4/1/2015,2220
C1364,5/1/2015,2882
C1364,6/1/2015,2362
C1364,7/1/2015,2435
C1364,8/1/2015,2313
C1364,9/1/2015,2037
C1364,10/1/2015,2443
C1364,11/1/2015,2128
C1364,12/1/2015,10317
C1364,1/1/2016,2139
C1364,2/1/2016,2214
C1364,3/1/2016,2297
C1364,4/1/2016,2234
C1364,5/1/2016,2914
C1364,6/1/2016,2984
C1364,7/1/2016,2895
C1364,8/1/2016,2520
C1364,9/1/2016,2567
C1364,10/1/2016,2610
C1364,11/1/2016,2533
C1364,12/1/2016,12055
C1364,1/1/2017,1531
C1364,2/1/2017,2028
C1364,3/1/2017,2427
C1364,4/1/2017,2624
C1364,5/1/2017,3456
C1364,6/1/2017,3703
C1364,7/1/2017,3395
C1380,1/1/2013,122
C1380,2/1/2013,151
C1380,3/1/2013,155
C1380,4/1/2013,105
C1380,5/1/2013,210
C1380,6/1/2013,115
C1380,7/1/2013,172
C1380,8/1/2013,143
C1380,9/1/2013,79
C1380,10/1/2013,94
C1380,11/1/2013,136
C1380,12/1/2013,826
C1380,1/1/2014,152
C1380,2/1/2014,128
C1380,3/1/2014,145
C1380,4/1/2014,118
C1380,5/1/2014,189
C1380,6/1/2014,186
C1380,7/1/2014,178
C1380,8/1/2014,166
C1380,9/1/2014,96
C1380,10/1/2014,132
C1380,11/1/2014,131
C1380,12/1/2014,1122
C1380,1/1/2015,172
C1380,2/1/2015,140
C1380,3/1/2015,150
C1380,4/1/2015,131
C1380,5/1/2015,264
C1380,6/1/2015,300
C1380,7/1/2015,322
C1380,8/1/2015,329
C1380,9/1/2015,184
C1380,10/1/2015,204
C1380,11/1/2015,179
C1380,12/1/2015,1228
C1380,1/1/2016,152
C1380,2/1/2016,144
C1380,3/1/2016,140
C1380,4/1/2016,165
C1380,5/1/2016,261
C1380,6/1/2016,250
C1380,7/1/2016,227
C1380,8/1/2016,184
C1380,9/1/2016,170
C1380,10/1/2016,146
C1380,11/1/2016,303
C1380,12/1/2016,1203
C1380,1/1/2017,141
C1380,2/1/2017,133
C1380,3/1/2017,195
C1380,4/1/2017,237
C1380,5/1/2017,385
C1380,6/1/2017,315
C1380,7/1/2017,379
C1386,1/1/2013,12468
C1386,2/1/2013,12075
C1386,3/1/2013,13675
C1386,4/1/2013,12493
C1386,5/1/2013,15220
C1386,6/1/2013,13448
C1386,7/1/2013,13370
C1386,8/1/2013,13508
C1386,9/1/2013,12754
C1386,10/1/2013,14405
C1386,11/1/2013,15950
C1386,12/1/2013,45209
C1386,1/1/2014,12245
C1386,2/1/2014,11905
C1386,3/1/2014,12605
C1386,4/1/2014,12166
C1386,5/1/2014,14721
C1386,6/1/2014,12703
C1386,7/1/2014,12432
C1386,8/1/2014,13114
C1386,9/1/2014,14371
C1386,10/1/2014,15412
C1386,11/1/2014,14966
C1386,12/1/2014,44691
C1386,1/1/2015,12302
C1386,2/1/2015,13918
C1386,3/1/2015,14777
C1386,4/1/2015,11873
C1386,5/1/2015,10014
C1386,6/1/2015,13291
C1386,7/1/2015,14277
C1386,8/1/2015,13568
C1386,9/1/2015,13086
C1386,10/1/2015,14802
C1386,11/1/2015,13743
C1386,12/1/2015,38618
C1386,1/1/2016,12288
C1386,2/1/2016,13024
C1386,3/1/2016,14326
C1386,4/1/2016,13890
C1386,5/1/2016,15764
C1386,6/1/2016,15444
C1386,7/1/2016,15670
C1386,8/1/2016,14897
C1386,9/1/2016,14292
C1386,10/1/2016,13536
C1386,11/1/2016,13881
C1386,12/1/2016,40178
C1386,1/1/2017,13654
C1386,2/1/2017,15301
C1386,3/1/2017,17355
C1386,4/1/2017,11832
C1386,5/1/2017,19342
C1386,6/1/2017,18242
C1386,7/1/2017,17306
C1387,12/1/2014,8005
C1387,1/1/2015,5651
C1387,2/1/2015,4702
C1387,3/1/2015,5847
C1387,4/1/2015,5214
C1387,5/1/2015,6301
C1387,6/1/2015,5951
C1387,7/1/2015,6289
C1387,8/1/2015,6467
C1387,9/1/2015,5818
C1387,10/1/2015,7659
C1387,11/1/2015,6117
C1387,12/1/2015,23910
C1387,1/1/2016,6283
C1387,2/1/2016,6162
C1387,3/1/2016,6409
C1387,4/1/2016,6488
C1387,5/1/2016,7988
C1387,6/1/2016,6984
C1387,7/1/2016,8785
C1387,8/1/2016,7599
C1387,9/1/2016,5685
C1387,10/1/2016,8496
C1387,11/1/2016,9126
C1387,12/1/2016,32609
C1387,1/1/2017,9666
C1387,2/1/2017,5245
C1387,3/1/2017,1093
C1387,4/1/2017,43
C1387,5/1/2017,7
C1387,6/1/2017,1
C2002,1/1/2014,37870.5642
C2002,3/1/2014,39048.75
C2002,7/1/2014,49742.0035
C2002,9/1/2014,53771.458
C2002,10/1/2014,61436.2181
C2002,11/1/2014,60403.376
C2002,12/1/2014,61919.296
C2002,6/1/2015,65567.67
C2002,7/1/2015,68956.036
C2002,8/1/2015,68832.125
C2002,9/1/2015,68645.832
C2002,10/1/2015,66358.742
C2002,11/1/2015,73181.133
C2002,12/1/2015,94396.816
C2002,1/1/2016,88704.637
C2002,2/1/2016,69259.671
C2002,3/1/2016,70252.495
C2002,4/1/2016,70621.339
C2002,5/1/2016,73848.196
C2002,6/1/2016,68832.156
C2002,7/1/2016,70294.308
C2002,8/1/2016,67397.425
C2002,9/1/2016,67162.021
C2002,10/1/2016,69872.819
C2002,11/1/2016,75079.775
C2002,12/1/2016,106121.312
C2002,1/1/2017,77822.52
C2002,2/1/2017,69043.064
C2002,3/1/2017,79353.522
C2002,4/1/2017,76117.539
C2002,5/1/2017,84216.961
C2002,6/1/2017,85535.011
C2002,7/1/2017,68025.793
C2004,1/1/2014,196576.6161
C2004,3/1/2014,212471.1865
C2004,7/1/2014,236090.9021
C2004,9/1/2014,252034.648
C2004,10/1/2014,234156.6109
C2004,11/1/2014,228981.405
C2004,12/1/2014,237976.353
C2004,6/1/2015,241818.771
C2004,7/1/2015,248558.571
C2004,8/1/2015,248204.785
C2004,9/1/2015,243571.133
C2004,10/1/2015,232686.848
C2004,11/1/2015,222100.493
C2004,12/1/2015,245447.54
C2004,1/1/2016,252852.521
C2004,2/1/2016,238089.86
C2004,3/1/2016,246020.429
C2004,4/1/2016,234569.815
C2004,5/1/2016,268623.216
C2004,6/1/2016,236105.529
C2004,7/1/2016,241683.047
C2004,8/1/2016,224972.014
C2004,9/1/2016,238207.212
C2004,10/1/2016,264634.108
C2004,11/1/2016,241889.78
C2004,12/1/2016,266460.622
C2004,1/1/2017,298102.867
C2004,2/1/2017,256267.113
C2004,3/1/2017,263628.548
C2004,4/1/2017,247123.712
C2004,5/1/2017,288976.505
C2004,6/1/2017,265993.171
C2004,7/1/2017,298782.75
C2006,1/1/2014,406044.1446
C2006,3/1/2014,417353.9285
C2006,7/1/2014,397264.6163
C2006,9/1/2014,398214.599
C2006,10/1/2014,407492.075
C2006,11/1/2014,394006.495
C2006,12/1/2014,463090.6
C2006,6/1/2015,414569.161
C2006,7/1/2015,425430.848
C2006,8/1/2015,423062.571
C2006,9/1/2015,406997.272
C2006,10/1/2015,407363.434
C2006,11/1/2015,399079.761
C2006,12/1/2015,487569.958
C2006,1/1/2016,431120.396
C2006,2/1/2016,396780.534
C2006,3/1/2016,425556.797
C2006,4/1/2016,403203.678
C2006,5/1/2016,412726.751
C2006,6/1/2016,388154.197
C2006,7/1/2016,385151.794
C2006,8/1/2016,379775.787
C2006,9/1/2016,357395.666
C2006,10/1/2016,373056.634
C2006,11/1/2016,387447.989
C2006,12/1/2016,506903.086
C2006,1/1/2017,447945.923
C2006,2/1/2017,414159.206
C2006,3/1/2017,457283.845
C2006,4/1/2017,454608.996
C2006,5/1/2017,490675.69
C2006,6/1/2017,467012.379
C2006,7/1/2017,475526.594
C2008,1/1/2014,311449.4562
C2008,3/1/2014,338361.8287
C2008,7/1/2014,288318.2432
C2008,9/1/2014,320891.2747
C2008,10/1/2014,339101.2222
C2008,11/1/2014,324704.9816
C2008,12/1/2014,361174.7201
C2008,6/1/2015,332690.828
C2008,7/1/2015,313362.761
C2008,8/1/2015,308215.761
C2008,9/1/2015,340558.115
C2008,10/1/2015,344057.018
C2008,11/1/2015,326718.703
C2008,12/1/2015,388331.915
C2008,1/1/2016,366753.427
C2008,2/1/2016,303982.618
C2008,3/1/2016,322915.861
C2008,4/1/2016,302727.853
C2008,5/1/2016,289829.053
C2008,6/1/2016,271455.573
C2008,7/1/2016,295864.065
C2008,8/1/2016,304936.56
C2008,9/1/2016,291135.257
C2008,10/1/2016,333486.414
C2008,11/1/2016,332181.636
C2008,12/1/2016,378754.462
C2008,1/1/2017,346898.384
C2008,2/1/2017,302148.762
C2008,3/1/2017,325482.114
C2008,4/1/2017,275733.774
C2008,5/1/2017,328259.202
C2008,6/1/2017,306194.913
C2008,7/1/2017,342224.049
C2010,1/1/2014,119155.8978
C2010,3/1/2014,120374.4511
C2010,7/1/2014,97926.9372
C2010,9/1/2014,106536.641
C2010,10/1/2014,110382.3034
C2010,11/1/2014,106774.212
C2010,12/1/2014,105692.168
C2010,6/1/2015,111373.976
C2010,7/1/2015,106211.445
C2010,8/1/2015,103803.79
C2010,9/1/2015,109065.841
C2010,10/1/2015,124835.402
C2010,11/1/2015,121701.003
C2010,12/1/2015,114220.819
C2010,1/1/2016,116288.763
C2010,2/1/2016,113110.733
C2010,3/1/2016,112952.421
C2010,4/1/2016,109360.892
C2010,5/1/2016,114027.824
C2010,6/1/2016,103884.249
C2010,7/1/2016,99757.989
C2010,8/1/2016,101399.865
C2010,9/1/2016,99306.722
C2010,10/1/2016,121963.196
C2010,11/1/2016,110086.585
C2010,12/1/2016,110982.95
C2010,1/1/2017,122211.467
C2010,2/1/2017,105593.356
C2010,3/1/2017,122435.303
C2010,4/1/2017,111044.995
C2010,5/1/2017,115084.331
C2010,6/1/2017,100396.442
C2010,7/1/2017,98259.991
C2012,1/1/2014,279555.5773
C2012,3/1/2014,279070.0304
C2012,7/1/2014,284995.7525
C2012,9/1/2014,294580.848
C2012,10/1/2014,288096.257
C2012,11/1/2014,266330.253
C2012,12/1/2014,250739.096
C2012,6/1/2015,291861.293
C2012,7/1/2015,309465.891
C2012,8/1/2015,289076.156
C2012,9/1/2015,283516.157
C2012,10/1/2015,298883.053
C2012,11/1/2015,280920.429
C2012,12/1/2015,263842.233
C2012,1/1/2016,300633.811
C2012,2/1/2016,270389.981
C2012,3/1/2016,275843.307
C2012,4/1/2016,260286.781
C2012,5/1/2016,285864.407
C2012,6/1/2016,265566.209
C2012,7/1/2016,255080.653
C2012,8/1/2016,238146.145
C2012,9/1/2016,235499.656
C2012,10/1/2016,265248.788
C2012,11/1/2016,250274.299
C2012,12/1/2016,248409.517
C2012,1/1/2017,272830.083
C2012,2/1/2017,244313.607
C2012,3/1/2017,304760.116
C2012,4/1/2017,282659.459
C2012,5/1/2017,291611.8
C2012,6/1/2017,262771.809
C2012,7/1/2017,278258.594
C2014,1/1/2014,237734.6156
C2014,3/1/2014,242336.3684
C2014,7/1/2014,246983.7352
C2014,9/1/2014,255577.29
C2014,10/1/2014,250615.2287
C2014,11/1/2014,246931.57
C2014,12/1/2014,257980.8116
C2014,6/1/2015,265091.684
C2014,7/1/2015,265452.574
C2014,8/1/2015,262725.276
C2014,9/1/2015,263885.059
C2014,10/1/2015,261304.875
C2014,11/1/2015,250158.136
C2014,12/1/2015,276251.933
C2014,1/1/2016,266935.075
C2014,2/1/2016,241387.902
C2014,3/1/2016,255487.611
C2014,4/1/2016,255098.055
C2014,5/1/2016,267300.665
C2014,6/1/2016,242601.066
C2014,7/1/2016,256723.282
C2014,8/1/2016,249159.329
C2014,9/1/2016,236593.756
C2014,10/1/2016,258106.213
C2014,11/1/2016,248063.513
C2014,12/1/2016,292972.343
C2014,1/1/2017,298300.463
C2014,2/1/2017,265759.358
C2014,3/1/2017,288217.488
C2014,4/1/2017,272936.881
C2014,5/1/2017,283492.267
C2014,6/1/2017,270126.031
C2014,7/1/2017,290998.448
C2016,1/1/2014,299258.1432
C2016,3/1/2014,305018.0171
C2016,7/1/2014,279442.8913
C2016,9/1/2014,321009.214
C2016,10/1/2014,305031.0265
C2016,11/1/2014,300115.822
C2016,12/1/2014,293026.413
C2016,6/1/2015,300017.973
C2016,7/1/2015,283538.282
C2016,8/1/2015,288427.495
C2016,9/1/2015,300163.368
C2016,10/1/2015,281739.065
C2016,11/1/2015,282349.357
C2016,12/1/2015,277135.506
C2016,1/1/2016,307317.453
C2016,2/1/2016,263067.328
C2016,3/1/2016,298523.081
C2016,4/1/2016,277486.599
C2016,5/1/2016,289684.811
C2016,6/1/2016,260915.088
C2016,7/1/2016,256947.581
C2016,8/1/2016,243870.72
C2016,9/1/2016,256430.546
C2016,10/1/2016,262359.094
C2016,11/1/2016,252525.423
C2016,12/1/2016,262097.486
C2016,1/1/2017,296779.511
C2016,2/1/2017,244300.621
C2016,3/1/2017,284827.245
C2016,4/1/2017,281449.884
C2016,5/1/2017,286839.293
C2016,6/1/2017,274315.352
C2016,7/1/2017,274524.092
C2018,1/1/2014,253314.8138
C2018,3/1/2014,266967.8311
C2018,7/1/2014,264304.9571
C2018,9/1/2014,273910.05
C2018,10/1/2014,268746.5039
C2018,11/1/2014,267939.864
C2018,12/1/2014,330542.434
C2018,6/1/2015,269247.698
C2018,7/1/2015,306391.125
C2018,8/1/2015,304123.601
C2018,9/1/2015,304012.732
C2018,10/1/2015,300200.27
C2018,11/1/2015,288681.766
C2018,12/1/2015,380210.47
C2018,1/1/2016,316112.156
C2018,2/1/2016,284941.277
C2018,3/1/2016,293956.646
C2018,4/1/2016,279746.744
C2018,5/1/2016,296903.963
C2018,6/1/2016,287505.763
C2018,7/1/2016,294236.664
C2018,8/1/2016,278883.857
C2018,9/1/2016,268944.417
C2018,10/1/2016,280880.027
C2018,11/1/2016,281380.382
C2018,12/1/2016,375053.93
C2018,1/1/2017,314606.275
C2018,2/1/2017,274710.574
C2018,3/1/2017,292556.105
C2018,4/1/2017,257919.768
C2018,5/1/2017,322635.412
C2018,6/1/2017,327179.322
C2018,7/1/2017,323697.518
C2020,1/1/2014,112614.7873
C2020,3/1/2014,128532.5399
C2020,7/1/2014,121165.8497
C2020,9/1/2014,119454.025
C2020,10/1/2014,117577.406
C2020,11/1/2014,117130.798
C2020,12/1/2014,122020.664
C2020,6/1/2015,119498.685
C2020,7/1/2015,120002.05
C2020,8/1/2015,120664.353
C2020,9/1/2015,119041.001
C2020,10/1/2015,114236.094
C2020,11/1/2015,117169.453
C2020,12/1/2015,134894.347
C2020,1/1/2016,135601.768
C2020,2/1/2016,124432.278
C2020,3/1/2016,122272.545
C2020,4/1/2016,120331.117
C2020,5/1/2016,133207.619
C2020,6/1/2016,125394.879
C2020,7/1/2016,122514.755
C2020,8/1/2016,112385.361
C2020,9/1/2016,112142.458
C2020,10/1/2016,108239.939
C2020,11/1/2016,115038.279
C2020,12/1/2016,132751.333
C2020,1/1/2017,132106.858
C2020,2/1/2017,116493.659
C2020,3/1/2017,128672.111
C2020,4/1/2017,123915.908
C2020,5/1/2017,137756.289
C2020,6/1/2017,134580.083
C2020,7/1/2017,134225.562
C2022,1/1/2014,357462.6708
C2022,3/1/2014,369759.9667
C2022,7/1/2014,334602.4537
C2022,9/1/2014,344092.372
C2022,10/1/2014,341934.3762
C2022,11/1/2014,359320.685
C2022,12/1/2014,331547.226
C2022,6/1/2015,339949.727
C2022,7/1/2015,343044.94
C2022,8/1/2015,350273.722
C2022,9/1/2015,360917.258
C2022,10/1/2015,358114.14
C2022,11/1/2015,356967.252
C2022,12/1/2015,341284.471
C2022,1/1/2016,367340.386
C2022,2/1/2016,344202.925
C2022,3/1/2016,363448.134
C2022,4/1/2016,349825.857
C2022,5/1/2016,358144.474
C2022,6/1/2016,331992.209
C2022,7/1/2016,342288.259
C2022,8/1/2016,328554.487
C2022,9/1/2016,328967.321
C2022,10/1/2016,377967.89
C2022,11/1/2016,351838.648
C2022,12/1/2016,341487.441
C2022,1/1/2017,385666.556
C2022,2/1/2017,356584.56799999997
C2022,3/1/2017,399797.108
C2022,4/1/2017,369546.342
C2022,5/1/2017,385354.456
C2022,6/1/2017,364093.655
C2022,7/1/2017,368796.732
C2024,8/1/2015,291
C2024,9/1/2015,1320
C2024,10/1/2015,1956
C2024,11/1/2015,2468
C2024,12/1/2015,2584
C2024,1/1/2016,3182
C2024,2/1/2016,2900
C2024,3/1/2016,3063
C2024,4/1/2016,3087
C2024,5/1/2016,3405
C2024,6/1/2016,2682
C2024,7/1/2016,2805
C2024,8/1/2016,3013
C2024,9/1/2016,3169
C2024,10/1/2016,3281
C2024,11/1/2016,3137
C2024,12/1/2016,2903
C2024,1/1/2017,5131
C2024,2/1/2017,3219
C2024,3/1/2017,3361
C2024,4/1/2017,3238
C2024,5/1/2017,3463
C2024,6/1/2017,4170
C2024,7/1/2017,4474
C2026,1/1/2014,3057
C2026,3/1/2014,2856
C2026,7/1/2014,2130
C2026,9/1/2014,3651
C2026,10/1/2014,12939
C2026,11/1/2014,57102
C2026,12/1/2014,72268
C2026,6/1/2015,36223
C2026,7/1/2015,39168
C2026,8/1/2015,38852
C2026,9/1/2015,30988
C2026,10/1/2015,34715
C2026,11/1/2015,58505
C2026,12/1/2015,119754
C2026,1/1/2016,100352
C2026,2/1/2016,90997
C2026,3/1/2016,94674
C2026,4/1/2016,95222
C2026,5/1/2016,103119
C2026,6/1/2016,96850
C2026,7/1/2016,99828
C2026,8/1/2016,97102
C2026,9/1/2016,93693
C2026,10/1/2016,96656
C2026,11/1/2016,97386
C2026,12/1/2016,132456
C2026,1/1/2017,110738
C2026,2/1/2017,98695
C2026,3/1/2017,107630
C2026,4/1/2017,100851
C2026,5/1/2017,111549
C2026,6/1/2017,107358
C2026,7/1/2017,116804
C2028,1/1/2014,259952.126
C2028,3/1/2014,251093.3261
C2028,7/1/2014,242223.4577
C2028,9/1/2014,249002.6887
C2028,10/1/2014,252020.5434
C2028,11/1/2014,243151.894
C2028,12/1/2014,284014.703
C2028,6/1/2015,342534.624
C2028,7/1/2015,338655.566
C2028,8/1/2015,332481.684
C2028,9/1/2015,342572.006
C2028,10/1/2015,369433.335
C2028,11/1/2015,427431.694
C2028,12/1/2015,497650.72
C2028,1/1/2016,474580.937
C2028,2/1/2016,433048.547
C2028,3/1/2016,455970.653
C2028,4/1/2016,455568.589
C2028,5/1/2016,514714.284
C2028,6/1/2016,470319.794
C2028,7/1/2016,477041.831
C2028,8/1/2016,455081.392
C2028,9/1/2016,450285.469
C2028,10/1/2016,452222.129
C2028,11/1/2016,454023.485
C2028,12/1/2016,507284.849
C2028,1/1/2017,495605.325
C2028,2/1/2017,433115.956
C2028,3/1/2017,506449.818
C2028,4/1/2017,461010.484
C2028,5/1/2017,517127.898
C2028,6/1/2017,482496.143
C2028,7/1/2017,490145.294
C2030,1/1/2014,106795.5718
C2030,3/1/2014,108690.8927
C2030,7/1/2014,111308.6995
C2030,9/1/2014,114959.465
C2030,10/1/2014,116800.5473
C2030,11/1/2014,107490.881
C2030,12/1/2014,103344.817
C2030,6/1/2015,108205.008
C2030,7/1/2015,109403.125
C2030,8/1/2015,108804.148
C2030,9/1/2015,105348.399
C2030,10/1/2015,106162.873
C2030,11/1/2015,104193.42
C2030,12/1/2015,96862.731
C2030,1/1/2016,106296.213
C2030,2/1/2016,96049.325
C2030,3/1/2016,104148.333
C2030,4/1/2016,97894.627
C2030,5/1/2016,101042.554
C2030,6/1/2016,100686.634
C2030,7/1/2016,99997.032
C2030,8/1/2016,100217.196
C2030,9/1/2016,88581.677
C2030,10/1/2016,98356.177
C2030,11/1/2016,94500.111
C2030,12/1/2016,93256.264
C2030,1/1/2017,109131.998
C2030,2/1/2017,92315.882
C2030,3/1/2017,109898.746
C2030,4/1/2017,103484.052
C2030,5/1/2017,112537.097
C2030,6/1/2017,103129.186
C2030,7/1/2017,107319.837
C2032,1/1/2014,169175.8022
C2032,3/1/2014,173511.3744
C2032,7/1/2014,161404.9423
C2032,9/1/2014,175537.39
C2032,10/1/2014,169327.4527
C2032,11/1/2014,168267.721
C2032,12/1/2014,178829.237
C2032,6/1/2015,175825.75
C2032,7/1/2015,200888.784
C2032,8/1/2015,209100.603
C2032,9/1/2015,216099.679
C2032,10/1/2015,203118.905
C2032,11/1/2015,200589.054
C2032,12/1/2015,220502.874
C2032,1/1/2016,218569.703
C2032,2/1/2016,198172.253
C2032,3/1/2016,210961.286
C2032,4/1/2016,197652.453
C2032,5/1/2016,205080.153
C2032,6/1/2016,200921.743
C2032,7/1/2016,199546.668
C2032,8/1/2016,198675.011
C2032,9/1/2016,197523.554
C2032,10/1/2016,201166.932
C2032,11/1/2016,203771.945
C2032,12/1/2016,212568.97
C2032,1/1/2017,229050.133
C2032,2/1/2017,190427.584
C2032,3/1/2017,219190.022
C2032,4/1/2017,210684.523
C2032,5/1/2017,236529.421
C2032,6/1/2017,220707.374
C2032,7/1/2017,208915.84
C2034,1/1/2014,88155.7959
C2034,3/1/2014,87920.7618
C2034,7/1/2014,90965.8149
C2034,9/1/2014,98758.65
C2034,10/1/2014,97261.2407
C2034,11/1/2014,90937.609
C2034,12/1/2014,81632.977
C2034,6/1/2015,96728.694
C2034,7/1/2015,96643.791
C2034,8/1/2015,96859.854
C2034,9/1/2015,95368.741
C2034,10/1/2015,93570.891
C2034,11/1/2015,96430.153
C2034,12/1/2015,93082.698
C2034,1/1/2016,110016.192
C2034,2/1/2016,98932.931
C2034,3/1/2016,116762.159
C2034,4/1/2016,93853.446
C2034,5/1/2016,96814.11
C2034,6/1/2016,89298.259
C2034,7/1/2016,91503.569
C2034,8/1/2016,89512.761
C2034,9/1/2016,86272.06
C2034,10/1/2016,90040.914
C2034,11/1/2016,89252.234
C2034,12/1/2016,85511.776
C2034,1/1/2017,100860.309
C2034,2/1/2017,85293.781
C2034,3/1/2017,101066.797
C2034,4/1/2017,104334.695
C2034,5/1/2017,101522.986
C2034,6/1/2017,95920.148
C2034,7/1/2017,103536.408
C2070,3/1/2013,4037
C2070,4/1/2013,6308
C2070,5/1/2013,8836
C2070,6/1/2013,8631
C2070,7/1/2013,7463
C2070,8/1/2013,8118
C2070,9/1/2013,6821
C2070,10/1/2013,5910
C2070,11/1/2013,6882
C2070,12/1/2013,9794
C2070,1/1/2014,5443
C2070,2/1/2014,6576
C2070,3/1/2014,8979
C2070,4/1/2014,7152
C2070,5/1/2014,9094
C2070,6/1/2014,8283
C2070,7/1/2014,7152
C2070,8/1/2014,8265
C2070,9/1/2014,6733
C2070,10/1/2014,7519
C2070,11/1/2014,7272
C2070,12/1/2014,9359
C2070,1/1/2015,7554
C2070,2/1/2015,7907
C2070,3/1/2015,6905
C2070,4/1/2015,7162
C2070,5/1/2015,10172
C2070,6/1/2015,8012
C2070,7/1/2015,7969
C2070,8/1/2015,8453
C2070,9/1/2015,6989
C2070,10/1/2015,7842
C2070,11/1/2015,6648
C2070,12/1/2015,8841
C2070,1/1/2016,7422
C2070,2/1/2016,8433
C2070,3/1/2016,6866
C2070,4/1/2016,7014
C2070,5/1/2016,9441
C2070,6/1/2016,8345
C2070,7/1/2016,8670
C2070,8/1/2016,7957
C2070,9/1/2016,6981
C2070,10/1/2016,6876
C2070,11/1/2016,7776
C2070,12/1/2016,9795
C2070,1/1/2017,6790
C2070,2/1/2017,8913
C2070,3/1/2017,6706
C2070,4/1/2017,8584
C2070,5/1/2017,8910
C2070,6/1/2017,9979
C2070,7/1/2017,8916
C2074,10/1/2015,9128.505
C2074,11/1/2015,8908.006
C2074,12/1/2015,9701.41
C2074,1/1/2016,10512.258
C2074,2/1/2016,6830.429
C2074,3/1/2016,7138.613
C2074,4/1/2016,7776.641
C2074,5/1/2016,9219.531
C2074,6/1/2016,8542.437
C2074,7/1/2016,10022.939
C2074,8/1/2016,8865.566
C2074,9/1/2016,8846.815
C2074,10/1/2016,8954.274
C2074,11/1/2016,9582.723
C2074,12/1/2016,9934.682
C2074,1/1/2017,10319.227
C2074,2/1/2017,9978.683
C2074,3/1/2017,11200.411
C2074,4/1/2017,11809.258
C2074,5/1/2017,12491.128
C2074,6/1/2017,11630.638
C2074,7/1/2017,11959.968
C2102,1/1/2013,61707
C2102,2/1/2013,57549
C2102,3/1/2013,80180
C2102,4/1/2013,59814
C2102,5/1/2013,67907
C2102,6/1/2013,66903
C2102,7/1/2013,64474
C2102,8/1/2013,63302
C2102,9/1/2013,60390
C2102,10/1/2013,61588
C2102,11/1/2013,60837
C2102,12/1/2013,116286
C2102,1/1/2014,61496
C2102,2/1/2014,57627
C2102,3/1/2014,63592
C2102,4/1/2014,77074
C2102,5/1/2014,67868
C2102,6/1/2014,63815
C2102,7/1/2014,60601
C2102,8/1/2014,61130
C2102,9/1/2014,53047
C2102,10/1/2014,59538
C2102,11/1/2014,57068
C2102,12/1/2014,105018
C2102,1/1/2015,59225
C2102,2/1/2015,55583
C2102,3/1/2015,67764
C2102,4/1/2015,66643
C2102,5/1/2015,67206
C2102,6/1/2015,65009
C2102,7/1/2015,68076
C2102,8/1/2015,65129
C2102,9/1/2015,62476
C2102,10/1/2015,63926
C2102,11/1/2015,60542
C2102,12/1/2015,107526
C2102,1/1/2016,59944
C2102,2/1/2016,61022
C2102,3/1/2016,65084
C2102,4/1/2016,58500
C2102,5/1/2016,67346
C2102,6/1/2016,66713
C2102,7/1/2016,69605
C2102,8/1/2016,62015
C2102,9/1/2016,64777
C2102,10/1/2016,67695
C2102,11/1/2016,63234
C2102,12/1/2016,123167
C2102,1/1/2017,65659
C2102,2/1/2017,65608
C2102,3/1/2017,70594
C2102,4/1/2017,76410
C2102,5/1/2017,70468
C2102,6/1/2017,69704
C2102,7/1/2017,70923
C2103,1/1/2014,7
C2103,3/1/2014,115
C2103,7/1/2014,9
C2103,8/1/2014,138
C2103,9/1/2014,3305
C2103,10/1/2014,3437
C2103,11/1/2014,3335
C2103,12/1/2014,4552
C2103,1/1/2015,2508
C2103,2/1/2015,3457
C2103,3/1/2015,3489
C2103,4/1/2015,3096
C2103,5/1/2015,1303
C2103,6/1/2015,2815
C2103,7/1/2015,2425
C2103,8/1/2015,2902
C2103,9/1/2015,2923
C2103,10/1/2015,2947
C2103,11/1/2015,2885
C2103,12/1/2015,4551
C2103,1/1/2016,3413
C2103,2/1/2016,3262
C2103,3/1/2016,3386
C2103,4/1/2016,3431
C2103,5/1/2016,3642
C2103,6/1/2016,3337
C2103,7/1/2016,3635
C2103,8/1/2016,3457
C2103,9/1/2016,3185
C2103,10/1/2016,3277
C2103,11/1/2016,2808
C2103,12/1/2016,5057
C2103,1/1/2017,3880
C2103,2/1/2017,3886
C2103,3/1/2017,3944
C2103,4/1/2017,3761
C2103,5/1/2017,3987
C2103,6/1/2017,3822
C2103,7/1/2017,3732
C2104,1/1/2013,33344
C2104,2/1/2013,33688
C2104,3/1/2013,32736
C2104,4/1/2013,38671
C2104,5/1/2013,37509
C2104,6/1/2013,35831
C2104,7/1/2013,33230
C2104,8/1/2013,27430
C2104,9/1/2013,26592
C2104,10/1/2013,32310
C2104,11/1/2013,29032
C2104,12/1/2013,27082
C2104,1/1/2014,17912
C2104,2/1/2014,18617
C2104,3/1/2014,21352
C2104,4/1/2014,18367
C2104,5/1/2014,10110
C2104,6/1/2014,16441
C2104,7/1/2014,17316
C2104,8/1/2014,17906
C2104,9/1/2014,15859
C2104,10/1/2014,14782
C2104,11/1/2014,13677
C2104,12/1/2014,12979
C2104,1/1/2015,14024
C2104,2/1/2015,13030
C2104,3/1/2015,15216
C2104,4/1/2015,14668
C2104,5/1/2015,19290
C2104,6/1/2015,19067
C2104,7/1/2015,19098
C2104,8/1/2015,18542
C2104,9/1/2015,17981
C2104,10/1/2015,18315
C2104,11/1/2015,16824
C2104,12/1/2015,15696
C2104,1/1/2016,16974
C2104,2/1/2016,15756
C2104,3/1/2016,17464
C2104,4/1/2016,21244
C2104,5/1/2016,21220
C2104,6/1/2016,18054
C2104,7/1/2016,13650
C2104,8/1/2016,7775
C2104,9/1/2016,17862
C2104,10/1/2016,18396
C2104,11/1/2016,16835
C2104,12/1/2016,17616
C2104,1/1/2017,19907
C2104,2/1/2017,16838
C2104,3/1/2017,20067
C2104,4/1/2017,30426
C2104,5/1/2017,34881
C2104,6/1/2017,35294
C2104,7/1/2017,33069
C2108,1/1/2013,20844
C2108,2/1/2013,19290
C2108,3/1/2013,23739
C2108,4/1/2013,24948
C2108,5/1/2013,28205
C2108,6/1/2013,25247
C2108,7/1/2013,23040
C2108,8/1/2013,23756
C2108,9/1/2013,24396
C2108,10/1/2013,23283
C2108,11/1/2013,24232
C2108,12/1/2013,29640
C2108,1/1/2014,28718
C2108,2/1/2014,27673
C2108,3/1/2014,30710
C2108,4/1/2014,28457
C2108,5/1/2014,28192
C2108,6/1/2014,28152
C2108,7/1/2014,29252
C2108,8/1/2014,30852
C2108,9/1/2014,31689
C2108,10/1/2014,30365
C2108,11/1/2014,31301
C2108,12/1/2014,35987
C2108,1/1/2015,37264
C2108,2/1/2015,34924
C2108,3/1/2015,35730
C2108,4/1/2015,37227
C2108,5/1/2015,40103
C2108,6/1/2015,33547
C2108,7/1/2015,35622
C2108,8/1/2015,43753
C2108,9/1/2015,36346
C2108,10/1/2015,34036
C2108,11/1/2015,32060
C2108,12/1/2015,36076
C2108,1/1/2016,38321
C2108,2/1/2016,38705
C2108,3/1/2016,38238
C2108,4/1/2016,34788
C2108,5/1/2016,34482
C2108,6/1/2016,29576
C2108,7/1/2016,31445
C2108,8/1/2016,30649
C2108,9/1/2016,28990
C2108,10/1/2016,32070
C2108,11/1/2016,34825
C2108,12/1/2016,37678
C2108,1/1/2017,39998
C2108,2/1/2017,36613
C2108,3/1/2017,40252
C2108,4/1/2017,45265
C2108,5/1/2017,48438
C2108,6/1/2017,40752
C2108,7/1/2017,43247
C2112,1/1/2013,51666
C2112,2/1/2013,49850
C2112,3/1/2013,62286
C2112,4/1/2013,52274
C2112,5/1/2013,58555
C2112,6/1/2013,58321
C2112,7/1/2013,57651
C2112,8/1/2013,57011
C2112,9/1/2013,56491
C2112,10/1/2013,59829
C2112,11/1/2013,58077
C2112,12/1/2013,83399
C2112,1/1/2014,62920
C2112,2/1/2014,59746
C2112,3/1/2014,72429
C2112,4/1/2014,68216
C2112,5/1/2014,67059
C2112,6/1/2014,64546
C2112,7/1/2014,63575
C2112,8/1/2014,65250
C2112,9/1/2014,64474
C2112,10/1/2014,69248
C2112,11/1/2014,67505
C2112,12/1/2014,92382
C2112,1/1/2015,66186
C2112,2/1/2015,61222
C2112,3/1/2015,71972
C2112,4/1/2015,70077
C2112,5/1/2015,70591
C2112,6/1/2015,66387
C2112,7/1/2015,67243
C2112,8/1/2015,66339
C2112,9/1/2015,63185
C2112,10/1/2015,70202
C2112,11/1/2015,69376
C2112,12/1/2015,84416
C2112,1/1/2016,75753
C2112,2/1/2016,67034
C2112,3/1/2016,75250
C2112,4/1/2016,69655
C2112,5/1/2016,72688
C2112,6/1/2016,69515
C2112,7/1/2016,71665
C2112,8/1/2016,65728
C2112,9/1/2016,63971
C2112,10/1/2016,70542
C2112,11/1/2016,70239
C2112,12/1/2016,101604
C2112,1/1/2017,79459
C2112,2/1/2017,69308
C2112,3/1/2017,76017
C2112,4/1/2017,79314
C2112,5/1/2017,76004
C2112,6/1/2017,71604
C2112,7/1/2017,73215
C2114,1/1/2013,18746
C2114,2/1/2013,18849
C2114,3/1/2013,23434
C2114,4/1/2013,21923
C2114,5/1/2013,24642
C2114,6/1/2013,24332
C2114,7/1/2013,24017
C2114,8/1/2013,24575
C2114,9/1/2013,23298
C2114,10/1/2013,23391
C2114,11/1/2013,21725
C2114,12/1/2013,27080
C2114,1/1/2014,21453
C2114,2/1/2014,10656
C2114,3/1/2014,38
C2114,4/1/2014,18999
C2114,5/1/2014,20763
C2114,6/1/2014,19938
C2114,7/1/2014,20886
C2114,8/1/2014,23284
C2114,9/1/2014,21654
C2114,10/1/2014,21345
C2114,11/1/2014,21483
C2114,12/1/2014,26453
C2114,1/1/2015,21095
C2114,2/1/2015,20366
C2114,3/1/2015,23604
C2114,4/1/2015,21574
C2114,5/1/2015,23422
C2114,6/1/2015,21374
C2114,7/1/2015,21711
C2114,8/1/2015,22858
C2114,9/1/2015,20561
C2114,10/1/2015,21541
C2114,11/1/2015,19652
C2114,12/1/2015,25525
C2114,1/1/2016,19965
C2114,2/1/2016,19748
C2114,3/1/2016,21356
C2114,4/1/2016,20351
C2114,5/1/2016,20958
C2114,6/1/2016,18872
C2114,7/1/2016,20178
C2114,8/1/2016,18822
C2114,9/1/2016,17927
C2114,10/1/2016,18925
C2114,11/1/2016,19449
C2114,12/1/2016,23765
C2114,1/1/2017,20199
C2114,2/1/2017,18242
C2114,3/1/2017,20825
C2114,4/1/2017,20486
C2114,5/1/2017,20551
C2114,6/1/2017,19380
C2114,7/1/2017,20070
C2116,1/1/2013,118043
C2116,2/1/2013,110489
C2116,3/1/2013,144555
C2116,4/1/2013,133222
C2116,5/1/2013,137884
C2116,6/1/2013,137582
C2116,7/1/2013,135268
C2116,8/1/2013,135826
C2116,9/1/2013,141424
C2116,10/1/2013,138231
C2116,11/1/2013,134510
C2116,12/1/2013,148578
C2116,1/1/2014,199773
C2116,2/1/2014,138655
C2116,3/1/2014,214788
C2116,4/1/2014,158523
C2116,5/1/2014,150241
C2116,6/1/2014,149218
C2116,7/1/2014,196385
C2116,8/1/2014,151367
C2116,9/1/2014,203222
C2116,10/1/2014,204261
C2116,11/1/2014,199556
C2116,12/1/2014,211178
C2116,1/1/2015,150233
C2116,2/1/2015,136988
C2116,3/1/2015,223543
C2116,4/1/2015,225986
C2116,5/1/2015,228639
C2116,6/1/2015,217446
C2116,7/1/2015,229730
C2116,8/1/2015,235673
C2116,9/1/2015,225382
C2116,10/1/2015,231033
C2116,11/1/2015,226684
C2116,12/1/2015,233020
C2116,1/1/2016,231554
C2116,2/1/2016,214294
C2116,3/1/2016,242816
C2116,4/1/2016,234519
C2116,5/1/2016,238050
C2116,6/1/2016,216103
C2116,7/1/2016,229983
C2116,8/1/2016,212736
C2116,9/1/2016,211836
C2116,10/1/2016,220047
C2116,11/1/2016,210821
C2116,12/1/2016,234833
C2116,1/1/2017,238631
C2116,2/1/2017,224854
C2116,3/1/2017,246942
C2116,4/1/2017,246345
C2116,5/1/2017,243448
C2116,6/1/2017,226138
C2116,7/1/2017,235039
C2122,3/1/2013,2231
C2122,4/1/2013,3910
C2122,5/1/2013,4545
C2122,6/1/2013,5223
C2122,7/1/2013,5000
C2122,8/1/2013,5242
C2122,9/1/2013,6598
C2122,10/1/2013,5744
C2122,11/1/2013,4960
C2122,12/1/2013,5458
C2122,1/1/2014,5268
C2122,2/1/2014,4815
C2122,3/1/2014,5515
C2122,4/1/2014,5246
C2122,5/1/2014,5125
C2122,6/1/2014,4911
C2122,7/1/2014,4838
C2122,8/1/2014,5061
C2122,9/1/2014,6295
C2122,10/1/2014,6240
C2122,11/1/2014,4272
C2122,12/1/2014,4815
C2122,1/1/2015,5437
C2122,2/1/2015,4883
C2122,3/1/2015,5733
C2122,4/1/2015,5526
C2122,5/1/2015,5906
C2122,6/1/2015,5470
C2122,7/1/2015,5225
C2122,8/1/2015,5125
C2122,9/1/2015,5124
C2122,10/1/2015,4793
C2122,11/1/2015,4404
C2122,12/1/2015,4332
C2122,1/1/2016,5051
C2122,2/1/2016,5164
C2122,3/1/2016,5205
C2122,4/1/2016,4876
C2122,5/1/2016,4986
C2122,6/1/2016,4656
C2122,7/1/2016,5144
C2122,8/1/2016,4981
C2122,9/1/2016,4783
C2122,10/1/2016,4792
C2122,11/1/2016,4724
C2122,12/1/2016,4590
C2122,1/1/2017,3376
C2122,2/1/2017,4815
C2122,3/1/2017,5437
C2122,4/1/2017,5274
C2122,5/1/2017,5869
C2122,6/1/2017,5655
C2122,7/1/2017,5475
C2124,1/1/2013,123805
C2124,2/1/2013,114234
C2124,3/1/2013,134012
C2124,4/1/2013,123568
C2124,5/1/2013,128718
C2124,6/1/2013,127630
C2124,7/1/2013,125119
C2124,8/1/2013,123843
C2124,9/1/2013,129514
C2124,10/1/2013,128131
C2124,11/1/2013,123770
C2124,12/1/2013,139759
C2124,1/1/2014,133261
C2124,2/1/2014,124519
C2124,3/1/2014,143214
C2124,4/1/2014,132006
C2124,5/1/2014,137581
C2124,6/1/2014,133201
C2124,7/1/2014,131999
C2124,8/1/2014,140506
C2124,9/1/2014,140969
C2124,10/1/2014,144277
C2124,11/1/2014,140112
C2124,12/1/2014,152743
C2124,1/1/2015,150512
C2124,2/1/2015,141853
C2124,3/1/2015,162633
C2124,4/1/2015,146913
C2124,5/1/2015,159091
C2124,6/1/2015,154055
C2124,7/1/2015,150331
C2124,8/1/2015,150073
C2124,9/1/2015,146217
C2124,10/1/2015,148358
C2124,11/1/2015,145350
C2124,12/1/2015,159503
C2124,1/1/2016,157961
C2124,2/1/2016,141301
C2124,3/1/2016,149533
C2124,4/1/2016,149552
C2124,5/1/2016,150880
C2124,6/1/2016,137856
C2124,7/1/2016,144996
C2124,8/1/2016,135030
C2124,9/1/2016,134758
C2124,10/1/2016,144872
C2124,11/1/2016,142447
C2124,12/1/2016,159835
C2124,1/1/2017,153314
C2124,2/1/2017,134166
C2124,3/1/2017,151783
C2124,4/1/2017,145382
C2124,5/1/2017,169405
C2124,6/1/2017,152328
C2124,7/1/2017,153848
C2128,1/1/2013,16586
C2128,2/1/2013,16458
C2128,3/1/2013,18331
C2128,4/1/2013,16993
C2128,5/1/2013,18808
C2128,6/1/2013,17924
C2128,7/1/2013,17798
C2128,8/1/2013,17627
C2128,9/1/2013,18212
C2128,10/1/2013,18410
C2128,11/1/2013,18992
C2128,12/1/2013,26987
C2128,1/1/2014,19440
C2128,2/1/2014,19333
C2128,3/1/2014,20764
C2128,4/1/2014,19544
C2128,5/1/2014,20557
C2128,6/1/2014,22678
C2128,7/1/2014,21940
C2128,8/1/2014,22520
C2128,9/1/2014,29884
C2128,10/1/2014,34729
C2128,11/1/2014,33227
C2128,12/1/2014,39801
C2128,1/1/2015,32561
C2128,2/1/2015,32020
C2128,3/1/2015,33490
C2128,4/1/2015,32424
C2128,5/1/2015,35884
C2128,6/1/2015,34431
C2128,7/1/2015,39925
C2128,8/1/2015,39279
C2128,9/1/2015,38673
C2128,10/1/2015,41329
C2128,11/1/2015,39370
C2128,12/1/2015,52959
C2128,1/1/2016,39349
C2128,2/1/2016,35699
C2128,3/1/2016,38080
C2128,4/1/2016,36773
C2128,5/1/2016,39260
C2128,6/1/2016,37657
C2128,7/1/2016,38698
C2128,8/1/2016,35092
C2128,9/1/2016,35095
C2128,10/1/2016,36332
C2128,11/1/2016,35310
C2128,12/1/2016,46555
C2128,1/1/2017,37802
C2128,2/1/2017,34791
C2128,3/1/2017,36488
C2128,4/1/2017,39450
C2128,5/1/2017,39150
C2128,6/1/2017,33927
C2128,7/1/2017,32546
C2130,1/1/2013,46048
C2130,2/1/2013,46591
C2130,3/1/2013,53940
C2130,4/1/2013,48895
C2130,5/1/2013,50711
C2130,6/1/2013,53658
C2130,7/1/2013,53790
C2130,8/1/2013,54582
C2130,9/1/2013,53597
C2130,10/1/2013,52758
C2130,11/1/2013,47502
C2130,12/1/2013,64192
C2130,1/1/2014,51819
C2130,2/1/2014,52879
C2130,3/1/2014,61108
C2130,4/1/2014,54734
C2130,5/1/2014,57527
C2130,6/1/2014,50799
C2130,7/1/2014,47358
C2130,8/1/2014,51135
C2130,9/1/2014,51412
C2130,10/1/2014,52388
C2130,11/1/2014,51252
C2130,12/1/2014,69524
C2130,1/1/2015,54568
C2130,2/1/2015,51853
C2130,3/1/2015,59317
C2130,4/1/2015,58366
C2130,5/1/2015,66668
C2130,6/1/2015,63928
C2130,7/1/2015,67734
C2130,8/1/2015,67309
C2130,9/1/2015,37929
C2130,10/1/2015,52420
C2130,11/1/2015,60750
C2130,12/1/2015,82852
C2130,1/1/2016,63681
C2130,2/1/2016,60227
C2130,3/1/2016,66826
C2130,4/1/2016,63560
C2130,5/1/2016,68973
C2130,6/1/2016,64576
C2130,7/1/2016,66938
C2130,8/1/2016,64890
C2130,9/1/2016,66646
C2130,10/1/2016,68995
C2130,11/1/2016,72046
C2130,12/1/2016,90052
C2130,1/1/2017,71726
C2130,2/1/2017,63973
C2130,3/1/2017,77665
C2130,4/1/2017,70407
C2130,5/1/2017,76734
C2130,6/1/2017,71676
C2130,7/1/2017,73141
C2142,1/1/2013,24081
C2142,2/1/2013,24037
C2142,3/1/2013,26123
C2142,4/1/2013,25232
C2142,5/1/2013,28049
C2142,6/1/2013,28043
C2142,7/1/2013,27605
C2142,8/1/2013,29837
C2142,9/1/2013,29919
C2142,10/1/2013,30605
C2142,11/1/2013,29906
C2142,12/1/2013,34817
C2142,1/1/2014,32496
C2142,2/1/2014,30801
C2142,3/1/2014,33356
C2142,4/1/2014,30431
C2142,5/1/2014,34298
C2142,6/1/2014,33455
C2142,7/1/2014,32638
C2142,8/1/2014,32869
C2142,9/1/2014,32645
C2142,10/1/2014,32975
C2142,11/1/2014,31246
C2142,12/1/2014,36264
C2142,1/1/2015,34065
C2142,2/1/2015,31727
C2142,3/1/2015,34854
C2142,4/1/2015,33933
C2142,5/1/2015,36337
C2142,6/1/2015,34345
C2142,7/1/2015,35767
C2142,8/1/2015,35953
C2142,9/1/2015,35001
C2142,10/1/2015,36864
C2142,11/1/2015,34101
C2142,12/1/2015,40794
C2142,1/1/2016,38447
C2142,2/1/2016,37352
C2142,3/1/2016,37588
C2142,4/1/2016,37144
C2142,5/1/2016,40385
C2142,6/1/2016,37997
C2142,7/1/2016,39908
C2142,8/1/2016,37588
C2142,9/1/2016,36113
C2142,10/1/2016,37253
C2142,11/1/2016,35121
C2142,12/1/2016,42457
C2142,1/1/2017,41665
C2142,2/1/2017,37862
C2142,3/1/2017,39853
C2142,4/1/2017,38160
C2142,5/1/2017,41617
C2142,6/1/2017,41112
C2142,7/1/2017,43978
C2152,11/1/2013,9077
C2152,12/1/2013,10596
C2152,1/1/2014,11483
C2152,2/1/2014,10716
C2152,3/1/2014,12345
C2152,4/1/2014,12237
C2152,5/1/2014,12793
C2152,6/1/2014,12914
C2152,7/1/2014,12837
C2152,8/1/2014,13838
C2152,9/1/2014,14213
C2152,10/1/2014,16018
C2152,11/1/2014,17593
C2152,12/1/2014,18441
C2152,1/1/2015,19925
C2152,2/1/2015,19524
C2152,3/1/2015,22404
C2152,4/1/2015,20956
C2152,5/1/2015,22005
C2152,6/1/2015,21715
C2152,7/1/2015,21658
C2152,8/1/2015,21348
C2152,9/1/2015,21485
C2152,10/1/2015,21206
C2152,11/1/2015,20846
C2152,12/1/2015,20716
C2152,1/1/2016,22156
C2152,2/1/2016,20500
C2152,3/1/2016,22015
C2152,4/1/2016,21724
C2152,5/1/2016,21837
C2152,6/1/2016,20859
C2152,7/1/2016,21617
C2152,8/1/2016,19866
C2152,9/1/2016,20189
C2152,10/1/2016,19936
C2152,11/1/2016,19797
C2152,12/1/2016,20765
C2152,1/1/2017,21138
C2152,2/1/2017,19153
C2152,3/1/2017,21172
C2152,4/1/2017,20597
C2152,5/1/2017,20763
C2152,6/1/2017,19502
C2152,7/1/2017,19939
C2156,1/1/2013,8867
C2156,2/1/2013,8838
C2156,3/1/2013,10941
C2156,4/1/2013,10140
C2156,5/1/2013,10124
C2156,6/1/2013,10204
C2156,7/1/2013,9935
C2156,8/1/2013,9890
C2156,9/1/2013,10342
C2156,10/1/2013,9816
C2156,11/1/2013,9213
C2156,12/1/2013,9706
C2156,1/1/2014,9397
C2156,2/1/2014,8741
C2156,3/1/2014,10137
C2156,4/1/2014,9959
C2156,5/1/2014,9834
C2156,6/1/2014,9684
C2156,7/1/2014,9454
C2156,8/1/2014,9802
C2156,9/1/2014,9553
C2156,10/1/2014,9209
C2156,11/1/2014,8992
C2156,12/1/2014,9095
C2156,1/1/2015,9189
C2156,2/1/2015,7833
C2156,3/1/2015,9344
C2156,4/1/2015,8606
C2156,5/1/2015,8707
C2156,6/1/2015,7854
C2156,7/1/2015,7681
C2156,8/1/2015,7659
C2156,9/1/2015,7868
C2156,10/1/2015,7689
C2156,11/1/2015,7479
C2156,12/1/2015,7645
C2156,1/1/2016,7707
C2156,2/1/2016,8830
C2156,3/1/2016,12364
C2156,4/1/2016,11435
C2156,5/1/2016,10910
C2156,6/1/2016,10519
C2156,7/1/2016,10873
C2156,8/1/2016,10304
C2156,9/1/2016,10036
C2156,10/1/2016,9301
C2156,11/1/2016,8133
C2156,12/1/2016,9032
C2156,1/1/2017,8495
C2156,2/1/2017,7854
C2156,3/1/2017,8861
C2156,4/1/2017,8553
C2156,5/1/2017,8297
C2156,6/1/2017,8098
C2156,7/1/2017,8160
C2162,11/1/2013,59838
C2162,12/1/2013,62159
C2162,1/1/2014,76123
C2162,2/1/2014,69205
C2162,3/1/2014,75348
C2162,4/1/2014,69804
C2162,5/1/2014,71362
C2162,6/1/2014,71845
C2162,7/1/2014,68262
C2162,8/1/2014,75604
C2162,9/1/2014,92713
C2162,10/1/2014,92264
C2162,11/1/2014,95288
C2162,12/1/2014,80046
C2162,1/1/2015,99802
C2162,2/1/2015,82537
C2162,3/1/2015,97423
C2162,4/1/2015,89257
C2162,5/1/2015,104660
C2162,6/1/2015,98072
C2162,7/1/2015,89768
C2162,8/1/2015,89095
C2162,9/1/2015,88756
C2162,10/1/2015,88473
C2162,11/1/2015,84755
C2162,12/1/2015,69494
C2162,1/1/2016,86804
C2162,2/1/2016,71851
C2162,3/1/2016,76051
C2162,4/1/2016,77745
C2162,5/1/2016,79420
C2162,6/1/2016,70065
C2162,7/1/2016,72902
C2162,8/1/2016,72095
C2162,9/1/2016,70261
C2162,10/1/2016,73794
C2162,11/1/2016,76695
C2162,12/1/2016,70637
C2162,1/1/2017,85250
C2162,2/1/2017,72306
C2162,3/1/2017,79498
C2162,4/1/2017,78237
C2162,5/1/2017,69981
C2162,6/1/2017,58331
C2162,7/1/2017,56121
C2164,11/1/2013,2386
C2164,12/1/2013,40632
C2164,1/1/2014,43811
C2164,2/1/2014,38343
C2164,3/1/2014,44047
C2164,4/1/2014,39882
C2164,5/1/2014,40746
C2164,6/1/2014,37777
C2164,7/1/2014,36272
C2164,8/1/2014,37822
C2164,9/1/2014,36505
C2164,10/1/2014,31485
C2164,11/1/2014,33731
C2164,12/1/2014,27495
C2164,1/1/2015,31156
C2164,2/1/2015,26196
C2164,3/1/2015,30504
C2164,4/1/2015,28283
C2164,5/1/2015,29972
C2164,6/1/2015,27736
C2164,7/1/2015,31654
C2164,8/1/2015,31759
C2164,9/1/2015,31069
C2164,10/1/2015,30338
C2164,11/1/2015,28845
C2164,12/1/2015,25606
C2164,1/1/2016,27492
C2164,2/1/2016,23618
C2164,3/1/2016,24091
C2164,4/1/2016,24673
C2164,5/1/2016,27798
C2164,6/1/2016,21128
C2164,7/1/2016,21666
C2164,8/1/2016,21473
C2164,9/1/2016,21581
C2164,10/1/2016,24130
C2164,11/1/2016,18562
C2164,12/1/2016,23984
C2164,1/1/2017,25914
C2164,2/1/2017,22445
C2164,3/1/2017,24406
C2164,4/1/2017,23914
C2164,5/1/2017,25006
C2164,6/1/2017,27226
C2164,7/1/2017,27454
C2166,11/1/2013,15444
C2166,12/1/2013,19885
C2166,1/1/2014,19322
C2166,2/1/2014,18257
C2166,3/1/2014,19506
C2166,4/1/2014,19394
C2166,5/1/2014,19551
C2166,6/1/2014,19798
C2166,7/1/2014,19805
C2166,8/1/2014,20972
C2166,9/1/2014,20808
C2166,10/1/2014,19986
C2166,11/1/2014,19472
C2166,12/1/2014,20685
C2166,1/1/2015,20242
C2166,2/1/2015,17466
C2166,3/1/2015,19159
C2166,4/1/2015,17499
C2166,5/1/2015,21354
C2166,6/1/2015,42216
C2166,7/1/2015,45485
C2166,8/1/2015,46871
C2166,9/1/2015,44797
C2166,10/1/2015,46686
C2166,11/1/2015,47536
C2166,12/1/2015,52623
C2166,1/1/2016,53479
C2166,2/1/2016,50751
C2166,3/1/2016,54772
C2166,4/1/2016,55011
C2166,5/1/2016,56654
C2166,6/1/2016,54304
C2166,7/1/2016,57764
C2166,8/1/2016,54569
C2166,9/1/2016,54236
C2166,10/1/2016,59875
C2166,11/1/2016,79871
C2166,12/1/2016,91761
C2166,1/1/2017,88851
C2166,2/1/2017,76956
C2166,3/1/2017,85625
C2166,4/1/2017,75208
C2166,5/1/2017,82751
C2166,6/1/2017,79129
C2166,7/1/2017,77974
C2168,3/1/2016,3304
C2168,4/1/2016,15634
C2168,5/1/2016,16059
C2168,6/1/2016,13654
C2168,7/1/2016,14400
C2168,8/1/2016,10014
C2168,9/1/2016,10042
C2168,10/1/2016,10399
C2168,11/1/2016,9744
C2168,12/1/2016,10901
C2168,1/1/2017,20346
C2168,2/1/2017,10628
C2168,3/1/2017,11082
C2168,4/1/2017,11520
C2168,5/1/2017,10693
C2168,6/1/2017,11357
C2168,7/1/2017,10051
C2170,11/1/2013,108809
C2170,12/1/2013,157511
C2170,1/1/2014,170785
C2170,2/1/2014,152562
C2170,3/1/2014,170734
C2170,4/1/2014,160071
C2170,5/1/2014,172209
C2170,6/1/2014,173808
C2170,7/1/2014,157214
C2170,8/1/2014,159469
C2170,9/1/2014,157662
C2170,10/1/2014,154521
C2170,11/1/2014,148892
C2170,12/1/2014,132195
C2170,1/1/2015,152298
C2170,2/1/2015,130849
C2170,3/1/2015,145632
C2170,4/1/2015,134834
C2170,5/1/2015,161622
C2170,6/1/2015,152572
C2170,7/1/2015,142066
C2170,8/1/2015,140210
C2170,9/1/2015,149458
C2170,10/1/2015,147118
C2170,11/1/2015,140835
C2170,12/1/2015,131316
C2170,1/1/2016,150983
C2170,2/1/2016,126975
C2170,3/1/2016,133776
C2170,4/1/2016,139778
C2170,5/1/2016,163767
C2170,6/1/2016,146939
C2170,7/1/2016,149953
C2170,8/1/2016,144932
C2170,9/1/2016,147594
C2170,10/1/2016,158189
C2170,11/1/2016,192526
C2170,12/1/2016,145432
C2170,1/1/2017,164555
C2170,2/1/2017,136317
C2170,3/1/2017,159902
C2170,4/1/2017,157860
C2170,5/1/2017,167913
C2170,6/1/2017,147550
C2170,7/1/2017,149588
C2172,11/1/2013,62144
C2172,12/1/2013,66901
C2172,1/1/2014,70932
C2172,2/1/2014,71642
C2172,3/1/2014,82067
C2172,4/1/2014,79926
C2172,5/1/2014,82720
C2172,6/1/2014,82658
C2172,7/1/2014,77871
C2172,8/1/2014,78019
C2172,9/1/2014,85273
C2172,10/1/2014,83801
C2172,11/1/2014,85136
C2172,12/1/2014,76907
C2172,1/1/2015,86565
C2172,2/1/2015,78683
C2172,3/1/2015,93567
C2172,4/1/2015,91941
C2172,5/1/2015,102971
C2172,6/1/2015,96210
C2172,7/1/2015,93009
C2172,8/1/2015,95125
C2172,9/1/2015,101571
C2172,10/1/2015,116212
C2172,11/1/2015,114975
C2172,12/1/2015,112101
C2172,1/1/2016,119023
C2172,2/1/2016,104614
C2172,3/1/2016,112178
C2172,4/1/2016,114860
C2172,5/1/2016,121879
C2172,6/1/2016,108404
C2172,7/1/2016,117265
C2172,8/1/2016,107974
C2172,9/1/2016,113171
C2172,10/1/2016,116979
C2172,11/1/2016,122700
C2172,12/1/2016,135527
C2172,1/1/2017,124588
C2172,2/1/2017,112343
C2172,3/1/2017,161087
C2172,4/1/2017,142558
C2172,5/1/2017,140990
C2172,6/1/2017,142780
C2172,7/1/2017,151450
C2174,11/1/2013,59859
C2174,12/1/2013,90479
C2174,1/1/2014,101467
C2174,2/1/2014,92732
C2174,3/1/2014,106664
C2174,4/1/2014,95849
C2174,5/1/2014,92966
C2174,6/1/2014,95627
C2174,7/1/2014,80278
C2174,8/1/2014,78317
C2174,9/1/2014,82868
C2174,10/1/2014,84636
C2174,11/1/2014,88898
C2174,12/1/2014,74266
C2174,1/1/2015,87666
C2174,2/1/2015,69753
C2174,3/1/2015,79473
C2174,4/1/2015,73371
C2174,5/1/2015,87577
C2174,6/1/2015,79339
C2174,7/1/2015,70607
C2174,8/1/2015,78426
C2174,9/1/2015,87817
C2174,10/1/2015,85025
C2174,11/1/2015,83150
C2174,12/1/2015,75033
C2174,1/1/2016,87129
C2174,2/1/2016,99379
C2174,3/1/2016,163083
C2174,4/1/2016,185769
C2174,5/1/2016,214734
C2174,6/1/2016,183450
C2174,7/1/2016,172203
C2174,8/1/2016,174090
C2174,9/1/2016,191337
C2174,10/1/2016,197860
C2174,11/1/2016,196674
C2174,12/1/2016,174040
C2174,1/1/2017,211769
C2174,2/1/2017,169128
C2174,3/1/2017,240473
C2174,4/1/2017,195740
C2174,5/1/2017,220766
C2174,6/1/2017,209915
C2174,7/1/2017,183661
C2178,10/1/2015,46316
C2178,11/1/2015,43253
C2178,12/1/2015,52798
C2178,1/1/2016,49689
C2178,2/1/2016,44898
C2178,3/1/2016,49400
C2178,4/1/2016,46124
C2178,5/1/2016,44957
C2178,6/1/2016,39397
C2178,7/1/2016,38200
C2178,8/1/2016,36609
C2178,9/1/2016,36594
C2178,10/1/2016,40538
C2178,11/1/2016,40010
C2178,12/1/2016,47399
C2178,1/1/2017,45730
C2178,2/1/2017,46628
C2178,3/1/2017,46475
C2178,4/1/2017,46878
C2178,5/1/2017,40077
C2178,6/1/2017,35416
C2178,7/1/2017,32834
C2208,10/1/2015,6818
C2208,11/1/2015,6275
C2208,12/1/2015,6373
C2208,1/1/2016,6855
C2208,2/1/2016,6875
C2208,3/1/2016,6700
C2208,4/1/2016,6724
C2208,5/1/2016,7303
C2208,6/1/2016,6832
C2208,7/1/2016,7555
C2208,8/1/2016,7333
C2208,9/1/2016,7775
C2208,10/1/2016,8690
C2208,11/1/2016,9554
C2208,12/1/2016,7090
C2208,1/1/2017,9801
C2208,2/1/2017,7388
C2208,3/1/2017,8313
C2208,4/1/2017,7938
C2208,5/1/2017,8407
C2208,6/1/2017,8053
C2208,7/1/2017,8670
C2210,1/1/2013,1768
C2210,2/1/2013,1898
C2210,3/1/2013,4620
C2210,4/1/2013,6511
C2210,5/1/2013,6537
C2210,6/1/2013,19669
C2210,7/1/2013,25054
C2210,8/1/2013,26754
C2210,9/1/2013,24444
C2210,10/1/2013,23539
C2210,11/1/2013,21580
C2210,12/1/2013,27413
C2210,1/1/2014,20085
C2210,2/1/2014,21040
C2210,3/1/2014,22089
C2210,4/1/2014,17594
C2210,5/1/2014,20722
C2210,6/1/2014,23851
C2210,7/1/2014,23628
C2210,8/1/2014,25393
C2210,9/1/2014,22058
C2210,10/1/2014,21425
C2210,11/1/2014,21176
C2210,12/1/2014,26272
C2210,1/1/2015,19038
C2210,2/1/2015,20699
C2210,3/1/2015,17507
C2210,4/1/2015,23639
C2210,5/1/2015,19672
C2210,6/1/2015,23124
C2210,7/1/2015,23361
C2210,8/1/2015,21632
C2210,9/1/2015,20956
C2210,10/1/2015,21021
C2210,11/1/2015,20404
C2210,12/1/2015,28000
C2210,1/1/2016,22680
C2210,2/1/2016,24566
C2210,3/1/2016,21110
C2210,4/1/2016,22424
C2210,5/1/2016,21816
C2210,6/1/2016,21417
C2210,7/1/2016,22998
C2210,8/1/2016,16466
C2210,9/1/2016,16815
C2210,10/1/2016,18158
C2210,11/1/2016,22303
C2210,12/1/2016,21911
C2210,1/1/2017,18306
C2210,2/1/2017,20146
C2210,3/1/2017,22035
C2210,4/1/2017,16182
C2210,5/1/2017,17217
C2210,6/1/2017,14073
C2210,7/1/2017,15383
C2214,1/1/2013,5723
C2214,2/1/2013,4467
C2214,3/1/2013,5809
C2214,4/1/2013,5446
C2214,5/1/2013,5059
C2214,6/1/2013,4947
C2214,7/1/2013,4207
C2214,8/1/2013,4185
C2214,9/1/2013,4819
C2214,10/1/2013,4336
C2214,11/1/2013,4381
C2214,12/1/2013,4182
C2214,1/1/2014,4771
C2214,2/1/2014,4189
C2214,3/1/2014,4814
C2214,4/1/2014,4257
C2214,5/1/2014,4709
C2214,6/1/2014,4968
C2214,7/1/2014,4682
C2214,8/1/2014,4801
C2214,9/1/2014,5217
C2214,10/1/2014,4429
C2214,11/1/2014,4606
C2214,12/1/2014,4325
C2214,1/1/2015,5337
C2214,2/1/2015,4212
C2214,3/1/2015,4907
C2214,4/1/2015,4794
C2214,5/1/2015,5111
C2214,6/1/2015,4638
C2214,7/1/2015,4565
C2214,8/1/2015,4655
C2214,9/1/2015,5018
C2214,10/1/2015,4632
C2214,11/1/2015,4718
C2214,12/1/2015,3813
C2214,1/1/2016,4839
C2214,2/1/2016,4175
C2214,3/1/2016,4419
C2214,4/1/2016,4814
C2214,5/1/2016,4583
C2214,6/1/2016,3922
C2214,7/1/2016,3790
C2214,8/1/2016,3660
C2214,9/1/2016,4068
C2214,10/1/2016,3737
C2214,11/1/2016,3706
C2214,12/1/2016,3189
C2214,1/1/2017,4227
C2214,2/1/2017,3379
C2214,3/1/2017,4129
C2214,4/1/2017,4788
C2214,5/1/2017,4735
C2214,6/1/2017,4307
C2214,7/1/2017,4194
C2218,1/1/2013,12894
C2218,2/1/2013,11414
C2218,3/1/2013,13326
C2218,4/1/2013,13499
C2218,5/1/2013,12837
C2218,6/1/2013,13015
C2218,7/1/2013,12805
C2218,8/1/2013,13116
C2218,9/1/2013,13942
C2218,10/1/2013,13459
C2218,11/1/2013,12681
C2218,12/1/2013,12041
C2218,1/1/2014,25381
C2218,2/1/2014,12678
C2218,3/1/2014,26776
C2218,4/1/2014,12908
C2218,5/1/2014,13417
C2218,6/1/2014,13494
C2218,7/1/2014,27340
C2218,8/1/2014,11853
C2218,9/1/2014,25768
C2218,10/1/2014,25481
C2218,11/1/2014,25997
C2218,12/1/2014,22657
C2218,1/1/2015,26376
C2218,2/1/2015,23523
C2218,3/1/2015,25226
C2218,4/1/2015,23922
C2218,5/1/2015,26064
C2218,6/1/2015,26061
C2218,7/1/2015,26594
C2218,8/1/2015,27200
C2218,9/1/2015,26036
C2218,10/1/2015,26139
C2218,11/1/2015,23803
C2218,12/1/2015,21790
C2218,1/1/2016,25598
C2218,2/1/2016,24680
C2218,3/1/2016,25018
C2218,4/1/2016,23256
C2218,5/1/2016,25107
C2218,6/1/2016,21323
C2218,7/1/2016,21867
C2218,8/1/2016,20684
C2218,9/1/2016,23523
C2218,10/1/2016,27301
C2218,11/1/2016,25205
C2218,12/1/2016,23397
C2218,1/1/2017,26781
C2218,2/1/2017,23442
C2218,3/1/2017,28738
C2218,4/1/2017,29699
C2218,5/1/2017,31336
C2218,6/1/2017,29409
C2218,7/1/2017,29153
C2220,1/1/2013,21219
C2220,2/1/2013,19780
C2220,3/1/2013,20598
C2220,4/1/2013,20597
C2220,5/1/2013,22787
C2220,6/1/2013,24299
C2220,7/1/2013,23118
C2220,8/1/2013,22465
C2220,9/1/2013,22585
C2220,10/1/2013,22582
C2220,11/1/2013,22496
C2220,12/1/2013,40473
C2220,1/1/2014,29417
C2220,2/1/2014,23657
C2220,3/1/2014,26737
C2220,4/1/2014,23677
C2220,5/1/2014,25223
C2220,6/1/2014,24520
C2220,7/1/2014,23473
C2220,8/1/2014,23878
C2220,9/1/2014,23408
C2220,10/1/2014,24406
C2220,11/1/2014,23675
C2220,12/1/2014,37373
C2220,1/1/2015,25504
C2220,2/1/2015,21479
C2220,3/1/2015,24057
C2220,4/1/2015,23021
C2220,5/1/2015,25541
C2220,6/1/2015,24310
C2220,7/1/2015,23583
C2220,8/1/2015,23847
C2220,9/1/2015,23749
C2220,10/1/2015,23262
C2220,11/1/2015,23482
C2220,12/1/2015,38066
C2220,1/1/2016,25457
C2220,2/1/2016,21612
C2220,3/1/2016,23196
C2220,4/1/2016,24052
C2220,5/1/2016,24878
C2220,6/1/2016,22893
C2220,7/1/2016,22474
C2220,8/1/2016,20980
C2220,9/1/2016,20949
C2220,10/1/2016,21747
C2220,11/1/2016,25574
C2220,12/1/2016,41101
C2220,1/1/2017,24895
C2220,2/1/2017,21587
C2220,3/1/2017,22807
C2220,4/1/2017,23971
C2220,5/1/2017,27302
C2220,6/1/2017,27011
C2220,7/1/2017,27295
C2222,1/1/2013,9744
C2222,2/1/2013,9743
C2222,3/1/2013,11439
C2222,4/1/2013,10293
C2222,5/1/2013,11095
C2222,6/1/2013,11461
C2222,7/1/2013,13044
C2222,8/1/2013,10973
C2222,9/1/2013,11053
C2222,10/1/2013,11659
C2222,11/1/2013,13336
C2222,12/1/2013,8790
C2222,1/1/2014,1729
C2222,2/1/2014,11911
C2222,3/1/2014,10575
C2222,4/1/2014,7571
C2222,5/1/2014,12830
C2222,6/1/2014,11554
C2222,7/1/2014,10569
C2222,8/1/2014,10891
C2222,9/1/2014,9926
C2222,10/1/2014,9861
C2222,11/1/2014,11347
C2222,12/1/2014,13557
C2222,1/1/2015,15129
C2222,2/1/2015,14458
C2222,3/1/2015,17043
C2222,4/1/2015,16899
C2222,5/1/2015,17817
C2222,6/1/2015,15846
C2222,7/1/2015,16349
C2222,8/1/2015,16046
C2222,9/1/2015,14302
C2222,10/1/2015,14213
C2222,11/1/2015,13894
C2222,12/1/2015,14588
C2222,1/1/2016,14427
C2222,2/1/2016,12490
C2222,3/1/2016,13321
C2222,4/1/2016,14322
C2222,5/1/2016,15682
C2222,6/1/2016,13940
C2222,7/1/2016,14461
C2222,8/1/2016,12973
C2222,9/1/2016,12323
C2222,10/1/2016,14425
C2222,11/1/2016,12863
C2222,12/1/2016,14597
C2222,1/1/2017,13724
C2222,2/1/2017,12334
C2222,3/1/2017,13558
C2222,4/1/2017,14001
C2222,5/1/2017,14511
C2222,6/1/2017,13602
C2222,7/1/2017,13263
C2226,1/1/2013,12888.281
C2226,2/1/2013,5009.224
C2226,3/1/2013,4838.167
C2226,4/1/2013,4702.934
C2226,5/1/2013,7607.028
C2226,6/1/2013,7575.569
C2226,7/1/2013,4731.687
C2226,8/1/2013,3324.418
C2226,9/1/2013,3702.703
C2226,10/1/2013,5126.215
C2226,11/1/2013,17083.178
C2226,12/1/2013,568952.314
C2226,1/1/2014,17211.917
C2226,2/1/2014,6038.701
C2226,3/1/2014,5425.98
C2226,4/1/2014,4338.155
C2226,5/1/2014,8335.697
C2226,6/1/2014,5557.893
C2226,7/1/2014,4706.257
C2226,8/1/2014,4742.412
C2226,9/1/2014,4149.213
C2226,10/1/2014,5534.065
C2226,11/1/2014,16597.005
C2226,12/1/2014,565231.724
C2226,1/1/2015,17802.91
C2226,2/1/2015,6398.46
C2226,3/1/2015,6333.134
C2226,4/1/2015,5353.493
C2226,5/1/2015,7517.512
C2226,6/1/2015,6471.439
C2226,7/1/2015,5820.2
C2226,8/1/2015,5003.14
C2226,9/1/2015,5475.038
C2226,10/1/2015,10432.177
C2226,11/1/2015,32450.404
C2226,12/1/2015,903886.586
C2226,1/1/2016,22505.504
C2226,2/1/2016,9402.345
C2226,3/1/2016,7840.045
C2226,4/1/2016,7641.529
C2226,5/1/2016,11602.151
C2226,6/1/2016,10375.27
C2226,7/1/2016,8871.955
C2226,8/1/2016,7474.435
C2226,9/1/2016,6789.103
C2226,10/1/2016,8996.577
C2226,11/1/2016,25151.308
C2226,12/1/2016,853857.367
C2226,1/1/2017,23666.368
C2226,2/1/2017,10739.455
C2226,3/1/2017,9219.45
C2226,4/1/2017,7700.729
C2226,5/1/2017,16768.281
C2226,6/1/2017,14934.827
C2226,7/1/2017,11315.293
C2228,1/1/2013,50716
C2228,2/1/2013,43978
C2228,3/1/2013,52497
C2228,4/1/2013,50290
C2228,5/1/2013,49643
C2228,6/1/2013,53453
C2228,7/1/2013,48775
C2228,8/1/2013,47209
C2228,9/1/2013,49883
C2228,10/1/2013,47471
C2228,11/1/2013,46562
C2228,12/1/2013,49292
C2228,1/1/2014,51695
C2228,2/1/2014,49529
C2228,3/1/2014,57676
C2228,4/1/2014,54411
C2228,5/1/2014,54892
C2228,6/1/2014,53917
C2228,7/1/2014,54938
C2228,8/1/2014,56236
C2228,9/1/2014,52703
C2228,10/1/2014,52611
C2228,11/1/2014,51819
C2228,12/1/2014,54724
C2228,1/1/2015,60135
C2228,2/1/2015,50114
C2228,3/1/2015,57071
C2228,4/1/2015,57045
C2228,5/1/2015,66081
C2228,6/1/2015,59476
C2228,7/1/2015,60558
C2228,8/1/2015,60407
C2228,9/1/2015,58879
C2228,10/1/2015,60300
C2228,11/1/2015,55752
C2228,12/1/2015,60889
C2228,1/1/2016,65922
C2228,2/1/2016,57290
C2228,3/1/2016,57694
C2228,4/1/2016,58354
C2228,5/1/2016,61318
C2228,6/1/2016,55054
C2228,7/1/2016,58897
C2228,8/1/2016,54558
C2228,9/1/2016,54195
C2228,10/1/2016,55995
C2228,11/1/2016,52661
C2228,12/1/2016,53643
C2228,1/1/2017,54180
C2228,2/1/2017,46605
C2228,3/1/2017,49696
C2228,4/1/2017,49518
C2228,5/1/2017,54053
C2228,6/1/2017,48989
C2228,7/1/2017,50288
C2238,1/1/2013,2209.769
C2238,2/1/2013,1734.412
C2238,3/1/2013,2160.537
C2238,4/1/2013,2015.012
C2238,5/1/2013,2464.179
C2238,6/1/2013,2302.061
C2238,7/1/2013,2070.648
C2238,8/1/2013,2095.377
C2238,9/1/2013,1924.961
C2238,10/1/2013,2043.441
C2238,11/1/2013,2266.96
C2238,12/1/2013,9440.594
C2238,1/1/2014,1900.132
C2238,2/1/2014,1988.095
C2238,3/1/2014,2299.384
C2238,4/1/2014,1638.829
C2238,5/1/2014,2349.235
C2238,6/1/2014,2068.906
C2238,7/1/2014,1876.195
C2238,8/1/2014,2022.008
C2238,9/1/2014,1890.617
C2238,10/1/2014,2156.071
C2238,11/1/2014,2276.788
C2238,12/1/2014,9983.235
C2238,1/1/2015,2559.068
C2238,2/1/2015,1859.495
C2238,3/1/2015,1984.498
C2238,4/1/2015,1706.059
C2238,5/1/2015,2178.15
C2238,6/1/2015,2221.366
C2238,7/1/2015,2157.781
C2238,8/1/2015,2110.589
C2238,9/1/2015,1857.213
C2238,10/1/2015,1982.396
C2238,11/1/2015,2338.128
C2238,12/1/2015,11746.279
C2238,1/1/2016,4213.292
C2238,2/1/2016,1766.324
C2238,3/1/2016,1622.885
C2238,4/1/2016,1663.963
C2238,5/1/2016,1726.914
C2238,6/1/2016,1615.086
C2238,7/1/2016,1675.662
C2238,8/1/2016,1333.905
C2238,9/1/2016,1265.19
C2238,10/1/2016,1999.838
C2238,11/1/2016,2525.621
C2238,12/1/2016,10178.404
C2238,1/1/2017,2508.565
C2238,2/1/2017,2302.959
C2238,3/1/2017,1639.656
C2238,4/1/2017,1730.419
C2238,5/1/2017,2474.264
C2238,6/1/2017,2259.307
C2238,7/1/2017,2029.146
C2242,1/1/2013,895.085
C2242,2/1/2013,682.566
C2242,3/1/2013,622.654
C2242,4/1/2013,577.101
C2242,5/1/2013,1591.643
C2242,6/1/2013,1529.019
C2242,7/1/2013,806.094
C2242,8/1/2013,767.616
C2242,9/1/2013,897.378
C2242,10/1/2013,765.453
C2242,11/1/2013,2139.507
C2242,12/1/2013,63403.454
C2242,1/1/2014,535.697
C2242,2/1/2014,508.14
C2242,3/1/2014,690.849
C2242,4/1/2014,754.044
C2242,5/1/2014,1384.034
C2242,6/1/2014,976.628
C2242,7/1/2014,874.698
C2242,8/1/2014,742.576
C2242,9/1/2014,762.236
C2242,10/1/2014,897.32
C2242,11/1/2014,1934.113
C2242,12/1/2014,69548.51699999999
C2242,1/1/2015,2181.593
C2242,2/1/2015,1035.507
C2242,3/1/2015,769.691
C2242,4/1/2015,681.679
C2242,5/1/2015,1393.489
C2242,6/1/2015,1185.2
C2242,7/1/2015,1159.07
C2242,8/1/2015,732.2860000000001
C2242,9/1/2015,699.367
C2242,10/1/2015,816.724
C2242,11/1/2015,1897.134
C2242,12/1/2015,63952.329
C2242,1/1/2016,1312.991
C2242,2/1/2016,846.361
C2242,3/1/2016,1026.061
C2242,4/1/2016,1119.354
C2242,5/1/2016,1471.259
C2242,6/1/2016,1120.531
C2242,7/1/2016,667.621
C2242,8/1/2016,656.224
C2242,9/1/2016,996.218
C2242,10/1/2016,1066.565
C2242,11/1/2016,1827.396
C2242,12/1/2016,40373.419
C2242,1/1/2017,448.784
C2242,2/1/2017,459.04
C2242,3/1/2017,755.195
C2242,4/1/2017,889.698
C2242,5/1/2017,2211.762
C2242,6/1/2017,1982.298
C2242,7/1/2017,777.49
C2246,3/1/2013,19642
C2246,4/1/2013,31761
C2246,5/1/2013,31149
C2246,6/1/2013,32064
C2246,7/1/2013,29227
C2246,8/1/2013,32211
C2246,9/1/2013,27891
C2246,10/1/2013,30400
C2246,11/1/2013,30994
C2246,12/1/2013,60163
C2246,1/1/2014,32423
C2246,2/1/2014,32687
C2246,3/1/2014,44599
C2246,4/1/2014,40317
C2246,5/1/2014,36956
C2246,6/1/2014,35030
C2246,7/1/2014,37916
C2246,8/1/2014,38502
C2246,9/1/2014,31036
C2246,10/1/2014,34285
C2246,11/1/2014,36085
C2246,12/1/2014,64189
C2246,1/1/2015,41554
C2246,2/1/2015,44063
C2246,3/1/2015,43640
C2246,4/1/2015,46872
C2246,5/1/2015,50589
C2246,6/1/2015,45755
C2246,7/1/2015,49071
C2246,8/1/2015,49597
C2246,9/1/2015,44209
C2246,10/1/2015,48232
C2246,11/1/2015,43231
C2246,12/1/2015,83530
C2246,1/1/2016,49458
C2246,2/1/2016,55177
C2246,3/1/2016,53701
C2246,4/1/2016,48244
C2246,5/1/2016,51432
C2246,6/1/2016,47124
C2246,7/1/2016,52695
C2246,8/1/2016,50660
C2246,9/1/2016,44425
C2246,10/1/2016,46616
C2246,11/1/2016,48314
C2246,12/1/2016,89186
C2246,1/1/2017,47501
C2246,2/1/2017,55765
C2246,3/1/2017,52972
C2246,4/1/2017,60470
C2246,5/1/2017,58053
C2246,6/1/2017,58107
C2246,7/1/2017,61346
C2302,1/1/2013,453929.4
C2302,2/1/2013,407217.991
C2302,3/1/2013,444923.908
C2302,4/1/2013,441578.309
C2302,5/1/2013,467793.97
C2302,6/1/2013,461743.328
C2302,7/1/2013,452830.277
C2302,8/1/2013,461897.328
C2302,9/1/2013,463518.22
C2302,10/1/2013,476850.257
C2302,11/1/2013,464879.833
C2302,12/1/2013,455091.367
C2302,1/1/2014,401787.5787
C2302,2/1/2014,392610.7787
C2302,3/1/2014,460738.6442
C2302,4/1/2014,407555.4478
C2302,5/1/2014,452128.2542
C2302,6/1/2014,458253.8817
C2302,7/1/2014,447428.8514
C2302,8/1/2014,465006.7844
C2302,9/1/2014,460920.2979
C2302,10/1/2014,473163.5911
C2302,11/1/2014,417011.703
C2302,12/1/2014,431682.742
C2302,1/1/2015,440662.545
C2302,2/1/2015,408838.748
C2302,3/1/2015,448568.066
C2302,4/1/2015,430182.196
C2302,5/1/2015,480966.413
C2302,6/1/2015,459516.08
C2302,7/1/2015,484798.929
C2302,8/1/2015,476033.08
C2302,9/1/2015,462712.023
C2302,10/1/2015,469679.02
C2302,11/1/2015,434341.658
C2302,12/1/2015,456239.902
C2302,1/1/2016,482070.428
C2302,2/1/2016,441682.744
C2302,3/1/2016,444103.96
C2302,4/1/2016,474617.656
C2302,5/1/2016,482254.659
C2302,6/1/2016,455022.215
C2302,7/1/2016,491869.228
C2302,8/1/2016,464803.472
C2302,9/1/2016,459116.895
C2302,10/1/2016,562940.988
C2302,11/1/2016,465456.994
C2302,12/1/2016,479995.816
C2302,1/1/2017,501145.808
C2302,2/1/2017,447787.551
C2302,3/1/2017,496365.851
C2302,4/1/2017,460243.23
C2302,5/1/2017,496772.203
C2302,6/1/2017,504088.395
C2302,7/1/2017,518741.446
C2304,1/1/2013,33324.567
C2304,2/1/2013,29523.363
C2304,3/1/2013,32889.224
C2304,4/1/2013,32256.365
C2304,5/1/2013,32875.687
C2304,6/1/2013,35986.165
C2304,7/1/2013,34690.331
C2304,8/1/2013,34695.54
C2304,9/1/2013,34559.805
C2304,10/1/2013,34067.517
C2304,11/1/2013,33178.075
C2304,12/1/2013,31362.004
C2304,1/1/2014,31275.2151
C2304,2/1/2014,28908.6999
C2304,3/1/2014,34074.9875
C2304,4/1/2014,28767.9622
C2304,5/1/2014,34815.6417
C2304,6/1/2014,36703.5246
C2304,7/1/2014,37011.0459
C2304,8/1/2014,39645.95
C2304,9/1/2014,39560.306
C2304,10/1/2014,40536.894
C2304,11/1/2014,35222.825
C2304,12/1/2014,36259.339
C2304,1/1/2015,40021.587
C2304,2/1/2015,36927.364
C2304,3/1/2015,40132.752
C2304,4/1/2015,37794.875
C2304,5/1/2015,43636.206
C2304,6/1/2015,40432.559
C2304,7/1/2015,43214.429
C2304,8/1/2015,40774.388
C2304,9/1/2015,39786.703
C2304,10/1/2015,39477.85
C2304,11/1/2015,36966.309
C2304,12/1/2015,35543.128
C2304,1/1/2016,43794.564
C2304,2/1/2016,38777.278
C2304,3/1/2016,36486.717
C2304,4/1/2016,40565.091
C2304,5/1/2016,39500.042
C2304,6/1/2016,38057.453
C2304,7/1/2016,41867.947
C2304,8/1/2016,37934.717
C2304,9/1/2016,40112.907
C2304,10/1/2016,39066.826
C2304,11/1/2016,38111.293
C2304,12/1/2016,40628.407
C2304,1/1/2017,43671.817
C2304,2/1/2017,39396.654
C2304,3/1/2017,43682.727
C2304,4/1/2017,40106.86
C2304,5/1/2017,41219.887
C2304,6/1/2017,42375.587
C2304,7/1/2017,42031.203
C2306,1/1/2013,38813.241
C2306,2/1/2013,37045.932
C2306,3/1/2013,40060.401
C2306,4/1/2013,39884.324
C2306,5/1/2013,38775.683
C2306,6/1/2013,44686.008
C2306,7/1/2013,41047.73
C2306,8/1/2013,39796.418
C2306,9/1/2013,42553.064
C2306,10/1/2013,52956.885
C2306,11/1/2013,48655.361
C2306,12/1/2013,55991.89
C2306,1/1/2014,50757.6028
C2306,2/1/2014,43357.2734
C2306,3/1/2014,53997.6651
C2306,4/1/2014,45978.0043
C2306,5/1/2014,51684.5331
C2306,6/1/2014,48129.7918
C2306,7/1/2014,45672.5754
C2306,8/1/2014,49943.674
C2306,9/1/2014,46323.001
C2306,10/1/2014,44905.543
C2306,11/1/2014,49104.777
C2306,12/1/2014,53469.249
C2306,1/1/2015,52426.312
C2306,2/1/2015,43944.29
C2306,3/1/2015,47560.072
C2306,4/1/2015,43915.802
C2306,5/1/2015,54949.937
C2306,6/1/2015,53240.709
C2306,7/1/2015,54949.654
C2306,8/1/2015,52708.973
C2306,9/1/2015,48380.253
C2306,10/1/2015,58402.417
C2306,11/1/2015,51937.824
C2306,12/1/2015,64397.698
C2306,1/1/2016,52463.027
C2306,2/1/2016,52608.471
C2306,3/1/2016,49695.202
C2306,4/1/2016,54901.439
C2306,5/1/2016,57011.448
C2306,6/1/2016,52569.554
C2306,7/1/2016,60322.143
C2306,8/1/2016,52309.611
C2306,9/1/2016,52748.843
C2306,10/1/2016,56612.328
C2306,11/1/2016,62865.527
C2306,12/1/2016,72624.939
C2306,1/1/2017,57445.138
C2306,2/1/2017,53514.48
C2306,3/1/2017,61901.133
C2306,4/1/2017,57164.64
C2306,5/1/2017,67904.748
C2306,6/1/2017,72755.783
C2306,7/1/2017,69701.412
C2340,3/1/2015,686
C2340,4/1/2015,1522
C2340,5/1/2015,2232
C2340,6/1/2015,2221
C2340,7/1/2015,2589
C2340,8/1/2015,2702
C2340,9/1/2015,2734
C2340,10/1/2015,3174
C2340,11/1/2015,3235
C2340,12/1/2015,2681
C2340,1/1/2016,3379
C2340,2/1/2016,2673
C2340,3/1/2016,2962
C2340,4/1/2016,3372
C2340,5/1/2016,3672
C2340,6/1/2016,2986
C2340,7/1/2016,4439
C2340,8/1/2016,4051
C2340,9/1/2016,3827
C2340,10/1/2016,4143
C2340,11/1/2016,3671
C2340,12/1/2016,3488
C2340,1/1/2017,3658
C2340,2/1/2017,3766
C2340,3/1/2017,4177
C2340,4/1/2017,4469
C2372,1/1/2013,7087.575
C2372,2/1/2013,6567.673
C2372,3/1/2013,7659.81
C2372,4/1/2013,7454.163
C2372,5/1/2013,8041.709
C2372,6/1/2013,7419.248
C2372,7/1/2013,7579.894
C2372,8/1/2013,6720.974
C2372,9/1/2013,7927.665
C2372,10/1/2013,8603.7
C2372,11/1/2013,7589.346
C2372,12/1/2013,8303.209
C2372,1/1/2014,6455.9838
C2372,2/1/2014,8057.69
C2372,3/1/2014,8619.5698
C2372,4/1/2014,7929.637
C2372,5/1/2014,8963.0039
C2372,6/1/2014,8963.7679
C2372,7/1/2014,8885.7374
C2372,8/1/2014,9019.451
C2372,9/1/2014,9589.277
C2372,10/1/2014,10750.192000000001
C2372,11/1/2014,10486.058
C2372,12/1/2014,9754.423999999999
C2372,1/1/2015,10007.285
C2372,2/1/2015,9024.675
C2372,3/1/2015,9570.269
C2372,4/1/2015,8889.408
C2372,5/1/2015,9907.344
C2372,6/1/2015,9603.782
C2372,7/1/2015,9351.664999999999
C2372,8/1/2015,8995.702
C2372,9/1/2015,9098.654
C2372,10/1/2015,10055.074
C2372,11/1/2015,9428.137
C2372,12/1/2015,8519.663
C2372,1/1/2016,9390.171
C2372,2/1/2016,9212.963
C2372,3/1/2016,10206.471
C2372,4/1/2016,10206.261
C2372,5/1/2016,9094.582
C2372,6/1/2016,8911.923
C2372,7/1/2016,9204.101
C2372,8/1/2016,9389.823
C2372,9/1/2016,9182.846
C2372,10/1/2016,9352.302
C2372,11/1/2016,8849.251
C2372,12/1/2016,9291.027
C2372,1/1/2017,9026.799
C2372,2/1/2017,8184.278
C2372,3/1/2017,8818.818
C2372,4/1/2017,9220.15
C2372,5/1/2017,9780.578
C2372,6/1/2017,9961.066
C2372,7/1/2017,8853.378
C2412,1/1/2013,2237.239
C2412,2/1/2013,2001.089
C2412,3/1/2013,2385.64
C2412,4/1/2013,2440.199
C2412,5/1/2013,2713.533
C2412,6/1/2013,2713.528
C2412,7/1/2013,2510.19
C2412,8/1/2013,2135.613
C2412,9/1/2013,2266.689
C2412,10/1/2013,2457.428
C2412,11/1/2013,2775.569
C2412,12/1/2013,3160.167
C2412,1/1/2014,2614.786
C2412,2/1/2014,2429.397
C2412,3/1/2014,2852.402
C2412,4/1/2014,2152.113
C2412,5/1/2014,2667.373
C2412,6/1/2014,2928.645
C2412,7/1/2014,2576.774
C2412,8/1/2014,2857.901
C2412,9/1/2014,2796.04
C2412,10/1/2014,3318.404
C2412,11/1/2014,3262.138
C2412,12/1/2014,4041.513
C2412,1/1/2015,3190.767
C2412,2/1/2015,2743.896
C2412,3/1/2015,2809.038
C2412,4/1/2015,2708.305
C2412,5/1/2015,3576.668
C2412,6/1/2015,3301.603
C2412,7/1/2015,3678.891
C2412,8/1/2015,3247.143
C2412,9/1/2015,3328.519
C2412,10/1/2015,3786.48
C2412,11/1/2015,3837.347
C2412,12/1/2015,6273.816
C2412,1/1/2016,3403.387
C2412,2/1/2016,3195.357
C2412,3/1/2016,3153.648
C2412,4/1/2016,3110.434
C2412,5/1/2016,2997.787
C2412,6/1/2016,2803.403
C2412,7/1/2016,2882.728
C2412,8/1/2016,2636.58
C2412,9/1/2016,2802.339
C2412,10/1/2016,3356.333
C2412,11/1/2016,3026.918
C2412,12/1/2016,4125.207
C2412,1/1/2017,3370.305
C2412,2/1/2017,3003.38
C2412,3/1/2017,3346.151
C2412,4/1/2017,3274.667
C2412,5/1/2017,3647.954
C2412,6/1/2017,3346.284
C2412,7/1/2017,3554.959
C2416,1/1/2013,302019.597
C2416,2/1/2013,282365.269
C2416,3/1/2013,316413.82
C2416,4/1/2013,302800.324
C2416,5/1/2013,318915.153
C2416,6/1/2013,324637.865
C2416,7/1/2013,311073.738
C2416,8/1/2013,324275.601
C2416,9/1/2013,330422.381
C2416,10/1/2013,334038.844
C2416,11/1/2013,334534.91
C2416,12/1/2013,403561.955
C2416,1/1/2014,336297.6225
C2416,2/1/2014,302060.3603
C2416,3/1/2014,340501.5509
C2416,4/1/2014,292602.1832
C2416,5/1/2014,303299.4628
C2416,6/1/2014,297495.4443
C2416,7/1/2014,306489.007
C2416,8/1/2014,314739.85
C2416,9/1/2014,307469.88
C2416,10/1/2014,313784.557
C2416,11/1/2014,314876.022
C2416,12/1/2014,369383.227
C2416,1/1/2015,311374.238
C2416,2/1/2015,276880.244
C2416,3/1/2015,320129.929
C2416,4/1/2015,309104.028
C2416,5/1/2015,332717.751
C2416,6/1/2015,314988.715
C2416,7/1/2015,321669.34
C2416,8/1/2015,312170.41
C2416,9/1/2015,295305.119
C2416,10/1/2015,350299.439
C2416,11/1/2015,341212.811
C2416,12/1/2015,364115.632
C2416,1/1/2016,317713.434
C2416,2/1/2016,301257.115
C2416,3/1/2016,284115.317
C2416,4/1/2016,300653.381
C2416,5/1/2016,293984.364
C2416,6/1/2016,264591.499
C2416,7/1/2016,316749.399
C2416,8/1/2016,267083.258
C2416,9/1/2016,261420.228
C2416,10/1/2016,279743.715
C2416,11/1/2016,268693.706
C2416,12/1/2016,340754.562
C2416,1/1/2017,276012.495
C2416,2/1/2017,248355.07200000001
C2416,3/1/2017,274700.544
C2416,4/1/2017,266884.554
C2416,5/1/2017,281616.486
C2416,6/1/2017,268296.218
C2416,7/1/2017,274799.983
C2420,11/1/2013,239498.623
C2420,12/1/2013,265491.043
C2420,1/1/2014,288836.8078
C2420,2/1/2014,277021.487
C2420,3/1/2014,311084.7018
C2420,4/1/2014,267754.81
C2420,5/1/2014,294639.679
C2420,6/1/2014,288578.058
C2420,7/1/2014,290953.3189
C2420,8/1/2014,308668.854
C2420,9/1/2014,320166.012
C2420,10/1/2014,318362.736
C2420,11/1/2014,320477.837
C2420,12/1/2014,311271.619
C2420,1/1/2015,326818.377
C2420,2/1/2015,286458.036
C2420,3/1/2015,321435.758
C2420,4/1/2015,292391.138
C2420,5/1/2015,326741.522
C2420,6/1/2015,298233.864
C2420,7/1/2015,316640.804
C2420,8/1/2015,319807.42
C2420,9/1/2015,315813.788
C2420,10/1/2015,325417.48
C2420,11/1/2015,317454.263
C2420,12/1/2015,309231.745
C2420,1/1/2016,326830.732
C2420,2/1/2016,319503.633
C2420,3/1/2016,328801.263
C2420,4/1/2016,341917.516
C2420,5/1/2016,348496.362
C2420,6/1/2016,326047.04
C2420,7/1/2016,324254.578
C2420,8/1/2016,317003.341
C2420,9/1/2016,327566.174
C2420,10/1/2016,348424.909
C2420,11/1/2016,361610.598
C2420,12/1/2016,356331.615
C2420,1/1/2017,397679.795
C2420,2/1/2017,340545.592
C2420,3/1/2017,371505.317
C2420,4/1/2017,334959.372
C2420,5/1/2017,371763.454
C2420,6/1/2017,387019.534
C2420,7/1/2017,393374.927
C2502,1/1/2013,199561
C2502,2/1/2013,187110
C2502,3/1/2013,221005
C2502,4/1/2013,204433
C2502,5/1/2013,224774
C2502,6/1/2013,215837
C2502,7/1/2013,205082
C2502,8/1/2013,212508
C2502,9/1/2013,232025
C2502,10/1/2013,232791
C2502,11/1/2013,226489
C2502,12/1/2013,237923
C2502,1/1/2014,239704
C2502,2/1/2014,219117
C2502,3/1/2014,263746
C2502,4/1/2014,249566
C2502,5/1/2014,255011
C2502,6/1/2014,249607
C2502,7/1/2014,250033
C2502,8/1/2014,274966
C2502,9/1/2014,285912
C2502,10/1/2014,295242
C2502,11/1/2014,290856
C2502,12/1/2014,289768
C2502,1/1/2015,297399
C2502,2/1/2015,269110
C2502,3/1/2015,303817
C2502,4/1/2015,277959
C2502,5/1/2015,298055
C2502,6/1/2015,279555
C2502,7/1/2015,284161
C2502,8/1/2015,288042
C2502,9/1/2015,270718
C2502,10/1/2015,274705
C2502,11/1/2015,264699
C2502,12/1/2015,262504
C2502,1/1/2016,267554
C2502,2/1/2016,253365
C2502,3/1/2016,273568
C2502,4/1/2016,276334
C2502,5/1/2016,288747
C2502,6/1/2016,274019
C2502,7/1/2016,287242
C2502,8/1/2016,273268
C2502,9/1/2016,273411
C2502,10/1/2016,321692
C2502,11/1/2016,317702
C2502,12/1/2016,320572
C2502,1/1/2017,296294
C2502,2/1/2017,264045
C2502,3/1/2017,308974
C2502,4/1/2017,304185
C2502,5/1/2017,318674
C2502,6/1/2017,301205
C2502,7/1/2017,320273
C2504,1/1/2013,3881
C2504,2/1/2013,3314
C2504,3/1/2013,4022
C2504,4/1/2013,3767
C2504,5/1/2013,4801
C2504,6/1/2013,4757
C2504,7/1/2013,4190
C2504,8/1/2013,4044
C2504,9/1/2013,4421
C2504,10/1/2013,4125
C2504,11/1/2013,4147
C2504,12/1/2013,3882
C2504,1/1/2014,4039
C2504,2/1/2014,3627
C2504,3/1/2014,4018
C2504,4/1/2014,3761
C2504,5/1/2014,4266
C2504,6/1/2014,4313
C2504,7/1/2014,3921
C2504,8/1/2014,4018
C2504,9/1/2014,4141
C2504,10/1/2014,4107
C2504,11/1/2014,3880
C2504,12/1/2014,3664
C2504,1/1/2015,4080
C2504,2/1/2015,3428
C2504,3/1/2015,4055
C2504,4/1/2015,3461
C2504,5/1/2015,4569
C2504,6/1/2015,3997
C2504,7/1/2015,3813
C2504,8/1/2015,3847
C2504,9/1/2015,3857
C2504,10/1/2015,3637
C2504,11/1/2015,3644
C2504,12/1/2015,3755
C2504,1/1/2016,4346
C2504,2/1/2016,4353
C2504,3/1/2016,4986
C2504,4/1/2016,4949
C2504,5/1/2016,5727
C2504,6/1/2016,5327
C2504,7/1/2016,5483
C2504,8/1/2016,4986
C2504,9/1/2016,5276
C2504,10/1/2016,5795
C2504,11/1/2016,6061
C2504,12/1/2016,6405
C2504,1/1/2017,7558
C2504,2/1/2017,6110
C2504,3/1/2017,6782
C2504,4/1/2017,7337
C2504,5/1/2017,8184
C2504,6/1/2017,8026
C2504,7/1/2017,8566
C2506,1/1/2014,9239
C2506,2/1/2014,7733
C2506,3/1/2014,8589
C2506,4/1/2014,8502
C2506,5/1/2014,8787
C2506,6/1/2014,9147
C2506,7/1/2014,10663
C2506,8/1/2014,12342
C2506,9/1/2014,12606
C2506,10/1/2014,12000
C2506,11/1/2014,10812
C2506,12/1/2014,11049
C2506,1/1/2015,11664
C2506,2/1/2015,10726
C2506,3/1/2015,12468
C2506,4/1/2015,10944
C2506,5/1/2015,11636
C2506,6/1/2015,10860
C2506,7/1/2015,11095
C2506,8/1/2015,11198
C2506,9/1/2015,10749
C2506,10/1/2015,11274
C2506,11/1/2015,11348
C2506,12/1/2015,11543
C2506,1/1/2016,12972
C2506,2/1/2016,12259
C2506,3/1/2016,13211
C2506,4/1/2016,13032
C2506,5/1/2016,12920
C2506,6/1/2016,11596
C2506,7/1/2016,12106
C2506,8/1/2016,11636
C2506,9/1/2016,11727
C2506,10/1/2016,12004
C2506,11/1/2016,11160
C2506,12/1/2016,11735
C2506,1/1/2017,12112
C2506,2/1/2017,10913
C2506,3/1/2017,12557
C2506,4/1/2017,11846
C2506,5/1/2017,13104
C2506,6/1/2017,18190
C2506,7/1/2017,14310
C2630,1/1/2013,26436
C2630,2/1/2013,27692
C2630,3/1/2013,38360
C2630,4/1/2013,35464
C2630,5/1/2013,41396
C2630,6/1/2013,38567
C2630,7/1/2013,37498
C2630,8/1/2013,38854
C2630,9/1/2013,39110
C2630,10/1/2013,39713
C2630,11/1/2013,38786
C2630,12/1/2013,42571
C2630,1/1/2014,38799
C2630,2/1/2014,37361
C2630,3/1/2014,44925
C2630,4/1/2014,39752
C2630,5/1/2014,45133
C2630,6/1/2014,45347
C2630,7/1/2014,42461
C2630,8/1/2014,45270
C2630,9/1/2014,39846
C2630,10/1/2014,39734
C2630,11/1/2014,40249
C2630,12/1/2014,40593
C2630,1/1/2015,41114
C2630,2/1/2015,40910
C2630,3/1/2015,44649
C2630,4/1/2015,49788
C2630,5/1/2015,56186
C2630,6/1/2015,52992
C2630,7/1/2015,51959
C2630,8/1/2015,56233
C2630,9/1/2015,53320
C2630,10/1/2015,52580
C2630,11/1/2015,44661
C2630,12/1/2015,49820
C2630,1/1/2016,51196
C2630,2/1/2016,48001
C2630,3/1/2016,47274
C2630,4/1/2016,49219
C2630,5/1/2016,53394
C2630,6/1/2016,48574
C2630,7/1/2016,54563
C2630,8/1/2016,48455
C2630,9/1/2016,46065
C2630,10/1/2016,48725
C2630,11/1/2016,52092
C2630,12/1/2016,60122
C2630,1/1/2017,51114
C2630,2/1/2017,49786
C2630,3/1/2017,67969
C2630,4/1/2017,51675
C2630,5/1/2017,54678
C2630,6/1/2017,58435
C2630,7/1/2017,58645
C2632,1/1/2013,61637
C2632,2/1/2013,56212
C2632,3/1/2013,65343
C2632,4/1/2013,64809
C2632,5/1/2013,69648
C2632,6/1/2013,65657
C2632,7/1/2013,50508
C2632,8/1/2013,61665
C2632,9/1/2013,70294
C2632,10/1/2013,67765
C2632,11/1/2013,66689
C2632,12/1/2013,77219
C2632,1/1/2014,74382
C2632,2/1/2014,63340
C2632,3/1/2014,71694
C2632,4/1/2014,68075
C2632,5/1/2014,74530
C2632,6/1/2014,63957
C2632,7/1/2014,63819
C2632,8/1/2014,71536
C2632,9/1/2014,76118
C2632,10/1/2014,76990
C2632,11/1/2014,77073
C2632,12/1/2014,80510
C2632,1/1/2015,84238
C2632,2/1/2015,72123
C2632,3/1/2015,78808
C2632,4/1/2015,73681
C2632,5/1/2015,87793
C2632,6/1/2015,78111
C2632,7/1/2015,82076
C2632,8/1/2015,84794
C2632,9/1/2015,84654
C2632,10/1/2015,81900
C2632,11/1/2015,73201
C2632,12/1/2015,82528
C2632,1/1/2016,82843
C2632,2/1/2016,70942
C2632,3/1/2016,76614
C2632,4/1/2016,79273
C2632,5/1/2016,80659
C2632,6/1/2016,72562
C2632,7/1/2016,79516
C2632,8/1/2016,76124
C2632,9/1/2016,74952
C2632,10/1/2016,79953
C2632,11/1/2016,83731
C2632,12/1/2016,98363
C2632,1/1/2017,90544
C2632,2/1/2017,80508
C2632,3/1/2017,87465
C2632,4/1/2017,91464
C2632,5/1/2017,91144
C2632,6/1/2017,85759
C2632,7/1/2017,94130
C2636,1/1/2013,71106
C2636,2/1/2013,65953
C2636,3/1/2013,74952
C2636,4/1/2013,72294
C2636,5/1/2013,79348
C2636,6/1/2013,77048
C2636,7/1/2013,57553
C2636,8/1/2013,66164
C2636,9/1/2013,75651
C2636,10/1/2013,75790
C2636,11/1/2013,72567
C2636,12/1/2013,79154
C2636,1/1/2014,77676
C2636,2/1/2014,71432
C2636,3/1/2014,83238
C2636,4/1/2014,74840
C2636,5/1/2014,79860
C2636,6/1/2014,72942
C2636,7/1/2014,68795
C2636,8/1/2014,70433
C2636,9/1/2014,70552
C2636,10/1/2014,72654
C2636,11/1/2014,77867
C2636,12/1/2014,81660
C2636,1/1/2015,83900
C2636,2/1/2015,78653
C2636,3/1/2015,90090
C2636,4/1/2015,87303
C2636,5/1/2015,93042
C2636,6/1/2015,85914
C2636,7/1/2015,89947
C2636,8/1/2015,92370
C2636,9/1/2015,93024
C2636,10/1/2015,90207
C2636,11/1/2015,75382
C2636,12/1/2015,85863
C2636,1/1/2016,87107
C2636,2/1/2016,76525
C2636,3/1/2016,79540
C2636,4/1/2016,85509
C2636,5/1/2016,87782
C2636,6/1/2016,76526
C2636,7/1/2016,82252
C2636,8/1/2016,78639
C2636,9/1/2016,77281
C2636,10/1/2016,80460
C2636,11/1/2016,78918
C2636,12/1/2016,92457
C2636,1/1/2017,87798
C2636,2/1/2017,77782
C2636,3/1/2017,88497
C2636,4/1/2017,87204
C2636,5/1/2017,87818
C2636,6/1/2017,80948
C2636,7/1/2017,87646
C2640,1/1/2013,4694
C2640,2/1/2013,4539
C2640,3/1/2013,5022
C2640,4/1/2013,4779
C2640,5/1/2013,4984
C2640,6/1/2013,4858
C2640,7/1/2013,4930
C2640,8/1/2013,4817
C2640,9/1/2013,5501
C2640,10/1/2013,5502
C2640,11/1/2013,4860
C2640,12/1/2013,5423
C2640,1/1/2014,5280
C2640,2/1/2014,4519
C2640,3/1/2014,5446
C2640,4/1/2014,4943
C2640,5/1/2014,5839
C2640,6/1/2014,5855
C2640,7/1/2014,5502
C2640,8/1/2014,5520
C2640,9/1/2014,4670
C2640,10/1/2014,5403
C2640,11/1/2014,5177
C2640,12/1/2014,5369
C2640,1/1/2015,5281
C2640,2/1/2015,4837
C2640,3/1/2015,5485
C2640,4/1/2015,5056
C2640,5/1/2015,5520
C2640,6/1/2015,4945
C2640,7/1/2015,4937
C2640,8/1/2015,5010
C2640,9/1/2015,4806
C2640,10/1/2015,4744
C2640,11/1/2015,4207
C2640,12/1/2015,4615
C2640,1/1/2016,4345
C2640,2/1/2016,4264
C2640,3/1/2016,4250
C2640,4/1/2016,4356
C2640,5/1/2016,4478
C2640,6/1/2016,4169
C2640,7/1/2016,4349
C2640,8/1/2016,3964
C2640,9/1/2016,3947
C2640,10/1/2016,4124
C2640,11/1/2016,3954
C2640,12/1/2016,4504
C2640,1/1/2017,4436
C2640,2/1/2017,3992
C2640,3/1/2017,3272
C2640,4/1/2017,4135
C2640,5/1/2017,4300
C2640,6/1/2017,4191
C2640,7/1/2017,4448
C2642,1/1/2013,5596
C2642,2/1/2013,5876
C2642,3/1/2013,5941
C2642,4/1/2013,5500
C2642,5/1/2013,6060
C2642,6/1/2013,6138
C2642,7/1/2013,6122
C2642,8/1/2013,6398
C2642,9/1/2013,6367
C2642,10/1/2013,6579
C2642,11/1/2013,7166
C2642,12/1/2013,9121
C2642,1/1/2014,7991
C2642,2/1/2014,6780
C2642,3/1/2014,7854
C2642,4/1/2014,6572
C2642,5/1/2014,7786
C2642,6/1/2014,7537
C2642,7/1/2014,7648
C2642,8/1/2014,8143
C2642,9/1/2014,8746
C2642,10/1/2014,8505
C2642,11/1/2014,8314
C2642,12/1/2014,9722
C2642,1/1/2015,9028
C2642,2/1/2015,8505
C2642,3/1/2015,9269
C2642,4/1/2015,9127
C2642,5/1/2015,9542
C2642,6/1/2015,8954
C2642,7/1/2015,9895
C2642,8/1/2015,10258
C2642,9/1/2015,9416
C2642,10/1/2015,9694
C2642,11/1/2015,8817
C2642,12/1/2015,9997
C2642,1/1/2016,9133
C2642,2/1/2016,8557
C2642,3/1/2016,8508
C2642,4/1/2016,8644
C2642,5/1/2016,8963
C2642,6/1/2016,8745
C2642,7/1/2016,9686
C2642,8/1/2016,8823
C2642,9/1/2016,8850
C2642,10/1/2016,9148
C2642,11/1/2016,12342
C2642,12/1/2016,12972
C2642,1/1/2017,10191
C2642,2/1/2017,9690
C2642,3/1/2017,9776
C2642,4/1/2017,9942
C2642,5/1/2017,10275
C2642,6/1/2017,10715
C2642,7/1/2017,13289
C2644,1/1/2013,82183
C2644,2/1/2013,74065
C2644,3/1/2013,81985
C2644,4/1/2013,78984
C2644,5/1/2013,84640
C2644,6/1/2013,84366
C2644,7/1/2013,85013
C2644,8/1/2013,91783
C2644,9/1/2013,92845
C2644,10/1/2013,95510
C2644,11/1/2013,91849
C2644,12/1/2013,98224
C2644,1/1/2014,103278
C2644,2/1/2014,95525
C2644,3/1/2014,109843
C2644,4/1/2014,100088
C2644,5/1/2014,106339
C2644,6/1/2014,120211
C2644,7/1/2014,131375
C2644,8/1/2014,141375
C2644,9/1/2014,140777
C2644,10/1/2014,144406
C2644,11/1/2014,157205
C2644,12/1/2014,150527
C2644,1/1/2015,159370
C2644,2/1/2015,147221
C2644,3/1/2015,176671
C2644,4/1/2015,161566
C2644,5/1/2015,172576
C2644,6/1/2015,164064
C2644,7/1/2015,174775
C2644,8/1/2015,177251
C2644,9/1/2015,175671
C2644,10/1/2015,168016
C2644,11/1/2015,141734
C2644,12/1/2015,149470
C2644,1/1/2016,162169
C2644,2/1/2016,149341
C2644,3/1/2016,155205
C2644,4/1/2016,164159
C2644,5/1/2016,164472
C2644,6/1/2016,148956
C2644,7/1/2016,162484
C2644,8/1/2016,155208
C2644,9/1/2016,155491
C2644,10/1/2016,163396
C2644,11/1/2016,170874
C2644,12/1/2016,172251
C2644,1/1/2017,174826
C2644,2/1/2017,161523
C2644,3/1/2017,178507
C2644,4/1/2017,175302
C2644,5/1/2017,185086
C2644,6/1/2017,173235
C2644,7/1/2017,178852
C2646,1/1/2013,13352
C2646,2/1/2013,12354
C2646,3/1/2013,13870
C2646,4/1/2013,12583
C2646,5/1/2013,14482
C2646,6/1/2013,15690
C2646,7/1/2013,14952
C2646,8/1/2013,14550
C2646,9/1/2013,16905
C2646,10/1/2013,15602
C2646,11/1/2013,14924
C2646,12/1/2013,14039
C2646,1/1/2014,11718
C2646,2/1/2014,12935
C2646,3/1/2014,15932
C2646,4/1/2014,14164
C2646,5/1/2014,14025
C2646,6/1/2014,13994
C2646,7/1/2014,14809
C2646,8/1/2014,16211
C2646,9/1/2014,4926
C2646,10/1/2014,2995
C2646,11/1/2014,7652
C2646,12/1/2014,14148
C2646,1/1/2015,14326
C2646,2/1/2015,13467
C2646,3/1/2015,16316
C2646,4/1/2015,14863
C2646,5/1/2015,15234
C2646,6/1/2015,15611
C2646,7/1/2015,15030
C2646,8/1/2015,15329
C2646,9/1/2015,15595
C2646,10/1/2015,14297
C2646,11/1/2015,12753
C2646,12/1/2015,12745
C2646,1/1/2016,13563
C2646,2/1/2016,13406
C2646,3/1/2016,12381
C2646,4/1/2016,12768
C2646,5/1/2016,13328
C2646,6/1/2016,11386
C2646,7/1/2016,12161
C2646,8/1/2016,11621
C2646,9/1/2016,12546
C2646,10/1/2016,11057
C2646,11/1/2016,9173
C2646,12/1/2016,9560
C2646,1/1/2017,9567
C2646,2/1/2017,8682
C2646,3/1/2017,9365
C2646,4/1/2017,9042
C2646,5/1/2017,9370
C2646,6/1/2017,8788
C2646,7/1/2017,9555
C2650,10/1/2014,572
C2650,11/1/2014,14077
C2650,12/1/2014,24395
C2650,1/1/2015,28403
C2650,2/1/2015,31926
C2650,3/1/2015,37199
C2650,4/1/2015,34674
C2650,5/1/2015,36568
C2650,6/1/2015,35313
C2650,7/1/2015,36792
C2650,8/1/2015,37860
C2650,9/1/2015,39232
C2650,10/1/2015,36634
C2650,11/1/2015,31833
C2650,12/1/2015,30885
C2650,1/1/2016,30540
C2650,2/1/2016,28982
C2650,3/1/2016,32060
C2650,4/1/2016,30854
C2650,5/1/2016,33542
C2650,6/1/2016,34449
C2650,7/1/2016,35074
C2650,8/1/2016,33449
C2650,9/1/2016,32881
C2650,10/1/2016,37841
C2650,11/1/2016,44550
C2650,12/1/2016,34259
C2650,1/1/2017,37551
C2650,2/1/2017,36209
C2650,3/1/2017,42210
C2650,4/1/2017,41189
C2650,5/1/2017,43476
C2650,6/1/2017,40794
C2650,7/1/2017,42354
C2652,1/1/2013,10745
C2652,2/1/2013,10047
C2652,3/1/2013,11397
C2652,4/1/2013,11266
C2652,5/1/2013,12251
C2652,6/1/2013,11631
C2652,7/1/2013,11069
C2652,8/1/2013,11504
C2652,9/1/2013,10790
C2652,10/1/2013,9323
C2652,11/1/2013,11509
C2652,12/1/2013,22166
C2652,1/1/2014,12174
C2652,2/1/2014,11564
C2652,3/1/2014,11796
C2652,4/1/2014,10825
C2652,5/1/2014,12785
C2652,6/1/2014,12065
C2652,7/1/2014,12261
C2652,8/1/2014,13228
C2652,9/1/2014,15675
C2652,10/1/2014,15882
C2652,11/1/2014,17449
C2652,12/1/2014,28705
C2652,1/1/2015,18609
C2652,2/1/2015,14490
C2652,3/1/2015,15370
C2652,4/1/2015,15141
C2652,5/1/2015,16524
C2652,6/1/2015,17038
C2652,7/1/2015,15599
C2652,8/1/2015,15784
C2652,9/1/2015,13843
C2652,10/1/2015,14223
C2652,11/1/2015,15002
C2652,12/1/2015,25165
C2652,1/1/2016,14185
C2652,2/1/2016,13495
C2652,3/1/2016,14653
C2652,4/1/2016,14579
C2652,5/1/2016,16010
C2652,6/1/2016,14667
C2652,7/1/2016,15572
C2652,8/1/2016,14486
C2652,9/1/2016,14783
C2652,10/1/2016,15962
C2652,11/1/2016,16600
C2652,12/1/2016,34032
C2652,1/1/2017,16770
C2652,2/1/2017,16114
C2652,3/1/2017,16602
C2652,4/1/2017,16599
C2652,5/1/2017,18603
C2652,6/1/2017,17759
C2652,7/1/2017,18552
C2654,1/1/2013,6681
C2654,2/1/2013,6704
C2654,3/1/2013,7454
C2654,4/1/2013,7948
C2654,5/1/2013,10493
C2654,6/1/2013,8732
C2654,7/1/2013,8058
C2654,8/1/2013,6103
C2654,9/1/2013,5760
C2654,10/1/2013,5911
C2654,11/1/2013,4537
C2654,12/1/2013,5609
C2654,1/1/2014,5782
C2654,2/1/2014,5068
C2654,3/1/2014,6418
C2654,4/1/2014,5697
C2654,5/1/2014,6196
C2654,6/1/2014,6076
C2654,7/1/2014,5647
C2654,8/1/2014,5715
C2654,9/1/2014,7294
C2654,10/1/2014,5438
C2654,11/1/2014,5418
C2654,12/1/2014,7555
C2654,1/1/2015,6951
C2654,2/1/2015,6479
C2654,3/1/2015,6541
C2654,4/1/2015,6951
C2654,5/1/2015,8188
C2654,6/1/2015,7134
C2654,7/1/2015,6856
C2654,8/1/2015,7594
C2654,9/1/2015,7003
C2654,10/1/2015,6440
C2654,11/1/2015,5889
C2654,12/1/2015,8268
C2654,1/1/2016,6232
C2654,2/1/2016,5742
C2654,3/1/2016,6334
C2654,4/1/2016,5862
C2654,5/1/2016,7018
C2654,6/1/2016,5737
C2654,7/1/2016,5647
C2654,8/1/2016,5397
C2654,9/1/2016,5434
C2654,10/1/2016,6673
C2654,11/1/2016,8587
C2654,12/1/2016,8824
C2654,1/1/2017,7844
C2654,2/1/2017,6028
C2654,3/1/2017,6989
C2654,4/1/2017,7189
C2654,5/1/2017,7614
C2654,6/1/2017,7925
C2654,7/1/2017,8946
C2662,1/1/2013,13341.64
C2662,2/1/2013,12388.23
C2662,3/1/2013,14138.676
C2662,4/1/2013,13780.072
C2662,5/1/2013,14928.635
C2662,6/1/2013,14663.931
C2662,7/1/2013,14771.397
C2662,8/1/2013,14710.774
C2662,9/1/2013,15129.996
C2662,10/1/2013,15640.3
C2662,11/1/2013,15418.637
C2662,12/1/2013,20133.144
C2662,1/1/2014,15457.4334
C2662,2/1/2014,12151.7059
C2662,3/1/2014,13255.6437
C2662,4/1/2014,14733.0646
C2662,5/1/2014,16523.7897
C2662,6/1/2014,16561.7578
C2662,7/1/2014,12512.9284
C2662,8/1/2014,10480.25
C2662,9/1/2014,10642.47
C2662,10/1/2014,11059.949
C2662,11/1/2014,11012.95
C2662,12/1/2014,14806.989
C2662,1/1/2015,11636.614
C2662,2/1/2015,10463.43
C2662,3/1/2015,12345.282
C2662,4/1/2015,10808.645
C2662,5/1/2015,11938.536
C2662,6/1/2015,10981.814
C2662,7/1/2015,11336.877
C2662,8/1/2015,10990.69
C2662,9/1/2015,10742.205
C2662,10/1/2015,10369.516
C2662,11/1/2015,9440.192
C2662,12/1/2015,13392.255
C2662,1/1/2016,10059.909
C2662,2/1/2016,9380.597
C2662,3/1/2016,9492.037
C2662,4/1/2016,9697.118
C2662,5/1/2016,10394.899
C2662,6/1/2016,9663.466
C2662,7/1/2016,10243.435
C2662,8/1/2016,9635.868
C2662,9/1/2016,9450.945
C2662,10/1/2016,10343.367
C2662,11/1/2016,10968.071
C2662,12/1/2016,16972.691
C2662,1/1/2017,13140.723
C2662,2/1/2017,11468.007
C2662,3/1/2017,13574.666
C2662,4/1/2017,13166.643
C2662,5/1/2017,14498.469
C2662,6/1/2017,14040.656
C2662,7/1/2017,14634.673
C2664,1/1/2013,5209.9
C2664,2/1/2013,5028.887
C2664,3/1/2013,5400.541
C2664,4/1/2013,5201.256
C2664,5/1/2013,5575.947
C2664,6/1/2013,5326.724
C2664,7/1/2013,5124.907
C2664,8/1/2013,5172.445
C2664,9/1/2013,5089.118
C2664,10/1/2013,5058.979
C2664,11/1/2013,4718.974
C2664,12/1/2013,6136.618
C2664,1/1/2014,4978.34
C2664,2/1/2014,4570.741
C2664,3/1/2014,5645.833
C2664,4/1/2014,4680.109
C2664,5/1/2014,4829.036
C2664,6/1/2014,5081.648
C2664,7/1/2014,5643.053
C2664,8/1/2014,5877.872
C2664,9/1/2014,5632.562
C2664,10/1/2014,5606.786
C2664,11/1/2014,5680.37
C2664,12/1/2014,7256.092
C2664,1/1/2015,6831.1
C2664,2/1/2015,5760.954
C2664,3/1/2015,6492.409
C2664,4/1/2015,5907.203
C2664,5/1/2015,6492.794
C2664,6/1/2015,5571.545
C2664,7/1/2015,5869.354
C2664,8/1/2015,5816.836
C2664,9/1/2015,5396.574
C2664,10/1/2015,5233.276
C2664,11/1/2015,4228.336
C2664,12/1/2015,5696.604
C2664,1/1/2016,4661.825
C2664,2/1/2016,4746.62
C2664,3/1/2016,4701.537
C2664,4/1/2016,4999.365
C2664,5/1/2016,5398.516
C2664,6/1/2016,4792.582
C2664,7/1/2016,5514.126
C2664,8/1/2016,4742.572
C2664,9/1/2016,4319.589
C2664,10/1/2016,4680.595
C2664,11/1/2016,4691.393
C2664,12/1/2016,5973.027
C2664,1/1/2017,4591.614
C2664,2/1/2017,4315.502
C2664,3/1/2017,4979.542
C2664,4/1/2017,4718.803
C2664,5/1/2017,5195.517
C2664,6/1/2017,4760.616
C2664,7/1/2017,5470.56
C2690,1/1/2013,3235.702
C2690,2/1/2013,2910.314
C2690,3/1/2013,3394.235
C2690,4/1/2013,3555.381
C2690,5/1/2013,3486.783
C2690,6/1/2013,3232.522
C2690,7/1/2013,3014.698
C2690,8/1/2013,3695.206
C2690,9/1/2013,3656.9
C2690,10/1/2013,3870.711
C2690,11/1/2013,3978.454
C2690,12/1/2013,8605.506
C2690,1/1/2014,4168.1923
C2690,2/1/2014,4316.7957
C2690,3/1/2014,4645.8169
C2690,4/1/2014,4277.3743
C2690,5/1/2014,5187.9883
C2690,6/1/2014,4791.6909
C2690,7/1/2014,4968.0469
C2690,8/1/2014,5080.161
C2690,9/1/2014,4172.4710000000005
C2690,10/1/2014,5047.388
C2690,11/1/2014,5076.707
C2690,12/1/2014,11091.316
C2690,1/1/2015,5098.574
C2690,2/1/2015,5027.404
C2690,3/1/2015,5399.817
C2690,4/1/2015,5358.8
C2690,5/1/2015,6067.159
C2690,6/1/2015,5600.509
C2690,7/1/2015,6079.045
C2690,8/1/2015,5835.64
C2690,9/1/2015,5499.114
C2690,10/1/2015,5909.83
C2690,11/1/2015,5380.093
C2690,12/1/2015,11741.202
C2690,1/1/2016,5647.787
C2690,2/1/2016,6047.261
C2690,3/1/2016,5432.375
C2690,4/1/2016,5920.7
C2690,5/1/2016,6292.017
C2690,6/1/2016,6016.336
C2690,7/1/2016,6425.308
C2690,8/1/2016,6200.3
C2690,9/1/2016,5843.942
C2690,10/1/2016,6500.68
C2690,11/1/2016,6934.679
C2690,12/1/2016,14738.236
C2690,1/1/2017,7038.866
C2690,2/1/2017,6771.491
C2690,3/1/2017,7212.885
C2690,4/1/2017,6889.339
C2690,5/1/2017,7928.264
C2690,6/1/2017,7328.786
C2690,7/1/2017,7393.807
C2702,1/1/2013,137794
C2702,2/1/2013,123629
C2702,3/1/2013,144458
C2702,4/1/2013,134698
C2702,5/1/2013,151029
C2702,6/1/2013,150412
C2702,7/1/2013,142200
C2702,8/1/2013,150459
C2702,9/1/2013,153809
C2702,10/1/2013,146471
C2702,11/1/2013,141101
C2702,12/1/2013,167469
C2702,1/1/2014,148825
C2702,2/1/2014,136251
C2702,3/1/2014,155806
C2702,4/1/2014,141702
C2702,5/1/2014,152778
C2702,6/1/2014,155707
C2702,7/1/2014,150993
C2702,8/1/2014,159365
C2702,9/1/2014,167346
C2702,10/1/2014,167776
C2702,11/1/2014,163793
C2702,12/1/2014,186395
C2702,1/1/2015,179288
C2702,2/1/2015,155291
C2702,3/1/2015,179233
C2702,4/1/2015,171838
C2702,5/1/2015,196697
C2702,6/1/2015,174486
C2702,7/1/2015,177708
C2702,8/1/2015,177336
C2702,9/1/2015,185610
C2702,10/1/2015,184998
C2702,11/1/2015,173391
C2702,12/1/2015,191129
C2702,1/1/2016,178940
C2702,2/1/2016,161390
C2702,3/1/2016,171838
C2702,4/1/2016,182148
C2702,5/1/2016,188129
C2702,6/1/2016,175447
C2702,7/1/2016,187960
C2702,8/1/2016,170915
C2702,9/1/2016,173048
C2702,10/1/2016,177723
C2702,11/1/2016,168312
C2702,12/1/2016,200618
C2702,1/1/2017,195268
C2702,2/1/2017,173850
C2702,3/1/2017,191105
C2702,4/1/2017,181670
C2702,5/1/2017,193189
C2702,6/1/2017,177514
C2702,7/1/2017,197478
C2704,1/1/2013,12945
C2704,2/1/2013,11413
C2704,3/1/2013,12932
C2704,4/1/2013,12211
C2704,5/1/2013,13002
C2704,6/1/2013,12612
C2704,7/1/2013,12378
C2704,8/1/2013,12824
C2704,9/1/2013,12845
C2704,10/1/2013,12385
C2704,11/1/2013,11834
C2704,12/1/2013,12201
C2704,1/1/2014,12652
C2704,2/1/2014,11706
C2704,3/1/2014,13201
C2704,4/1/2014,11776
C2704,5/1/2014,13204
C2704,6/1/2014,12915
C2704,7/1/2014,12772
C2704,8/1/2014,13285
C2704,9/1/2014,13026
C2704,10/1/2014,13037
C2704,11/1/2014,12462
C2704,12/1/2014,12834
C2704,1/1/2015,12630
C2704,2/1/2015,11281
C2704,3/1/2015,13337
C2704,4/1/2015,12587
C2704,5/1/2015,13342
C2704,6/1/2015,12001
C2704,7/1/2015,13786
C2704,8/1/2015,13638
C2704,9/1/2015,13386
C2704,10/1/2015,12829
C2704,11/1/2015,12466
C2704,12/1/2015,11963
C2704,1/1/2016,13155
C2704,2/1/2016,11442
C2704,3/1/2016,11799
C2704,4/1/2016,12776
C2704,5/1/2016,14111
C2704,6/1/2016,13190
C2704,7/1/2016,15177
C2704,8/1/2016,12859
C2704,9/1/2016,12822
C2704,10/1/2016,13287
C2704,11/1/2016,12262
C2704,12/1/2016,13191
C2704,1/1/2017,14163
C2704,2/1/2017,13819
C2704,3/1/2017,16989
C2704,4/1/2017,14527
C2704,5/1/2017,15617
C2704,6/1/2017,14936
C2704,7/1/2017,20064
C2708,1/1/2013,88460
C2708,2/1/2013,75986
C2708,3/1/2013,95434
C2708,4/1/2013,99727
C2708,5/1/2013,101938
C2708,6/1/2013,102615
C2708,7/1/2013,102202
C2708,8/1/2013,101995
C2708,9/1/2013,113465
C2708,10/1/2013,120404
C2708,11/1/2013,115999
C2708,12/1/2013,108531
C2708,1/1/2014,122595
C2708,2/1/2014,114830
C2708,3/1/2014,130789
C2708,4/1/2014,117528
C2708,5/1/2014,118213
C2708,6/1/2014,121738
C2708,7/1/2014,122484
C2708,8/1/2014,124482
C2708,9/1/2014,126856
C2708,10/1/2014,131550
C2708,11/1/2014,123645
C2708,12/1/2014,112750
C2708,1/1/2015,136882
C2708,2/1/2015,114370
C2708,3/1/2015,133421
C2708,4/1/2015,124032
C2708,5/1/2015,133667
C2708,6/1/2015,128432
C2708,7/1/2015,131006
C2708,8/1/2015,133209
C2708,9/1/2015,131558
C2708,10/1/2015,130539
C2708,11/1/2015,123837
C2708,12/1/2015,113942
C2708,1/1/2016,128068
C2708,2/1/2016,115405
C2708,3/1/2016,127459
C2708,4/1/2016,141955
C2708,5/1/2016,170335
C2708,6/1/2016,163120
C2708,7/1/2016,173245
C2708,8/1/2016,161536
C2708,9/1/2016,158629
C2708,10/1/2016,160638
C2708,11/1/2016,171575
C2708,12/1/2016,151803
C2708,1/1/2017,171680
C2708,2/1/2017,139656
C2708,3/1/2017,169287
C2708,4/1/2017,150801
C2708,5/1/2017,170036
C2708,6/1/2017,164966
C2708,7/1/2017,178413
C2712,1/1/2013,39437
C2712,2/1/2013,37801
C2712,3/1/2013,43278
C2712,4/1/2013,41443
C2712,5/1/2013,46977
C2712,6/1/2013,48353
C2712,7/1/2013,46605
C2712,8/1/2013,45151
C2712,9/1/2013,46504
C2712,10/1/2013,46345
C2712,11/1/2013,45117
C2712,12/1/2013,48284
C2712,1/1/2014,48106
C2712,2/1/2014,45381
C2712,3/1/2014,53342
C2712,4/1/2014,47029
C2712,5/1/2014,50540
C2712,6/1/2014,52707
C2712,7/1/2014,52188
C2712,8/1/2014,51952
C2712,9/1/2014,50400
C2712,10/1/2014,53343
C2712,11/1/2014,53396
C2712,12/1/2014,55870
C2712,1/1/2015,57601
C2712,2/1/2015,50989
C2712,3/1/2015,56826
C2712,4/1/2015,52883
C2712,5/1/2015,60193
C2712,6/1/2015,60554
C2712,7/1/2015,61520
C2712,8/1/2015,59750
C2712,9/1/2015,61758
C2712,10/1/2015,64453
C2712,11/1/2015,56754
C2712,12/1/2015,60542
C2712,1/1/2016,62136
C2712,2/1/2016,58124
C2712,3/1/2016,61852
C2712,4/1/2016,63667
C2712,5/1/2016,68555
C2712,6/1/2016,69525
C2712,7/1/2016,71043
C2712,8/1/2016,62067
C2712,9/1/2016,63038
C2712,10/1/2016,66666
C2712,11/1/2016,66249
C2712,12/1/2016,67133
C2712,1/1/2017,73205
C2712,2/1/2017,68067
C2712,3/1/2017,73051
C2712,4/1/2017,67535
C2712,5/1/2017,71364
C2712,6/1/2017,70251
C2712,7/1/2017,70835
C2714,1/1/2013,10665
C2714,2/1/2013,9647
C2714,3/1/2013,10969
C2714,4/1/2013,10666
C2714,5/1/2013,10726
C2714,6/1/2013,10977
C2714,7/1/2013,10804
C2714,8/1/2013,10961
C2714,9/1/2013,12707
C2714,10/1/2013,17377
C2714,11/1/2013,17613
C2714,12/1/2013,19317
C2714,1/1/2014,20266
C2714,2/1/2014,17908
C2714,3/1/2014,20851
C2714,4/1/2014,18693
C2714,5/1/2014,19435
C2714,6/1/2014,24486
C2714,7/1/2014,52994
C2714,8/1/2014,72700
C2714,9/1/2014,68248
C2714,10/1/2014,67076
C2714,11/1/2014,65882
C2714,12/1/2014,59715
C2714,1/1/2015,71512
C2714,2/1/2015,63357
C2714,3/1/2015,73667
C2714,4/1/2015,67698
C2714,5/1/2015,74919
C2714,6/1/2015,70241
C2714,7/1/2015,70000
C2714,8/1/2015,74522
C2714,9/1/2015,68400
C2714,10/1/2015,66864
C2714,11/1/2015,62428
C2714,12/1/2015,59445
C2714,1/1/2016,70056
C2714,2/1/2016,61520
C2714,3/1/2016,64388
C2714,4/1/2016,65963
C2714,5/1/2016,66904
C2714,6/1/2016,59771
C2714,7/1/2016,62484
C2714,8/1/2016,58088
C2714,9/1/2016,58586
C2714,10/1/2016,59442
C2714,11/1/2016,55822
C2714,12/1/2016,60353
C2714,1/1/2017,74699
C2714,2/1/2017,57809
C2714,3/1/2017,62928
C2714,4/1/2017,60611
C2714,5/1/2017,64924
C2714,6/1/2017,62242
C2714,7/1/2017,62607
C2716,1/1/2013,16690
C2716,2/1/2013,15426
C2716,3/1/2013,17445
C2716,4/1/2013,16493
C2716,5/1/2013,16728
C2716,6/1/2013,16195
C2716,7/1/2013,16220
C2716,8/1/2013,16998
C2716,9/1/2013,18994
C2716,10/1/2013,16204
C2716,11/1/2013,14125
C2716,12/1/2013,18779
C2716,1/1/2014,24452
C2716,2/1/2014,20696
C2716,3/1/2014,23048
C2716,4/1/2014,21467
C2716,5/1/2014,23190
C2716,6/1/2014,23209
C2716,7/1/2014,23268
C2716,8/1/2014,21549
C2716,9/1/2014,21800
C2716,10/1/2014,25668
C2716,11/1/2014,24558
C2716,12/1/2014,24795
C2716,1/1/2015,29106
C2716,2/1/2015,23992
C2716,3/1/2015,29296
C2716,4/1/2015,27262
C2716,5/1/2015,27664
C2716,6/1/2015,28941
C2716,7/1/2015,29668
C2716,8/1/2015,31284
C2716,9/1/2015,30569
C2716,10/1/2015,29416
C2716,11/1/2015,28773
C2716,12/1/2015,27447
C2716,1/1/2016,31673
C2716,2/1/2016,28153
C2716,3/1/2016,31102
C2716,4/1/2016,31240
C2716,5/1/2016,32420
C2716,6/1/2016,30907
C2716,7/1/2016,31876
C2716,8/1/2016,29627
C2716,9/1/2016,31308
C2716,10/1/2016,31204
C2716,11/1/2016,29473
C2716,12/1/2016,30079
C2716,1/1/2017,34394
C2716,2/1/2017,29085
C2716,3/1/2017,32765
C2716,4/1/2017,31353
C2716,5/1/2017,34470
C2716,6/1/2017,34994
C2716,7/1/2017,34691
C2718,1/1/2013,126516
C2718,2/1/2013,112311
C2718,3/1/2013,141636
C2718,4/1/2013,132794
C2718,5/1/2013,148090
C2718,6/1/2013,145143
C2718,7/1/2013,120914
C2718,8/1/2013,121106
C2718,9/1/2013,146164
C2718,10/1/2013,134699
C2718,11/1/2013,131785
C2718,12/1/2013,115590
C2718,1/1/2014,124128
C2718,2/1/2014,108611
C2718,3/1/2014,112185
C2718,4/1/2014,101938
C2718,5/1/2014,123965
C2718,6/1/2014,130463
C2718,7/1/2014,117721
C2718,8/1/2014,128157
C2718,9/1/2014,188368
C2718,10/1/2014,140121
C2718,11/1/2014,130561
C2718,12/1/2014,117767
C2718,1/1/2015,134169
C2718,2/1/2015,113340
C2718,3/1/2015,145240
C2718,4/1/2015,135751
C2718,5/1/2015,160884
C2718,6/1/2015,142259
C2718,7/1/2015,136630
C2718,8/1/2015,147967
C2718,9/1/2015,151358
C2718,10/1/2015,140305
C2718,11/1/2015,137120
C2718,12/1/2015,113104
C2718,1/1/2016,129165
C2718,2/1/2016,113408
C2718,3/1/2016,135273
C2718,4/1/2016,136271
C2718,5/1/2016,161818
C2718,6/1/2016,145480
C2718,7/1/2016,136493
C2718,8/1/2016,148901
C2718,9/1/2016,143154
C2718,10/1/2016,144876
C2718,11/1/2016,145464
C2718,12/1/2016,109200
C2718,1/1/2017,143546
C2718,2/1/2017,141499
C2718,3/1/2017,160673
C2718,4/1/2017,130569
C2718,5/1/2017,152783
C2718,6/1/2017,139870
C2718,7/1/2017,127644
C2720,1/1/2013,6218
C2720,2/1/2013,6253
C2720,3/1/2013,7585
C2720,4/1/2013,7117
C2720,5/1/2013,7346
C2720,6/1/2013,7075
C2720,7/1/2013,6994
C2720,8/1/2013,7168
C2720,9/1/2013,7556
C2720,10/1/2013,7589
C2720,11/1/2013,7709
C2720,12/1/2013,7546
C2720,1/1/2014,7327
C2720,2/1/2014,8078
C2720,3/1/2014,9681
C2720,4/1/2014,8480
C2720,5/1/2014,8660
C2720,6/1/2014,8037
C2720,7/1/2014,8207
C2720,8/1/2014,8480
C2720,9/1/2014,5655
C2720,10/1/2014,6291
C2720,11/1/2014,6118
C2720,12/1/2014,4045
C2720,1/1/2015,5944
C2720,2/1/2015,6219
C2720,3/1/2015,7074
C2720,4/1/2015,7026
C2720,5/1/2015,7939
C2720,6/1/2015,7884
C2720,7/1/2015,7654
C2720,8/1/2015,7469
C2720,9/1/2015,7829
C2720,10/1/2015,7944
C2720,11/1/2015,7575
C2720,12/1/2015,7602
C2720,1/1/2016,7477
C2720,2/1/2016,7576
C2720,3/1/2016,8565
C2720,4/1/2016,8319
C2720,5/1/2016,8429
C2720,6/1/2016,8542
C2720,7/1/2016,8572
C2720,8/1/2016,7924
C2720,9/1/2016,7965
C2720,10/1/2016,8277
C2720,11/1/2016,7887
C2720,12/1/2016,8028
C2720,1/1/2017,8150
C2720,2/1/2017,8269
C2720,3/1/2017,10092
C2720,4/1/2017,9317
C2720,5/1/2017,9526
C2720,6/1/2017,8607
C2720,7/1/2017,8502
C2722,1/1/2013,14966
C2722,2/1/2013,14448
C2722,3/1/2013,16205
C2722,4/1/2013,15886
C2722,5/1/2013,16719
C2722,6/1/2013,16640
C2722,7/1/2013,16527
C2722,8/1/2013,16614
C2722,9/1/2013,16409
C2722,10/1/2013,16782
C2722,11/1/2013,16275
C2722,12/1/2013,15804
C2722,1/1/2014,14355
C2722,2/1/2014,13409
C2722,3/1/2014,15192
C2722,4/1/2014,13896
C2722,5/1/2014,15800
C2722,6/1/2014,14521
C2722,7/1/2014,14785
C2722,8/1/2014,15398
C2722,9/1/2014,14505
C2722,10/1/2014,14801
C2722,11/1/2014,14250
C2722,12/1/2014,16452
C2722,1/1/2015,15402
C2722,2/1/2015,14452
C2722,3/1/2015,15905
C2722,4/1/2015,14929
C2722,5/1/2015,15461
C2722,6/1/2015,15653
C2722,7/1/2015,15537
C2722,8/1/2015,15047
C2722,9/1/2015,14326
C2722,10/1/2015,15438
C2722,11/1/2015,14143
C2722,12/1/2015,15766
C2722,1/1/2016,14412
C2722,2/1/2016,15598
C2722,3/1/2016,16123
C2722,4/1/2016,15794
C2722,5/1/2016,16677
C2722,6/1/2016,15847
C2722,7/1/2016,16372
C2722,8/1/2016,14985
C2722,9/1/2016,15104
C2722,10/1/2016,15636
C2722,11/1/2016,15066
C2722,12/1/2016,16608
C2722,1/1/2017,14404
C2722,2/1/2017,15005
C2722,3/1/2017,16901
C2722,4/1/2017,16000
C2722,5/1/2017,17016
C2722,6/1/2017,15883
C2722,7/1/2017,16994
C2750,1/1/2013,6514
C2750,2/1/2013,7096
C2750,3/1/2013,9128
C2750,4/1/2013,8477
C2750,5/1/2013,9238
C2750,6/1/2013,8354
C2750,7/1/2013,7829
C2750,8/1/2013,7592
C2750,9/1/2013,7882
C2750,10/1/2013,8509
C2750,11/1/2013,7833
C2750,12/1/2013,7680
C2750,1/1/2014,8075
C2750,2/1/2014,7869
C2750,3/1/2014,9359
C2750,4/1/2014,8990
C2750,5/1/2014,8680
C2750,6/1/2014,8147
C2750,7/1/2014,8729
C2750,8/1/2014,8743
C2750,9/1/2014,8864
C2750,10/1/2014,8838
C2750,11/1/2014,8378
C2750,12/1/2014,7997
C2750,1/1/2015,8097
C2750,2/1/2015,8919
C2750,3/1/2015,9633
C2750,4/1/2015,10225
C2750,5/1/2015,9992
C2750,6/1/2015,9858
C2750,7/1/2015,10277
C2750,8/1/2015,10019
C2750,9/1/2015,9647
C2750,10/1/2015,9670
C2750,11/1/2015,9274
C2750,12/1/2015,8507
C2750,1/1/2016,8903
C2750,2/1/2016,8463
C2750,3/1/2016,11408
C2750,4/1/2016,11325
C2750,5/1/2016,11348
C2750,6/1/2016,10091
C2750,7/1/2016,10850
C2750,8/1/2016,10039
C2750,9/1/2016,9327
C2750,10/1/2016,9868
C2750,11/1/2016,9177
C2750,12/1/2016,11887
C2750,1/1/2017,12202
C2750,2/1/2017,11374
C2750,3/1/2017,12870
C2750,4/1/2017,13576
C2750,5/1/2017,12864
C2750,6/1/2017,11415
C2750,7/1/2017,11302
C2752,1/1/2013,46933.856
C2752,2/1/2013,45321.404
C2752,3/1/2013,49820.802
C2752,4/1/2013,45192.219
C2752,5/1/2013,47544.653
C2752,6/1/2013,46250.69
C2752,7/1/2013,45000.334
C2752,8/1/2013,43202.368
C2752,9/1/2013,41272.43
C2752,10/1/2013,42700.11
C2752,11/1/2013,38362.352
C2752,12/1/2013,42106.769
C2752,1/1/2014,41714.13
C2752,2/1/2014,39194.699
C2752,3/1/2014,45084.396
C2752,4/1/2014,42491.412
C2752,5/1/2014,44343.479
C2752,6/1/2014,43220.492
C2752,7/1/2014,42600.144
C2752,8/1/2014,45315.389
C2752,9/1/2014,43665.99
C2752,10/1/2014,45449.665
C2752,11/1/2014,44145.45
C2752,12/1/2014,48846.922
C2752,1/1/2015,48140.63
C2752,2/1/2015,45844.254
C2752,3/1/2015,51341.604
C2752,4/1/2015,51497.219
C2752,5/1/2015,53699.41
C2752,6/1/2015,50281.599
C2752,7/1/2015,53139.569
C2752,8/1/2015,55037.828
C2752,9/1/2015,51744.047
C2752,10/1/2015,51723.125
C2752,11/1/2015,49139.247
C2752,12/1/2015,53127.764
C2752,1/1/2016,51758.833
C2752,2/1/2016,49242.085
C2752,3/1/2016,54152.637
C2752,4/1/2016,54688.902
C2752,5/1/2016,55896.61
C2752,6/1/2016,51596.687
C2752,7/1/2016,55744.566
C2752,8/1/2016,52344.097
C2752,9/1/2016,49329.166
C2752,10/1/2016,52127.863
C2752,11/1/2016,49695.547
C2752,12/1/2016,61341.513
C2752,1/1/2017,60270.952
C2752,2/1/2017,56641.21
C2752,3/1/2017,61817.157
C2752,4/1/2017,60434.288
C2752,5/1/2017,61798.65
C2752,6/1/2017,61064.188
C2752,7/1/2017,62315.404
C2756,1/1/2013,37680
C2756,2/1/2013,36299
C2756,3/1/2013,40009
C2756,4/1/2013,38247
C2756,5/1/2013,40690
C2756,6/1/2013,37380
C2756,7/1/2013,36055
C2756,8/1/2013,34877
C2756,9/1/2013,32665
C2756,10/1/2013,35301
C2756,11/1/2013,32867
C2756,12/1/2013,32939
C2756,1/1/2014,34230
C2756,2/1/2014,31543
C2756,3/1/2014,35493
C2756,4/1/2014,33981
C2756,5/1/2014,34149
C2756,6/1/2014,30996
C2756,7/1/2014,34223
C2756,8/1/2014,34018
C2756,9/1/2014,34988
C2756,10/1/2014,35628
C2756,11/1/2014,33186
C2756,12/1/2014,31741
C2756,1/1/2015,33783
C2756,2/1/2015,34913
C2756,3/1/2015,43739
C2756,4/1/2015,44864
C2756,5/1/2015,46253
C2756,6/1/2015,40367
C2756,7/1/2015,43092
C2756,8/1/2015,43457
C2756,9/1/2015,40855
C2756,10/1/2015,40387
C2756,11/1/2015,38754
C2756,12/1/2015,38392
C2756,1/1/2016,40365
C2756,2/1/2016,40809
C2756,3/1/2016,46969
C2756,4/1/2016,47299
C2756,5/1/2016,46772
C2756,6/1/2016,45141
C2756,7/1/2016,46741
C2756,8/1/2016,44140
C2756,9/1/2016,42555
C2756,10/1/2016,46610
C2756,11/1/2016,41496
C2756,12/1/2016,48659
C2756,1/1/2017,51538
C2756,2/1/2017,48293
C2756,3/1/2017,54449
C2756,4/1/2017,53916
C2756,5/1/2017,54720
C2756,6/1/2017,52789
C2756,7/1/2017,56251
C2782,7/1/2014,653
C2782,8/1/2014,2713
C2782,9/1/2014,871
C2782,10/1/2014,1257
C2782,11/1/2014,1005
C2782,12/1/2014,871
C2782,1/1/2015,1146
C2782,2/1/2015,1169
C2782,3/1/2015,1708
C2782,4/1/2015,2256
C2782,5/1/2015,2010
C2782,6/1/2015,1981
C2782,7/1/2015,2375
C2782,8/1/2015,2063
C2782,9/1/2015,1933
C2782,10/1/2015,1954
C2782,11/1/2015,1941
C2782,12/1/2015,1745
C2782,1/1/2016,1676
C2782,2/1/2016,1824
C2782,3/1/2016,2080
C2782,4/1/2016,2073
C2782,5/1/2016,2048
C2782,6/1/2016,1756
C2782,7/1/2016,2120
C2782,8/1/2016,1869
C2782,9/1/2016,1792
C2782,10/1/2016,2007
C2782,11/1/2016,1880
C2782,12/1/2016,2485
C2782,1/1/2017,2386
C2782,2/1/2017,2653
C2782,3/1/2017,2813
C2782,4/1/2017,2888
C2782,5/1/2017,2713
C2782,6/1/2017,2566
C2782,7/1/2017,2654
C2784,1/1/2013,4960
C2784,2/1/2013,4179
C2784,3/1/2013,5125
C2784,4/1/2013,5672
C2784,5/1/2013,6018
C2784,6/1/2013,5779
C2784,7/1/2013,4762
C2784,8/1/2013,5411
C2784,9/1/2013,5129
C2784,10/1/2013,5829
C2784,11/1/2013,5274
C2784,12/1/2013,5098
C2784,1/1/2014,5173
C2784,2/1/2014,4833
C2784,3/1/2014,5546
C2784,4/1/2014,5246
C2784,5/1/2014,5199
C2784,6/1/2014,4474
C2784,7/1/2014,4792
C2784,8/1/2014,5183
C2784,9/1/2014,5423
C2784,10/1/2014,5628
C2784,11/1/2014,4575
C2784,12/1/2014,4870
C2784,1/1/2015,4169
C2784,2/1/2015,4571
C2784,3/1/2015,5424
C2784,4/1/2015,5242
C2784,5/1/2015,4680
C2784,6/1/2015,3765
C2784,7/1/2015,4749
C2784,8/1/2015,6036
C2784,9/1/2015,5467
C2784,10/1/2015,4678
C2784,11/1/2015,4950
C2784,12/1/2015,4361
C2784,1/1/2016,5152
C2784,2/1/2016,4994
C2784,3/1/2016,4335
C2784,4/1/2016,3787
C2784,5/1/2016,4132
C2784,6/1/2016,3764
C2784,7/1/2016,4083
C2784,8/1/2016,3720
C2784,9/1/2016,3385
C2784,10/1/2016,4715
C2784,11/1/2016,4375
C2784,12/1/2016,4583
C2784,1/1/2017,4474
C2784,2/1/2017,4692
C2784,3/1/2017,5984
C2784,4/1/2017,6469
C2784,5/1/2017,7531
C2784,6/1/2017,7306
C2784,7/1/2017,3625
C2786,1/1/2014,21742
C2786,3/1/2014,21588
C2786,5/1/2014,3528
C2786,6/1/2014,18557
C2786,7/1/2014,41571
C2786,8/1/2014,76249
C2786,9/1/2014,68621
C2786,10/1/2014,61220
C2786,11/1/2014,56830
C2786,12/1/2014,59230
C2786,1/1/2015,67102
C2786,2/1/2015,63220
C2786,3/1/2015,72276
C2786,4/1/2015,71783
C2786,5/1/2015,75114
C2786,6/1/2015,78225
C2786,7/1/2015,87228
C2786,8/1/2015,82423
C2786,9/1/2015,76552
C2786,10/1/2015,77261
C2786,11/1/2015,70555
C2786,12/1/2015,67180
C2786,1/1/2016,71292
C2786,2/1/2016,68504
C2786,3/1/2016,77355
C2786,4/1/2016,77474
C2786,5/1/2016,81951
C2786,6/1/2016,81608
C2786,7/1/2016,81966
C2786,8/1/2016,80920
C2786,9/1/2016,80376
C2786,10/1/2016,81797
C2786,11/1/2016,75559
C2786,12/1/2016,76927
C2786,1/1/2017,80904
C2786,2/1/2017,75111
C2786,3/1/2017,88183
C2786,4/1/2017,78364
C2786,5/1/2017,80344
C2786,6/1/2017,75736
C2786,7/1/2017,76498
C2802,1/1/2013,13454.413
C2802,2/1/2013,11681.293
C2802,3/1/2013,12902.305
C2802,4/1/2013,12172.738
C2802,5/1/2013,12429.81
C2802,6/1/2013,12321.412
C2802,7/1/2013,12346.907
C2802,8/1/2013,11569.699
C2802,9/1/2013,11596.675
C2802,10/1/2013,11625.129
C2802,11/1/2013,7718.718
C2802,12/1/2013,8333.04
C2802,1/1/2014,9805.2106
C2802,2/1/2014,11698.7544
C2802,3/1/2014,11131.856
C2802,4/1/2014,11908.5347
C2802,5/1/2014,14399.5055
C2802,6/1/2014,13937.0563
C2802,7/1/2014,15293.7356
C2802,8/1/2014,15109.982
C2802,9/1/2014,16263.335
C2802,10/1/2014,16123.368
C2802,11/1/2014,15345.823
C2802,12/1/2014,13629.293
C2802,1/1/2015,14948.211
C2802,2/1/2015,13243.579
C2802,3/1/2015,16753.61
C2802,4/1/2015,13736.904
C2802,5/1/2015,14647.026
C2802,6/1/2015,14307.997
C2802,7/1/2015,15050.787
C2802,8/1/2015,15175.181
C2802,9/1/2015,16354.809
C2802,10/1/2015,15543.56
C2802,11/1/2015,14620.134
C2802,12/1/2015,12521.982
C2802,1/1/2016,14686.785
C2802,2/1/2016,13475.755
C2802,3/1/2016,14359.09
C2802,4/1/2016,13676.997
C2802,5/1/2016,14049.534
C2802,6/1/2016,13642.612
C2802,7/1/2016,14282.466
C2802,8/1/2016,13861.561
C2802,9/1/2016,13418.234
C2802,10/1/2016,12921.416
C2802,11/1/2016,9922.648
C2802,12/1/2016,10011.21
C2802,1/1/2017,11110.527
C2802,2/1/2017,10295.282
C2802,3/1/2017,11559.407
C2802,4/1/2017,10846.051
C2802,5/1/2017,10640.271
C2802,6/1/2017,8866.721
C2802,7/1/2017,9190.593
C2806,1/1/2013,5582.421
C2806,2/1/2013,4101.593
C2806,3/1/2013,4944.025
C2806,4/1/2013,4246.666
C2806,5/1/2013,3696.448
C2806,6/1/2013,1923.561
C2806,7/1/2013,1114.064
C2806,8/1/2013,2082.121
C2806,9/1/2013,3308.489
C2806,10/1/2013,4201.904
C2806,11/1/2013,4701.407
C2806,12/1/2013,3826.259
C2806,1/1/2014,4596.0913
C2806,2/1/2014,4064.7138
C2806,3/1/2014,4455.2615
C2806,4/1/2014,4311.6985
C2806,5/1/2014,2751.5235
C2806,6/1/2014,83.865
C2806,7/1/2014,182.835
C2806,8/1/2014,122.547
C2806,9/1/2014,936.513
C2806,10/1/2014,4385.589
C2806,11/1/2014,3618.822
C2806,12/1/2014,3177.05
C2806,1/1/2015,3620.624
C2806,2/1/2015,3646.982
C2806,3/1/2015,3928.863
C2806,4/1/2015,3938.567
C2806,5/1/2015,3450.806
C2806,6/1/2015,2109.555
C2806,7/1/2015,2420.801
C2806,8/1/2015,1698.4
C2806,9/1/2015,3199.565
C2806,10/1/2015,3368.403
C2806,11/1/2015,3421.627
C2806,12/1/2015,2823.295
C2806,1/1/2016,2552.536
C2806,2/1/2016,3033.072
C2806,3/1/2016,3272.719
C2806,4/1/2016,3190.47
C2806,5/1/2016,2829.11
C2806,6/1/2016,2696.287
C2806,7/1/2016,2696.267
C2806,8/1/2016,2902.091
C2806,9/1/2016,3337.906
C2806,10/1/2016,3105.64
C2806,11/1/2016,2848.593
C2806,12/1/2016,2876.038
C2806,1/1/2017,2968.177
C2806,2/1/2017,2559.532
C2806,3/1/2017,3826.574
C2806,4/1/2017,2549.831
C2806,5/1/2017,3306.123
C2806,6/1/2017,3441.055
C2806,7/1/2017,3134.094
C2850,1/1/2013,1854
C2850,2/1/2013,4283
C2850,3/1/2013,7233
C2850,4/1/2013,6817
C2850,5/1/2013,6938
C2850,6/1/2013,6180
C2850,7/1/2013,5741
C2850,8/1/2013,5549
C2850,9/1/2013,5613
C2850,10/1/2013,5733
C2850,11/1/2013,6750
C2850,12/1/2013,8142
C2850,1/1/2014,7173
C2850,2/1/2014,7318
C2850,3/1/2014,7806
C2850,4/1/2014,6019
C2850,5/1/2014,6021
C2850,6/1/2014,6346
C2850,7/1/2014,5312
C2850,8/1/2014,5675
C2850,9/1/2014,5623
C2850,10/1/2014,5639
C2850,11/1/2014,5395
C2850,12/1/2014,6039
C2850,1/1/2015,5854
C2850,2/1/2015,5077
C2850,3/1/2015,5388
C2850,4/1/2015,5716
C2850,5/1/2015,6580
C2850,6/1/2015,6257
C2850,7/1/2015,6440
C2850,8/1/2015,5436
C2850,9/1/2015,5044
C2850,10/1/2015,5305
C2850,11/1/2015,5383
C2850,12/1/2015,5850
C2850,1/1/2016,5560
C2850,2/1/2016,5499
C2850,3/1/2016,5600
C2850,4/1/2016,5801
C2850,5/1/2016,6481
C2850,6/1/2016,5878
C2850,7/1/2016,5831
C2850,8/1/2016,6626
C2850,9/1/2016,6112
C2850,10/1/2016,6185
C2850,11/1/2016,5170
C2850,12/1/2016,5666
C2850,1/1/2017,6417
C2850,2/1/2017,6325
C2850,3/1/2017,9200
C2850,4/1/2017,5910
C2850,5/1/2017,8941
C2850,6/1/2017,4582
C2850,7/1/2017,6311
C2854,1/1/2013,14063
C2854,2/1/2013,13222
C2854,3/1/2013,14998
C2854,4/1/2013,11063
C2854,5/1/2013,14394
C2854,6/1/2013,9158
C2854,7/1/2013,11471
C2854,8/1/2013,10403
C2854,9/1/2013,11809
C2854,10/1/2013,5165
C2854,11/1/2013,6571
C2854,12/1/2013,6249
C2854,1/1/2014,11395
C2854,2/1/2014,3013
C2854,3/1/2014,12218
C2854,4/1/2014,5377
C2854,5/1/2014,7824
C2854,6/1/2014,9436
C2854,7/1/2014,8952
C2854,8/1/2014,8834
C2854,9/1/2014,8405
C2854,10/1/2014,11444
C2854,11/1/2014,11440
C2854,12/1/2014,9504
C2854,1/1/2015,11825
C2854,2/1/2015,10341
C2854,3/1/2015,13203
C2854,4/1/2015,11580
C2854,5/1/2015,12636
C2854,6/1/2015,12030
C2854,7/1/2015,11886
C2854,8/1/2015,11281
C2854,9/1/2015,12920
C2854,10/1/2015,13137
C2854,11/1/2015,11880
C2854,12/1/2015,9928
C2854,1/1/2016,13078
C2854,2/1/2016,11725
C2854,3/1/2016,12183
C2854,4/1/2016,11976
C2854,5/1/2016,12279
C2854,6/1/2016,11304
C2854,7/1/2016,12957
C2854,8/1/2016,12522
C2854,9/1/2016,12251
C2854,10/1/2016,13955
C2854,11/1/2016,13756
C2854,12/1/2016,9868
C2854,1/1/2017,12835
C2854,2/1/2017,11265
C2854,3/1/2017,13046
C2854,4/1/2017,12858
C2854,5/1/2017,12630
C2854,6/1/2017,10233
C2854,7/1/2017,12132
C2864,12/1/2013,1265
C2864,1/1/2014,3969
C2864,2/1/2014,3598
C2864,3/1/2014,4382
C2864,4/1/2014,4301
C2864,5/1/2014,4902
C2864,6/1/2014,4717
C2864,7/1/2014,4064
C2864,8/1/2014,4103
C2864,9/1/2014,4273
C2864,10/1/2014,4250
C2864,11/1/2014,4299
C2864,12/1/2014,3513
C2864,1/1/2015,4218
C2864,2/1/2015,3758
C2864,3/1/2015,4535
C2864,4/1/2015,5012
C2864,5/1/2015,5193
C2864,6/1/2015,4076
C2864,7/1/2015,2738
C2864,8/1/2015,4177
C2864,9/1/2015,4388
C2864,10/1/2015,4070
C2864,11/1/2015,3519
C2864,12/1/2015,2599
C2864,1/1/2016,3391
C2864,2/1/2016,3332
C2864,3/1/2016,3840
C2864,4/1/2016,4709
C2864,5/1/2016,4379
C2864,6/1/2016,3329
C2864,7/1/2016,3674
C2864,8/1/2016,3575
C2864,9/1/2016,3900
C2864,10/1/2016,4105
C2864,11/1/2016,3722
C2864,12/1/2016,3590
C2864,1/1/2017,4091
C2864,2/1/2017,3417
C2864,3/1/2017,4325
C2864,4/1/2017,4058
C2864,5/1/2017,4149
C2864,6/1/2017,4243
C2864,7/1/2017,4273
C2904,1/1/2013,31979.05
C2904,2/1/2013,25430.537
C2904,3/1/2013,27772.292
C2904,4/1/2013,24931.676
C2904,5/1/2013,28521.146
C2904,6/1/2013,26724.431
C2904,7/1/2013,25225.711
C2904,8/1/2013,26429.422
C2904,9/1/2013,25512.759000000002
C2904,10/1/2013,27510.487
C2904,11/1/2013,26570.398
C2904,12/1/2013,32945.816
C2904,1/1/2014,26278.841
C2904,2/1/2014,24708.603
C2904,3/1/2014,28475.516
C2904,4/1/2014,26330.334
C2904,5/1/2014,27578.808
C2904,6/1/2014,24392.405
C2904,7/1/2014,24970.761
C2904,8/1/2014,27453.441
C2904,9/1/2014,25374.928
C2904,10/1/2014,25380.076
C2904,11/1/2014,25325.036
C2904,12/1/2014,24456.453
C2904,1/1/2015,23704.043
C2904,2/1/2015,21905.646
C2904,3/1/2015,24945.781
C2904,4/1/2015,24307.121
C2904,5/1/2015,27525.039
C2904,6/1/2015,24749.997
C2904,7/1/2015,28662.75
C2904,8/1/2015,25222.636
C2904,9/1/2015,27586.484
C2904,10/1/2015,29070.189
C2904,11/1/2015,30744.299
C2904,12/1/2015,33992
C2904,1/1/2016,26404.95
C2904,2/1/2016,23256.144
C2904,3/1/2016,19470.361
C2904,4/1/2016,25054.308
C2904,5/1/2016,24981.396
C2904,6/1/2016,22277.047
C2904,7/1/2016,23120.789
C2904,8/1/2016,22111.258
C2904,9/1/2016,22434.953
C2904,10/1/2016,23406.584
C2904,11/1/2016,23061.208
C2904,12/1/2016,28611.454
C2904,1/1/2017,25035.61
C2904,2/1/2017,31480.747
C2904,3/1/2017,25789.545
C2904,4/1/2017,25048.748
C2904,5/1/2017,24852.841
C2904,6/1/2017,23268.406
C2904,7/1/2017,24120.929
C2906,11/1/2016,140
C2906,1/1/2017,4539
C2906,2/1/2017,2749
C2906,3/1/2017,5671
C2906,4/1/2017,6012
C2906,5/1/2017,6051
C2906,6/1/2017,6159
C2906,7/1/2017,6807
C2954,1/1/2014,9487
C2954,3/1/2014,9230
C2954,7/1/2014,7125
C2954,9/1/2014,8660
C2954,10/1/2014,7181
C2954,11/1/2014,7608
C2954,12/1/2014,6826
C2954,6/1/2015,7357
C2954,7/1/2015,6484
C2954,8/1/2015,6778
C2954,9/1/2015,7191
C2954,10/1/2015,6556
C2954,11/1/2015,6185
C2954,12/1/2015,5973
C2954,1/1/2016,7400
C2954,2/1/2016,6611
C2954,3/1/2016,6337
C2954,4/1/2016,6388
C2954,5/1/2016,6326
C2954,6/1/2016,5578
C2954,7/1/2016,5412
C2954,8/1/2016,4831
C2954,9/1/2016,5470
C2954,10/1/2016,5292
C2954,11/1/2016,4378
C2954,12/1/2016,4918
C2954,1/1/2017,6054
C2954,2/1/2017,4828
C2954,3/1/2017,5327
C2954,4/1/2017,3031
C2956,1/1/2013,13301
C2956,2/1/2013,11871
C2956,3/1/2013,13627
C2956,4/1/2013,12298
C2956,5/1/2013,12750
C2956,6/1/2013,13041
C2956,7/1/2013,12285
C2956,8/1/2013,12247
C2956,9/1/2013,12719
C2956,10/1/2013,12662
C2956,11/1/2013,11797
C2956,12/1/2013,11665
C2956,1/1/2014,12455
C2956,2/1/2014,11202
C2956,3/1/2014,12519
C2956,4/1/2014,11451
C2956,5/1/2014,11683
C2956,6/1/2014,12032
C2956,7/1/2014,11100
C2956,8/1/2014,11207
C2956,9/1/2014,11400
C2956,10/1/2014,11318
C2956,11/1/2014,10876
C2956,12/1/2014,10638
C2956,1/1/2015,11610
C2956,2/1/2015,9262
C2956,3/1/2015,10917
C2956,4/1/2015,10507
C2956,5/1/2015,10809
C2956,6/1/2015,9885
C2956,7/1/2015,9977
C2956,8/1/2015,10908
C2956,9/1/2015,10847
C2956,10/1/2015,10729
C2956,11/1/2015,9808
C2956,12/1/2015,9729
C2956,1/1/2016,10609
C2956,2/1/2016,9414
C2956,3/1/2016,10247
C2956,4/1/2016,9868
C2956,5/1/2016,10462
C2956,6/1/2016,9789
C2956,7/1/2016,10130
C2956,8/1/2016,9288
C2956,9/1/2016,9604
C2956,10/1/2016,10171
C2956,11/1/2016,8776
C2956,12/1/2016,10226
C2956,1/1/2017,11488
C2956,2/1/2017,9635
C2956,3/1/2017,10567
C2956,4/1/2017,972
C2960,1/1/2013,12139
C2960,2/1/2013,12062
C2960,3/1/2013,13763
C2960,4/1/2013,12689
C2960,5/1/2013,12442
C2960,6/1/2013,12430
C2960,7/1/2013,13287
C2960,8/1/2013,13300
C2960,9/1/2013,13604
C2960,10/1/2013,13634
C2960,11/1/2013,14034
C2960,12/1/2013,15099
C2960,1/1/2014,14720
C2960,2/1/2014,13551
C2960,3/1/2014,15863
C2960,4/1/2014,14460
C2960,5/1/2014,14375
C2960,6/1/2014,13826
C2960,7/1/2014,14284
C2960,8/1/2014,14874
C2960,9/1/2014,15492
C2960,10/1/2014,15377
C2960,11/1/2014,13379
C2960,12/1/2014,12614
C2960,1/1/2015,13707
C2960,2/1/2015,12791
C2960,3/1/2015,13773
C2960,4/1/2015,12916
C2960,5/1/2015,13232
C2960,6/1/2015,12853
C2960,7/1/2015,13378
C2960,8/1/2015,13184
C2960,9/1/2015,13528
C2960,10/1/2015,13154
C2960,11/1/2015,13240
C2960,12/1/2015,13916
C2960,1/1/2016,13930
C2960,2/1/2016,13289
C2960,3/1/2016,14310
C2960,4/1/2016,13735
C2960,5/1/2016,13450
C2960,6/1/2016,13021
C2960,7/1/2016,13840
C2960,8/1/2016,12524
C2960,9/1/2016,12803
C2960,10/1/2016,13565
C2960,11/1/2016,12572
C2960,12/1/2016,13821
C2960,1/1/2017,14549
C2960,2/1/2017,12957
C2960,3/1/2017,15088
C2960,4/1/2017,13640
C2960,5/1/2017,13414
C2960,6/1/2017,13304
C2960,7/1/2017,13617
C2962,1/1/2013,17154
C2962,2/1/2013,17605
C2962,3/1/2013,29190
C2962,4/1/2013,18498
C2962,5/1/2013,19118
C2962,6/1/2013,19401
C2962,7/1/2013,20732
C2962,8/1/2013,20595
C2962,9/1/2013,21582
C2962,10/1/2013,20781
C2962,11/1/2013,19748
C2962,12/1/2013,22788
C2962,1/1/2014,20491
C2962,2/1/2014,19725
C2962,3/1/2014,23969
C2962,4/1/2014,31075
C2962,5/1/2014,19340
C2962,6/1/2014,19833
C2962,7/1/2014,20607
C2962,8/1/2014,22396
C2962,9/1/2014,21853
C2962,10/1/2014,22144
C2962,11/1/2014,20565
C2962,12/1/2014,23202
C2962,1/1/2015,21458
C2962,2/1/2015,19537
C2962,3/1/2015,25675
C2962,4/1/2015,28138
C2962,5/1/2015,20684
C2962,6/1/2015,19906
C2962,7/1/2015,21153
C2962,8/1/2015,20481
C2962,9/1/2015,20087
C2962,10/1/2015,19964
C2962,11/1/2015,18938
C2962,12/1/2015,21810
C2962,1/1/2016,17216
C2962,2/1/2016,17244
C2962,3/1/2016,28847
C2962,4/1/2016,17963
C2962,5/1/2016,17151
C2962,6/1/2016,17090
C2962,7/1/2016,17776
C2962,8/1/2016,16150
C2962,9/1/2016,16336
C2962,10/1/2016,16914
C2962,11/1/2016,15775
C2962,12/1/2016,20296
C2962,1/1/2017,16894
C2962,2/1/2017,16691
C2962,3/1/2017,19890
C2962,4/1/2017,21682
C2962,5/1/2017,11236
C2962,6/1/2017,11303
C2962,7/1/2017,11676
C2966,1/1/2013,16629
C2966,2/1/2013,16083
C2966,3/1/2013,18774
C2966,4/1/2013,17031
C2966,5/1/2013,20547
C2966,6/1/2013,20613
C2966,7/1/2013,20916
C2966,8/1/2013,20540
C2966,9/1/2013,21385
C2966,10/1/2013,21280
C2966,11/1/2013,20053
C2966,12/1/2013,19295
C2966,1/1/2014,20821
C2966,2/1/2014,17265
C2966,3/1/2014,18387
C2966,4/1/2014,17358
C2966,5/1/2014,21110
C2966,6/1/2014,21803
C2966,7/1/2014,20796
C2966,8/1/2014,21028
C2966,9/1/2014,21339
C2966,10/1/2014,23437
C2966,11/1/2014,25881
C2966,12/1/2014,25124
C2966,1/1/2015,27940
C2966,2/1/2015,27170
C2966,3/1/2015,29580
C2966,4/1/2015,28500
C2966,5/1/2015,30987
C2966,6/1/2015,33922
C2966,7/1/2015,34528
C2966,8/1/2015,35904
C2966,9/1/2015,36673
C2966,10/1/2015,39467
C2966,11/1/2015,38854
C2966,12/1/2015,37081
C2966,1/1/2016,40087
C2966,2/1/2016,36103
C2966,3/1/2016,40624
C2966,4/1/2016,40211
C2966,5/1/2016,43842
C2966,6/1/2016,43648
C2966,7/1/2016,46291
C2966,8/1/2016,44497
C2966,9/1/2016,47223
C2966,10/1/2016,47919
C2966,11/1/2016,47009
C2966,12/1/2016,47666
C2966,1/1/2017,53771
C2966,2/1/2017,49556
C2966,3/1/2017,52107
C2966,4/1/2017,48664
C2966,5/1/2017,53237
C2966,6/1/2017,51587
C2966,7/1/2017,52356
C2970,6/1/2015,1697
C2970,7/1/2015,5887
C2970,8/1/2015,5993
C2970,9/1/2015,5254
C2970,10/1/2015,7594
C2970,11/1/2015,6264
C2970,12/1/2015,5671
C2970,1/1/2016,5780
C2970,2/1/2016,5693
C2970,3/1/2016,5845
C2970,4/1/2016,5433
C2970,5/1/2016,4931
C2970,6/1/2016,4933
C2970,7/1/2016,5718
C2970,8/1/2016,5487
C2970,9/1/2016,5674
C2970,10/1/2016,7635
C2970,11/1/2016,6886
C2970,12/1/2016,6700
C2970,1/1/2017,5473
C2970,2/1/2017,5548
C2970,3/1/2017,4230
C2970,4/1/2017,324
C2980,1/1/2013,10063
C2980,2/1/2013,9758
C2980,3/1/2013,10252
C2980,4/1/2013,9237
C2980,5/1/2013,10000
C2980,6/1/2013,10542
C2980,7/1/2013,10661
C2980,8/1/2013,10547
C2980,9/1/2013,11605
C2980,10/1/2013,11405
C2980,11/1/2013,10897
C2980,12/1/2013,11802
C2980,1/1/2014,11562
C2980,2/1/2014,10381
C2980,3/1/2014,11668
C2980,4/1/2014,9682
C2980,5/1/2014,10472
C2980,6/1/2014,11349
C2980,7/1/2014,11235
C2980,8/1/2014,10052
C2980,9/1/2014,2856
C2980,10/1/2014,11749
C2980,11/1/2014,11107
C2980,12/1/2014,11297
C2980,1/1/2015,11029
C2980,2/1/2015,9091
C2980,3/1/2015,9307
C2980,4/1/2015,8584
C2980,5/1/2015,9499
C2980,6/1/2015,9260
C2980,7/1/2015,9917
C2980,8/1/2015,10337
C2980,9/1/2015,9650
C2980,10/1/2015,10235
C2980,11/1/2015,9327
C2980,12/1/2015,9693
C2980,1/1/2016,10632
C2980,2/1/2016,10116
C2980,3/1/2016,9958
C2980,4/1/2016,9844
C2980,5/1/2016,8416
C2980,6/1/2016,8929
C2980,7/1/2016,9316
C2980,8/1/2016,8962
C2980,9/1/2016,8868
C2980,10/1/2016,8447
C2980,11/1/2016,8862
C2980,12/1/2016,10171
C2980,1/1/2017,9612
C2980,2/1/2017,7895
C2980,3/1/2017,8562
C2980,4/1/2017,9386
C2980,5/1/2017,8156
C2980,6/1/2017,8370
C2980,7/1/2017,8585
C2986,1/1/2013,35223
C2986,2/1/2013,34299
C2986,3/1/2013,37888
C2986,4/1/2013,36447
C2986,5/1/2013,38989
C2986,6/1/2013,39257
C2986,7/1/2013,38116
C2986,8/1/2013,38750
C2986,9/1/2013,30307
C2986,10/1/2013,26683
C2986,11/1/2013,38587
C2986,12/1/2013,36523
C2986,1/1/2014,42290
C2986,2/1/2014,39293
C2986,3/1/2014,43687
C2986,4/1/2014,39575
C2986,5/1/2014,42458
C2986,6/1/2014,42261
C2986,7/1/2014,40925
C2986,8/1/2014,40279
C2986,9/1/2014,44755
C2986,10/1/2014,44216
C2986,11/1/2014,41364
C2986,12/1/2014,38880
C2986,1/1/2015,45541
C2986,2/1/2015,41275
C2986,3/1/2015,45929
C2986,4/1/2015,41718
C2986,5/1/2015,45028
C2986,6/1/2015,42708
C2986,7/1/2015,44006
C2986,8/1/2015,46516
C2986,9/1/2015,45060
C2986,10/1/2015,45867
C2986,11/1/2015,43917
C2986,12/1/2015,40978
C2986,1/1/2016,46437
C2986,2/1/2016,44604
C2986,3/1/2016,44854
C2986,4/1/2016,47495
C2986,5/1/2016,45768
C2986,6/1/2016,41628
C2986,7/1/2016,43338
C2986,8/1/2016,41202
C2986,9/1/2016,40533
C2986,10/1/2016,41081
C2986,11/1/2016,37358
C2986,12/1/2016,34947
C2986,1/1/2017,40529
C2986,2/1/2017,36943
C2986,3/1/2017,40117
C2986,4/1/2017,33968
C2986,5/1/2017,35748
C2986,6/1/2017,33262
C2986,7/1/2017,34260
C3004,1/1/2013,49244
C3004,2/1/2013,45504
C3004,3/1/2013,53892
C3004,4/1/2013,53270
C3004,5/1/2013,64424
C3004,6/1/2013,56693
C3004,7/1/2013,53620
C3004,8/1/2013,54329
C3004,9/1/2013,50789
C3004,10/1/2013,52784
C3004,11/1/2013,52020
C3004,12/1/2013,96909
C3004,1/1/2014,45805
C3004,2/1/2014,46607
C3004,3/1/2014,54141
C3004,4/1/2014,51363
C3004,5/1/2014,59473
C3004,6/1/2014,52456
C3004,7/1/2014,55971
C3004,8/1/2014,55683
C3004,9/1/2014,53520
C3004,10/1/2014,56487
C3004,11/1/2014,54513
C3004,12/1/2014,97639
C3004,1/1/2015,52994
C3004,2/1/2015,52623
C3004,3/1/2015,58276
C3004,4/1/2015,59244
C3004,5/1/2015,68517
C3004,6/1/2015,61752
C3004,7/1/2015,60131
C3004,8/1/2015,59733
C3004,9/1/2015,57317
C3004,10/1/2015,62437
C3004,11/1/2015,55378
C3004,12/1/2015,104969
C3004,1/1/2016,57644
C3004,2/1/2016,54115
C3004,3/1/2016,57506
C3004,4/1/2016,72799
C3004,5/1/2016,65727
C3004,6/1/2016,62071
C3004,7/1/2016,60900
C3004,8/1/2016,57362
C3004,9/1/2016,56394
C3004,10/1/2016,58633
C3004,11/1/2016,55815
C3004,12/1/2016,106762
C3004,1/1/2017,59014
C3004,2/1/2017,55680
C3004,3/1/2017,59100
C3004,4/1/2017,60509
C3004,5/1/2017,66987
C3004,6/1/2017,67647
C3004,7/1/2017,64752
C3005,1/1/2013,318
C3005,2/1/2013,57
C3005,3/1/2013,261
C3005,4/1/2013,304
C3005,5/1/2013,458
C3005,6/1/2013,600
C3005,7/1/2013,911
C3005,8/1/2013,733
C3005,9/1/2013,634
C3005,10/1/2013,646
C3005,11/1/2013,849
C3005,12/1/2013,1294
C3005,1/1/2014,1120
C3005,2/1/2014,379
C3005,3/1/2014,721
C3005,4/1/2014,735
C3005,5/1/2014,513
C3005,6/1/2014,879
C3005,7/1/2014,948
C3005,8/1/2014,707
C3005,9/1/2014,1004
C3005,10/1/2014,910
C3005,11/1/2014,1693
C3005,12/1/2014,1902
C3005,1/1/2015,1589
C3005,2/1/2015,1632
C3005,3/1/2015,780
C3005,4/1/2015,356
C3005,5/1/2015,92
C3005,6/1/2015,62
C3005,7/1/2015,21
C3005,8/1/2015,4
C3005,9/1/2015,2
C3005,10/1/2015,1
C3005,11/1/2015,46
C3005,12/1/2015,113
C3005,1/1/2016,1
C3005,11/1/2016,79
C3005,12/1/2016,263
C3005,1/1/2017,187
C3005,2/1/2017,276
C3005,3/1/2017,833
C3005,4/1/2017,684
C3005,5/1/2017,536
C3005,6/1/2017,727
C3005,7/1/2017,937
C3006,1/1/2013,4437
C3006,2/1/2013,4432
C3006,3/1/2013,4517
C3006,4/1/2013,4232
C3006,5/1/2013,4620
C3006,6/1/2013,4700
C3006,7/1/2013,4822
C3006,8/1/2013,4676
C3006,9/1/2013,4596
C3006,10/1/2013,4258
C3006,11/1/2013,4399
C3006,12/1/2013,4621
C3006,1/1/2014,4978
C3006,2/1/2014,3949
C3006,3/1/2014,4903
C3006,4/1/2014,4527
C3006,5/1/2014,4421
C3006,6/1/2014,4447
C3006,7/1/2014,4904
C3006,8/1/2014,5036
C3006,9/1/2014,5258
C3006,10/1/2014,4829
C3006,11/1/2014,4385
C3006,12/1/2014,4591
C3006,1/1/2015,5158
C3006,2/1/2015,4170
C3006,3/1/2015,4889
C3006,4/1/2015,5115
C3006,5/1/2015,4951
C3006,6/1/2015,4914
C3006,7/1/2015,5302
C3006,8/1/2015,5389
C3006,9/1/2015,5210
C3006,10/1/2015,5329
C3006,11/1/2015,5080
C3006,12/1/2015,5336
C3006,1/1/2016,5468
C3006,2/1/2016,5205
C3006,3/1/2016,5456
C3006,4/1/2016,4824
C3006,5/1/2016,5013
C3006,6/1/2016,4686
C3006,7/1/2016,5144
C3006,8/1/2016,4666
C3006,9/1/2016,4634
C3006,10/1/2016,4827
C3006,11/1/2016,4983
C3006,12/1/2016,5391
C3006,1/1/2017,5544
C3006,2/1/2017,4372
C3006,3/1/2017,5245
C3006,4/1/2017,5176
C3006,5/1/2017,5212
C3006,6/1/2017,5160
C3006,7/1/2017,5446
C3008,1/1/2013,51621
C3008,2/1/2013,47685
C3008,3/1/2013,55855
C3008,4/1/2013,54189
C3008,5/1/2013,54104
C3008,6/1/2013,55260
C3008,7/1/2013,55332
C3008,8/1/2013,56490
C3008,9/1/2013,52398
C3008,10/1/2013,49972
C3008,11/1/2013,53931
C3008,12/1/2013,60848
C3008,1/1/2014,111928
C3008,2/1/2014,59756
C3008,3/1/2014,197273
C3008,4/1/2014,28690
C3008,5/1/2014,29069
C3008,6/1/2014,51027
C3008,7/1/2014,178555
C3008,8/1/2014,55987
C3008,9/1/2014,166615
C3008,10/1/2014,168227
C3008,11/1/2014,171213
C3008,12/1/2014,170990
C3008,1/1/2015,179956
C3008,2/1/2015,158269
C3008,3/1/2015,178301
C3008,4/1/2015,165968
C3008,5/1/2015,178542
C3008,6/1/2015,169111
C3008,7/1/2015,168034
C3008,8/1/2015,171728
C3008,9/1/2015,164468
C3008,10/1/2015,164737
C3008,11/1/2015,156004
C3008,12/1/2015,168172
C3008,1/1/2016,160762
C3008,2/1/2016,131224
C3008,3/1/2016,142692
C3008,4/1/2016,151951
C3008,5/1/2016,165188
C3008,6/1/2016,142189
C3008,7/1/2016,156211
C3008,8/1/2016,151531
C3008,9/1/2016,141401
C3008,10/1/2016,149893
C3008,11/1/2016,148309
C3008,12/1/2016,158569
C3008,1/1/2017,157288
C3008,2/1/2017,139032
C3008,3/1/2017,153707
C3008,4/1/2017,159585
C3008,5/1/2017,169488
C3008,6/1/2017,141097
C3008,7/1/2017,150191
C3010,1/1/2013,3643
C3010,2/1/2013,3262
C3010,3/1/2013,3938
C3010,4/1/2013,3486
C3010,5/1/2013,2150
C3010,6/1/2013,2864
C3010,7/1/2013,3100
C3010,8/1/2013,3044
C3010,9/1/2013,3335
C3010,10/1/2013,2900
C3010,11/1/2013,2863
C3010,12/1/2013,3336
C3010,1/1/2014,3005
C3010,2/1/2014,2887
C3010,3/1/2014,3075
C3010,4/1/2014,2903
C3010,5/1/2014,2775
C3010,6/1/2014,2518
C3010,7/1/2014,2831
C3010,8/1/2014,2808
C3010,9/1/2014,2752
C3010,10/1/2014,2600
C3010,11/1/2014,2765
C3010,12/1/2014,3059
C3010,1/1/2015,2780
C3010,2/1/2015,2386
C3010,3/1/2015,2597
C3010,4/1/2015,2430
C3010,5/1/2015,2723
C3010,6/1/2015,2461
C3010,7/1/2015,2543
C3010,8/1/2015,2691
C3010,9/1/2015,2604
C3010,10/1/2015,2504
C3010,11/1/2015,2384
C3010,12/1/2015,2744
C3010,1/1/2016,2366
C3010,2/1/2016,2100
C3010,3/1/2016,2112
C3010,4/1/2016,2056
C3010,5/1/2016,2143
C3010,6/1/2016,1952
C3010,7/1/2016,2991
C3010,8/1/2016,3035
C3010,9/1/2016,3582
C3010,10/1/2016,4022
C3010,11/1/2016,4035
C3010,12/1/2016,4459
C3010,1/1/2017,4115
C3010,2/1/2017,3244
C3010,3/1/2017,3664
C3010,4/1/2017,3617
C3010,5/1/2017,4075
C3010,6/1/2017,4084
C3010,7/1/2017,4255
C3012,1/1/2013,13785
C3012,2/1/2013,10356
C3012,3/1/2013,13170
C3012,4/1/2013,13899
C3012,5/1/2013,15671
C3012,6/1/2013,13221
C3012,7/1/2013,10874
C3012,8/1/2013,12328
C3012,9/1/2013,18609
C3012,10/1/2013,14925
C3012,11/1/2013,13348
C3012,12/1/2013,14198
C3012,1/1/2014,12651
C3012,2/1/2014,10127
C3012,3/1/2014,11930
C3012,4/1/2014,12129
C3012,5/1/2014,13505
C3012,6/1/2014,11584
C3012,7/1/2014,9736
C3012,8/1/2014,12413
C3012,9/1/2014,14458
C3012,10/1/2014,11096
C3012,11/1/2014,10096
C3012,12/1/2014,11522
C3012,1/1/2015,12260
C3012,2/1/2015,9502
C3012,3/1/2015,9978
C3012,4/1/2015,10766
C3012,5/1/2015,12738
C3012,6/1/2015,8856
C3012,7/1/2015,7923
C3012,8/1/2015,12189
C3012,9/1/2015,14986
C3012,10/1/2015,12276
C3012,11/1/2015,9110
C3012,12/1/2015,10195
C3012,1/1/2016,10007
C3012,2/1/2016,7499
C3012,3/1/2016,7415
C3012,4/1/2016,8532
C3012,5/1/2016,11951
C3012,6/1/2016,7262
C3012,7/1/2016,7066
C3012,8/1/2016,7416
C3012,9/1/2016,13021
C3012,10/1/2016,8629
C3012,11/1/2016,7464
C3012,12/1/2016,9000
C3012,1/1/2017,8716
C3012,2/1/2017,6334
C3012,3/1/2017,6935
C3012,4/1/2017,8461
C3012,5/1/2017,12496
C3012,6/1/2017,6583
C3012,7/1/2017,6665
C3014,1/1/2013,26550
C3014,2/1/2013,24254
C3014,3/1/2013,29829
C3014,4/1/2013,28393
C3014,5/1/2013,31501
C3014,6/1/2013,32259
C3014,7/1/2013,28807
C3014,8/1/2013,28887
C3014,9/1/2013,26797
C3014,10/1/2013,25782
C3014,11/1/2013,27360
C3014,12/1/2013,93408
C3014,1/1/2014,35504
C3014,2/1/2014,24492
C3014,3/1/2014,40027
C3014,4/1/2014,28308
C3014,5/1/2014,31836
C3014,6/1/2014,30509
C3014,7/1/2014,39748
C3014,8/1/2014,31398
C3014,9/1/2014,41021
C3014,10/1/2014,41923
C3014,11/1/2014,45308
C3014,12/1/2014,119142
C3014,1/1/2015,32233
C3014,2/1/2015,29780
C3014,3/1/2015,40332
C3014,4/1/2015,48248
C3014,5/1/2015,57948
C3014,6/1/2015,53331
C3014,7/1/2015,41760
C3014,8/1/2015,35596
C3014,9/1/2015,46419
C3014,10/1/2015,46080
C3014,11/1/2015,45329
C3014,12/1/2015,117637
C3014,1/1/2016,46098
C3014,2/1/2016,40222
C3014,3/1/2016,46611
C3014,4/1/2016,44329
C3014,5/1/2016,51123
C3014,6/1/2016,49361
C3014,7/1/2016,52483
C3014,8/1/2016,45851
C3014,9/1/2016,46075
C3014,10/1/2016,46831
C3014,11/1/2016,48683
C3014,12/1/2016,119334
C3014,1/1/2017,46750
C3014,2/1/2017,42605
C3014,3/1/2017,47607
C3014,4/1/2017,52967
C3014,5/1/2017,54870
C3014,6/1/2017,51664
C3014,7/1/2017,52574
C3015,1/1/2013,7104
C3015,2/1/2013,6350
C3015,3/1/2013,6990
C3015,4/1/2013,7207
C3015,5/1/2013,8004
C3015,6/1/2013,7919
C3015,7/1/2013,7251
C3015,8/1/2013,7472
C3015,9/1/2013,7536
C3015,10/1/2013,8354
C3015,11/1/2013,8765
C3015,12/1/2013,19566
C3015,1/1/2014,7532
C3015,2/1/2014,6976
C3015,3/1/2014,8111
C3015,4/1/2014,7104
C3015,5/1/2014,8008
C3015,6/1/2014,7234
C3015,7/1/2014,6747
C3015,8/1/2014,7760
C3015,9/1/2014,7557
C3015,10/1/2014,7573
C3015,11/1/2014,7844
C3015,12/1/2014,18189
C3015,1/1/2015,8048
C3015,2/1/2015,6471
C3015,3/1/2015,4393
C3015,4/1/2015,1575
C3015,5/1/2015,780
C3015,6/1/2015,1020
C3015,7/1/2015,8756
C3015,8/1/2015,12001
C3015,9/1/2015,7684
C3015,10/1/2015,8207
C3015,11/1/2015,9121
C3015,12/1/2015,16848
C3015,1/1/2016,7826
C3015,2/1/2016,6237
C3015,3/1/2016,4503
C3015,4/1/2016,4477
C3015,5/1/2016,3951
C3015,6/1/2016,1216
C3015,7/1/2016,820
C3015,8/1/2016,4686
C3015,9/1/2016,4194
C3015,10/1/2016,5071
C3015,11/1/2016,7002
C3015,12/1/2016,16029
C3015,1/1/2017,7266
C3015,2/1/2017,6753
C3015,3/1/2017,7423
C3015,4/1/2017,7030
C3015,5/1/2017,7778
C3015,6/1/2017,7954
C3015,7/1/2017,8124
C3016,1/1/2013,48199
C3016,2/1/2013,41624
C3016,3/1/2013,51228
C3016,4/1/2013,47670
C3016,5/1/2013,47003
C3016,6/1/2013,45233
C3016,7/1/2013,44280
C3016,8/1/2013,47359
C3016,9/1/2013,47835
C3016,10/1/2013,45061
C3016,11/1/2013,43955
C3016,12/1/2013,49993
C3016,1/1/2014,50755
C3016,2/1/2014,43963
C3016,3/1/2014,53820
C3016,4/1/2014,50222
C3016,5/1/2014,50850
C3016,6/1/2014,47946
C3016,7/1/2014,50309
C3016,8/1/2014,52259
C3016,9/1/2014,50910
C3016,10/1/2014,52020
C3016,11/1/2014,52671
C3016,12/1/2014,57328
C3016,1/1/2015,69874
C3016,2/1/2015,69820
C3016,3/1/2015,79510
C3016,4/1/2015,76000
C3016,5/1/2015,83149
C3016,6/1/2015,72044
C3016,7/1/2015,76411
C3016,8/1/2015,76943
C3016,9/1/2015,73019
C3016,10/1/2015,70721
C3016,11/1/2015,66648
C3016,12/1/2015,74105
C3016,1/1/2016,80370
C3016,2/1/2016,67773
C3016,3/1/2016,65131
C3016,4/1/2016,73417
C3016,5/1/2016,74209
C3016,6/1/2016,68164
C3016,7/1/2016,71040
C3016,8/1/2016,66854
C3016,9/1/2016,66536
C3016,10/1/2016,68097
C3016,11/1/2016,71965
C3016,12/1/2016,72188
C3016,1/1/2017,77067
C3016,2/1/2017,70268
C3016,3/1/2017,68760
C3016,4/1/2017,76752
C3016,5/1/2017,83598
C3016,6/1/2017,81087
C3016,7/1/2017,84267
C3018,1/1/2013,35646
C3018,2/1/2013,46985
C3018,3/1/2013,33984
C3018,4/1/2013,30270
C3018,5/1/2013,29773
C3018,6/1/2013,28166
C3018,7/1/2013,27189
C3018,8/1/2013,29913
C3018,9/1/2013,30434
C3018,10/1/2013,29470
C3018,11/1/2013,28446
C3018,12/1/2013,34724
C3018,1/1/2014,33790
C3018,2/1/2014,41773
C3018,3/1/2014,40298
C3018,4/1/2014,31317
C3018,5/1/2014,33973
C3018,6/1/2014,30248
C3018,7/1/2014,29627
C3018,8/1/2014,30061
C3018,9/1/2014,27672
C3018,10/1/2014,30136
C3018,11/1/2014,29945
C3018,12/1/2014,37294
C3018,1/1/2015,39561
C3018,2/1/2015,53102
C3018,3/1/2015,39887
C3018,4/1/2015,38402
C3018,5/1/2015,40762
C3018,6/1/2015,33919
C3018,7/1/2015,35057
C3018,8/1/2015,36309
C3018,9/1/2015,31945
C3018,10/1/2015,34509
C3018,11/1/2015,33450
C3018,12/1/2015,40122
C3018,1/1/2016,69384
C3018,2/1/2016,87081
C3018,3/1/2016,35863
C3018,4/1/2016,36709
C3018,5/1/2016,37457
C3018,6/1/2016,31146
C3018,7/1/2016,34367
C3018,8/1/2016,31441
C3018,9/1/2016,28745
C3018,10/1/2016,28977
C3018,11/1/2016,28201
C3018,12/1/2016,35951
C3018,1/1/2017,47844
C3018,2/1/2017,128377
C3018,3/1/2017,31937
C3018,4/1/2017,35898
C3018,5/1/2017,37784
C3018,6/1/2017,33238
C3018,7/1/2017,44651
C3020,1/1/2013,196868
C3020,2/1/2013,168028
C3020,3/1/2013,201985
C3020,4/1/2013,197118
C3020,5/1/2013,208367
C3020,6/1/2013,205862
C3020,7/1/2013,198825
C3020,8/1/2013,204219
C3020,9/1/2013,188121
C3020,10/1/2013,182698
C3020,11/1/2013,186524
C3020,12/1/2013,211206
C3020,1/1/2014,222784
C3020,2/1/2014,200436
C3020,3/1/2014,231230
C3020,4/1/2014,203525
C3020,5/1/2014,219779
C3020,6/1/2014,214616
C3020,7/1/2014,230984
C3020,8/1/2014,243075
C3020,9/1/2014,233445
C3020,10/1/2014,239411
C3020,11/1/2014,239890
C3020,12/1/2014,254218
C3020,1/1/2015,271220
C3020,2/1/2015,253872
C3020,3/1/2015,274516
C3020,4/1/2015,254753
C3020,5/1/2015,270222
C3020,6/1/2015,249636
C3020,7/1/2015,262781
C3020,8/1/2015,278997
C3020,9/1/2015,272312
C3020,10/1/2015,274886
C3020,11/1/2015,254610
C3020,12/1/2015,262372
C3020,1/1/2016,253705
C3020,2/1/2016,219821
C3020,3/1/2016,241483
C3020,4/1/2016,263934
C3020,5/1/2016,263143
C3020,6/1/2016,239455
C3020,7/1/2016,252182
C3020,8/1/2016,225424
C3020,9/1/2016,226725
C3020,10/1/2016,236463
C3020,11/1/2016,262742
C3020,12/1/2016,276451
C3020,1/1/2017,282264
C3020,2/1/2017,233051
C3020,3/1/2017,279492
C3020,4/1/2017,247578
C3020,5/1/2017,261432
C3020,6/1/2017,277688
C3020,7/1/2017,287554
C3022,1/1/2013,34782
C3022,2/1/2013,27404
C3022,3/1/2013,28941
C3022,4/1/2013,27021
C3022,5/1/2013,31581
C3022,6/1/2013,28316
C3022,7/1/2013,26317
C3022,8/1/2013,26100
C3022,9/1/2013,25705
C3022,10/1/2013,24169
C3022,11/1/2013,23622
C3022,12/1/2013,26958
C3022,1/1/2014,26954
C3022,2/1/2014,24584
C3022,3/1/2014,28659
C3022,4/1/2014,27820
C3022,5/1/2014,26222
C3022,6/1/2014,24580
C3022,7/1/2014,24611
C3022,8/1/2014,26864
C3022,9/1/2014,26272
C3022,10/1/2014,24279
C3022,11/1/2014,25803
C3022,12/1/2014,28590
C3022,1/1/2015,28666
C3022,2/1/2015,24910
C3022,3/1/2015,28273
C3022,4/1/2015,27090
C3022,5/1/2015,28084
C3022,6/1/2015,25879
C3022,7/1/2015,27427
C3022,8/1/2015,28665
C3022,9/1/2015,27889
C3022,10/1/2015,25633
C3022,11/1/2015,23504
C3022,12/1/2015,26169
C3022,1/1/2016,29563
C3022,2/1/2016,24395
C3022,3/1/2016,25317
C3022,4/1/2016,24987
C3022,5/1/2016,25230
C3022,6/1/2016,21309
C3022,7/1/2016,23152
C3022,8/1/2016,24358
C3022,9/1/2016,24245
C3022,10/1/2016,24424
C3022,11/1/2016,23763
C3022,12/1/2016,26804
C3022,1/1/2017,29158
C3022,2/1/2017,22598
C3022,3/1/2017,26123
C3022,4/1/2017,27496
C3022,5/1/2017,27698
C3022,6/1/2017,25604
C3022,7/1/2017,27752
C3024,1/1/2013,60568
C3024,2/1/2013,55457
C3024,3/1/2013,65075
C3024,4/1/2013,59176
C3024,5/1/2013,62515
C3024,6/1/2013,66388
C3024,7/1/2013,66542
C3024,8/1/2013,67192
C3024,9/1/2013,69373
C3024,10/1/2013,66195
C3024,11/1/2013,62619
C3024,12/1/2013,73673
C3024,1/1/2014,66276
C3024,2/1/2014,65388
C3024,3/1/2014,77114
C3024,4/1/2014,66272
C3024,5/1/2014,60295
C3024,6/1/2014,63039
C3024,7/1/2014,69917
C3024,8/1/2014,66805
C3024,9/1/2014,72641
C3024,10/1/2014,77779
C3024,11/1/2014,73242
C3024,12/1/2014,85110
C3024,1/1/2015,79404
C3024,2/1/2015,68775
C3024,3/1/2015,76526
C3024,4/1/2015,76162
C3024,5/1/2015,81886
C3024,6/1/2015,75289
C3024,7/1/2015,78405
C3024,8/1/2015,85020
C3024,9/1/2015,78465
C3024,10/1/2015,79404
C3024,11/1/2015,72270
C3024,12/1/2015,80489
C3024,1/1/2016,80554
C3024,2/1/2016,72322
C3024,3/1/2016,75650
C3024,4/1/2016,77728
C3024,5/1/2016,84517
C3024,6/1/2016,72119
C3024,7/1/2016,77530
C3024,8/1/2016,78360
C3024,9/1/2016,84419
C3024,10/1/2016,83234
C3024,11/1/2016,81852
C3024,12/1/2016,87063
C3024,1/1/2017,91198
C3024,2/1/2017,90386
C3024,3/1/2017,87617
C3024,4/1/2017,79689
C3024,5/1/2017,97634
C3024,6/1/2017,93173
C3024,7/1/2017,98639
C3026,1/1/2013,194298
C3026,2/1/2013,165801
C3026,3/1/2013,191424
C3026,4/1/2013,182245
C3026,5/1/2013,182170
C3026,6/1/2013,182624
C3026,7/1/2013,178111
C3026,8/1/2013,183826
C3026,9/1/2013,185557
C3026,10/1/2013,179556
C3026,11/1/2013,174172
C3026,12/1/2013,189504
C3026,1/1/2014,199672
C3026,2/1/2014,173949
C3026,3/1/2014,198558
C3026,4/1/2014,184510
C3026,5/1/2014,191809
C3026,6/1/2014,185565
C3026,7/1/2014,186376
C3026,8/1/2014,198032
C3026,9/1/2014,193070
C3026,10/1/2014,190415
C3026,11/1/2014,188335
C3026,12/1/2014,195372
C3026,1/1/2015,212319
C3026,2/1/2015,178031
C3026,3/1/2015,201351
C3026,4/1/2015,189613
C3026,5/1/2015,203108
C3026,6/1/2015,185482
C3026,7/1/2015,188481
C3026,8/1/2015,197736
C3026,9/1/2015,195468
C3026,10/1/2015,191223
C3026,11/1/2015,186111
C3026,12/1/2015,195575
C3026,1/1/2016,210692
C3026,2/1/2016,180972
C3026,3/1/2016,185074
C3026,4/1/2016,218242
C3026,5/1/2016,199473
C3026,6/1/2016,173021
C3026,7/1/2016,186184
C3026,8/1/2016,176279
C3026,9/1/2016,179360
C3026,10/1/2016,179773
C3026,11/1/2016,173631
C3026,12/1/2016,191739
C3026,1/1/2017,212238
C3026,2/1/2017,170671
C3026,3/1/2017,190544
C3026,4/1/2017,190334
C3026,5/1/2017,198027
C3026,6/1/2017,184967
C3026,7/1/2017,195201
C3028,1/1/2013,17854
C3028,2/1/2013,17443
C3028,3/1/2013,20786
C3028,4/1/2013,19221
C3028,5/1/2013,20073
C3028,6/1/2013,18446
C3028,7/1/2013,18381
C3028,8/1/2013,19426
C3028,9/1/2013,18708
C3028,10/1/2013,19086
C3028,11/1/2013,19325
C3028,12/1/2013,24218
C3028,1/1/2014,22303
C3028,2/1/2014,21324
C3028,3/1/2014,23764
C3028,4/1/2014,22775
C3028,5/1/2014,22983
C3028,6/1/2014,22347
C3028,7/1/2014,22833
C3028,8/1/2014,22926
C3028,9/1/2014,21425
C3028,10/1/2014,21508
C3028,11/1/2014,22533
C3028,12/1/2014,25513
C3028,1/1/2015,24457
C3028,2/1/2015,23007
C3028,3/1/2015,26534
C3028,4/1/2015,24786
C3028,5/1/2015,25588
C3028,6/1/2015,22605
C3028,7/1/2015,23819
C3028,8/1/2015,24719
C3028,9/1/2015,21900
C3028,10/1/2015,22762
C3028,11/1/2015,21321
C3028,12/1/2015,25072
C3028,1/1/2016,24249
C3028,2/1/2016,20503
C3028,3/1/2016,21017
C3028,4/1/2016,22432
C3028,5/1/2016,22419
C3028,6/1/2016,19221
C3028,7/1/2016,21838
C3028,8/1/2016,19488
C3028,9/1/2016,18596
C3028,10/1/2016,19515
C3028,11/1/2016,20007
C3028,12/1/2016,24952
C3028,1/1/2017,25075
C3028,2/1/2017,20735
C3028,3/1/2017,21524
C3028,4/1/2017,23305
C3028,5/1/2017,23543
C3028,6/1/2017,22976
C3028,7/1/2017,25189
C3029,1/1/2013,362
C3029,2/1/2013,21
C3029,3/1/2013,4
C3029,4/1/2013,7
C3029,7/1/2013,126
C3029,8/1/2013,927
C3029,9/1/2013,989
C3029,10/1/2013,784
C3029,11/1/2013,77
C3029,12/1/2013,2
C3029,1/1/2014,1
C3029,3/1/2014,3
C3029,4/1/2014,295
C3029,5/1/2014,321
C3029,6/1/2014,427
C3029,7/1/2014,407
C3029,8/1/2014,448
C3029,9/1/2014,443
C3029,10/1/2014,492
C3029,11/1/2014,427
C3029,12/1/2014,641
C3029,1/1/2015,642
C3029,2/1/2015,599
C3029,3/1/2015,576
C3029,4/1/2015,581
C3029,5/1/2015,565
C3029,6/1/2015,509
C3029,7/1/2015,481
C3029,8/1/2015,547
C3029,9/1/2015,580
C3029,10/1/2015,532
C3029,11/1/2015,509
C3029,12/1/2015,428
C3029,1/1/2016,401
C3029,2/1/2016,398
C3029,3/1/2016,378
C3029,4/1/2016,350
C3029,5/1/2016,327
C3029,6/1/2016,343
C3029,7/1/2016,374
C3029,8/1/2016,348
C3029,9/1/2016,175
C3029,10/1/2016,214
C3029,11/1/2016,296
C3029,12/1/2016,112
C3029,1/1/2017,116
C3029,2/1/2017,346
C3029,3/1/2017,437
C3029,4/1/2017,538
C3029,5/1/2017,661
C3029,6/1/2017,652
C3029,7/1/2017,439
C3030,1/1/2013,12759
C3030,2/1/2013,17333
C3030,3/1/2013,20164
C3030,4/1/2013,14076
C3030,5/1/2013,12781
C3030,6/1/2013,11155
C3030,7/1/2013,10636
C3030,8/1/2013,11557
C3030,9/1/2013,10801
C3030,10/1/2013,10819
C3030,11/1/2013,12280
C3030,12/1/2013,14729
C3030,1/1/2014,18883
C3030,2/1/2014,19287
C3030,3/1/2014,17503
C3030,4/1/2014,13737
C3030,5/1/2014,14189
C3030,6/1/2014,14127
C3030,7/1/2014,13393
C3030,8/1/2014,12570
C3030,9/1/2014,10862
C3030,10/1/2014,12183
C3030,11/1/2014,13446
C3030,12/1/2014,16123
C3030,1/1/2015,17780
C3030,2/1/2015,16686
C3030,3/1/2015,19327
C3030,4/1/2015,20209
C3030,5/1/2015,19434
C3030,6/1/2015,16031
C3030,7/1/2015,15014
C3030,8/1/2015,14407
C3030,9/1/2015,13744
C3030,10/1/2015,14819
C3030,11/1/2015,14951
C3030,12/1/2015,19084
C3030,1/1/2016,25031
C3030,2/1/2016,29305
C3030,3/1/2016,24938
C3030,4/1/2016,23337
C3030,5/1/2016,20758
C3030,6/1/2016,14421
C3030,7/1/2016,15212
C3030,8/1/2016,14370
C3030,9/1/2016,12574
C3030,10/1/2016,14019
C3030,11/1/2016,16120
C3030,12/1/2016,18800
C3030,1/1/2017,20891
C3030,2/1/2017,27356
C3030,3/1/2017,26867
C3030,4/1/2017,23446
C3030,5/1/2017,21982
C3030,6/1/2017,18808
C3030,7/1/2017,17951
C3032,1/1/2013,165773
C3032,2/1/2013,141730
C3032,3/1/2013,160041
C3032,4/1/2013,155768
C3032,5/1/2013,163953
C3032,6/1/2013,163967
C3032,7/1/2013,153331
C3032,8/1/2013,157017
C3032,9/1/2013,156531
C3032,10/1/2013,152605
C3032,11/1/2013,153432
C3032,12/1/2013,167894
C3032,1/1/2014,150932
C3032,2/1/2014,142654
C3032,3/1/2014,164117
C3032,4/1/2014,146768
C3032,5/1/2014,153664
C3032,6/1/2014,149026
C3032,7/1/2014,156819
C3032,8/1/2014,150931
C3032,9/1/2014,140994
C3032,10/1/2014,147703
C3032,11/1/2014,154298
C3032,12/1/2014,167250
C3032,1/1/2015,183081
C3032,2/1/2015,173741
C3032,3/1/2015,179446
C3032,4/1/2015,204417
C3032,5/1/2015,179447
C3032,6/1/2015,168719
C3032,7/1/2015,179080
C3032,8/1/2015,190206
C3032,9/1/2015,217364
C3032,10/1/2015,202694
C3032,11/1/2015,185388
C3032,12/1/2015,212701
C3032,1/1/2016,207669
C3032,2/1/2016,175711
C3032,3/1/2016,180683
C3032,4/1/2016,195584
C3032,5/1/2016,205210
C3032,6/1/2016,215971
C3032,7/1/2016,179282
C3032,8/1/2016,183059
C3032,9/1/2016,211371
C3032,10/1/2016,247505
C3032,11/1/2016,224484
C3032,12/1/2016,262096
C3032,1/1/2017,230923
C3032,2/1/2017,194024
C3032,3/1/2017,210138
C3032,4/1/2017,249912
C3032,5/1/2017,347636
C3032,6/1/2017,233254
C3032,7/1/2017,367169
C3034,1/1/2013,131765
C3034,2/1/2013,122109
C3034,3/1/2013,145179
C3034,4/1/2013,138129
C3034,5/1/2013,142747
C3034,6/1/2013,147384
C3034,7/1/2013,136392
C3034,8/1/2013,138001
C3034,9/1/2013,131389
C3034,10/1/2013,134922
C3034,11/1/2013,135874
C3034,12/1/2013,151769
C3034,1/1/2014,150043
C3034,2/1/2014,144326
C3034,3/1/2014,163847
C3034,4/1/2014,161264
C3034,5/1/2014,145611
C3034,6/1/2014,144584
C3034,7/1/2014,155170
C3034,8/1/2014,150180
C3034,9/1/2014,140364
C3034,10/1/2014,147162
C3034,11/1/2014,163592
C3034,12/1/2014,172080
C3034,1/1/2015,163784
C3034,2/1/2015,151746
C3034,3/1/2015,165460
C3034,4/1/2015,155081
C3034,5/1/2015,161440
C3034,6/1/2015,168049
C3034,7/1/2015,184088
C3034,8/1/2015,177149
C3034,9/1/2015,172027
C3034,10/1/2015,175742
C3034,11/1/2015,169701
C3034,12/1/2015,179119
C3034,1/1/2016,194928
C3034,2/1/2016,180660
C3034,3/1/2016,165854
C3034,4/1/2016,175264
C3034,5/1/2016,181885
C3034,6/1/2016,163347
C3034,7/1/2016,181123
C3034,8/1/2016,163415
C3034,9/1/2016,181559
C3034,10/1/2016,171128
C3034,11/1/2016,163722
C3034,12/1/2016,191016
C3034,1/1/2017,189705
C3034,2/1/2017,161382
C3034,3/1/2017,195464
C3034,4/1/2017,196455
C3034,5/1/2017,194088
C3034,6/1/2017,209179
C3034,7/1/2017,194996
C3035,1/1/2013,407
C3035,2/1/2013,684
C3035,3/1/2013,61
C3035,4/1/2013,1
C3035,6/1/2013,1
C3035,7/1/2013,1
C3035,11/1/2013,71
C3035,12/1/2013,230
C3035,1/1/2014,247
C3035,2/1/2014,323
C3035,3/1/2014,645
C3035,4/1/2014,695
C3035,5/1/2014,207
C3035,6/1/2014,86
C3035,7/1/2014,249
C3035,8/1/2014,283
C3035,9/1/2014,258
C3035,10/1/2014,335
C3035,11/1/2014,263
C3035,12/1/2014,55
C3035,1/1/2015,299
C3035,2/1/2015,294
C3035,3/1/2015,298
C3035,4/1/2015,212
C3035,5/1/2015,222
C3035,6/1/2015,218
C3035,7/1/2015,196
C3035,8/1/2015,206
C3035,9/1/2015,260
C3035,10/1/2015,238
C3035,11/1/2015,238
C3035,12/1/2015,244
C3035,1/1/2016,272
C3035,2/1/2016,218
C3035,3/1/2016,219
C3035,4/1/2016,190
C3035,5/1/2016,199
C3035,6/1/2016,179
C3035,7/1/2016,201
C3035,8/1/2016,288
C3035,9/1/2016,197
C3035,10/1/2016,127
C3035,11/1/2016,128
C3035,12/1/2016,35
C3035,1/1/2017,173
C3035,2/1/2017,180
C3035,3/1/2017,232
C3035,4/1/2017,261
C3035,5/1/2017,383
C3035,6/1/2017,426
C3035,7/1/2017,371
C3038,1/1/2013,150991
C3038,2/1/2013,143504
C3038,3/1/2013,172705
C3038,4/1/2013,157196
C3038,5/1/2013,170249
C3038,6/1/2013,171493
C3038,7/1/2013,161480
C3038,8/1/2013,166396
C3038,9/1/2013,165608
C3038,10/1/2013,165625
C3038,11/1/2013,163451
C3038,12/1/2013,209997
C3038,1/1/2014,167096
C3038,2/1/2014,156951
C3038,3/1/2014,184850
C3038,4/1/2014,167025
C3038,5/1/2014,180535
C3038,6/1/2014,177944
C3038,7/1/2014,177797
C3038,8/1/2014,186524
C3038,9/1/2014,177890
C3038,10/1/2014,190002
C3038,11/1/2014,180451
C3038,12/1/2014,229263
C3038,1/1/2015,189015
C3038,2/1/2015,177511
C3038,3/1/2015,200033
C3038,4/1/2015,192822
C3038,5/1/2015,206661
C3038,6/1/2015,174871
C3038,7/1/2015,189010
C3038,8/1/2015,201673
C3038,9/1/2015,189599
C3038,10/1/2015,209567
C3038,11/1/2015,197722
C3038,12/1/2015,253333
C3038,1/1/2016,207111
C3038,2/1/2016,194676
C3038,3/1/2016,206878
C3038,4/1/2016,214642
C3038,5/1/2016,214921
C3038,6/1/2016,196849
C3038,7/1/2016,214099
C3038,8/1/2016,196681
C3038,9/1/2016,198906
C3038,10/1/2016,205849
C3038,11/1/2016,199408
C3038,12/1/2016,266292
C3038,1/1/2017,202051
C3038,2/1/2017,208110
C3038,3/1/2017,212313
C3038,4/1/2017,211818
C3038,5/1/2017,232600
C3038,6/1/2017,207326
C3038,7/1/2017,238298
C3040,1/1/2013,20037
C3040,2/1/2013,16170
C3040,3/1/2013,21218
C3040,4/1/2013,20078
C3040,5/1/2013,20415
C3040,6/1/2013,28860
C3040,7/1/2013,26996
C3040,8/1/2013,27417
C3040,9/1/2013,29405
C3040,10/1/2013,30342
C3040,11/1/2013,31950
C3040,12/1/2013,34092
C3040,1/1/2014,39051
C3040,2/1/2014,35637
C3040,3/1/2014,43515
C3040,4/1/2014,40068
C3040,5/1/2014,40116
C3040,6/1/2014,40144
C3040,7/1/2014,47741
C3040,8/1/2014,37851
C3040,9/1/2014,39554
C3040,10/1/2014,37709
C3040,11/1/2014,41171
C3040,12/1/2014,43580
C3040,1/1/2015,49033
C3040,2/1/2015,44747
C3040,3/1/2015,45158
C3040,4/1/2015,44976
C3040,5/1/2015,48206
C3040,6/1/2015,43642
C3040,7/1/2015,52598
C3040,8/1/2015,53101
C3040,9/1/2015,55830
C3040,10/1/2015,52115
C3040,11/1/2015,47770
C3040,12/1/2015,52504
C3040,1/1/2016,58742
C3040,2/1/2016,50223
C3040,3/1/2016,55843
C3040,4/1/2016,70989
C3040,5/1/2016,68902
C3040,6/1/2016,59223
C3040,7/1/2016,74739
C3040,8/1/2016,85916
C3040,9/1/2016,84060
C3040,10/1/2016,83159
C3040,11/1/2016,107047
C3040,12/1/2016,98465
C3040,1/1/2017,117898
C3040,2/1/2017,96372
C3040,3/1/2017,144741
C3040,4/1/2017,126288
C3040,5/1/2017,185954
C3040,6/1/2017,114193
C3040,7/1/2017,198646
C3044,1/1/2013,73606
C3044,2/1/2013,63732
C3044,3/1/2013,74352
C3044,4/1/2013,68338
C3044,5/1/2013,73345
C3044,6/1/2013,68667
C3044,7/1/2013,67917
C3044,8/1/2013,71938
C3044,9/1/2013,65468
C3044,10/1/2013,69725
C3044,11/1/2013,69154
C3044,12/1/2013,85357
C3044,1/1/2014,74784
C3044,2/1/2014,64023
C3044,3/1/2014,72814
C3044,4/1/2014,67706
C3044,5/1/2014,71345
C3044,6/1/2014,68561
C3044,7/1/2014,69667
C3044,8/1/2014,73683
C3044,9/1/2014,68946
C3044,10/1/2014,71840
C3044,11/1/2014,72655
C3044,12/1/2014,83743
C3044,1/1/2015,71273
C3044,2/1/2015,67762
C3044,3/1/2015,75881
C3044,4/1/2015,73871
C3044,5/1/2015,75963
C3044,6/1/2015,68726
C3044,7/1/2015,75823
C3044,8/1/2015,90989
C3044,9/1/2015,93093
C3044,10/1/2015,82964
C3044,11/1/2015,71909
C3044,12/1/2015,82657
C3044,1/1/2016,71774
C3044,2/1/2016,65845
C3044,3/1/2016,68473
C3044,4/1/2016,135170
C3044,5/1/2016,78911
C3044,6/1/2016,65000
C3044,7/1/2016,66531
C3044,8/1/2016,65127
C3044,9/1/2016,63413
C3044,10/1/2016,70298
C3044,11/1/2016,69108
C3044,12/1/2016,80606
C3044,1/1/2017,70951
C3044,2/1/2017,60659
C3044,3/1/2017,68633
C3044,4/1/2017,69459
C3044,5/1/2017,66319
C3044,6/1/2017,61053
C3044,7/1/2017,66194
C3046,1/1/2013,118975
C3046,2/1/2013,108361
C3046,3/1/2013,121263
C3046,4/1/2013,114509
C3046,5/1/2013,113637
C3046,6/1/2013,117587
C3046,7/1/2013,115896
C3046,8/1/2013,118079
C3046,9/1/2013,120573
C3046,10/1/2013,119312
C3046,11/1/2013,115665
C3046,12/1/2013,129739
C3046,1/1/2014,126401
C3046,2/1/2014,111091
C3046,3/1/2014,122508
C3046,4/1/2014,110459
C3046,5/1/2014,114319
C3046,6/1/2014,114672
C3046,7/1/2014,117887
C3046,8/1/2014,123789
C3046,9/1/2014,119766
C3046,10/1/2014,124430
C3046,11/1/2014,121176
C3046,12/1/2014,132617
C3046,1/1/2015,136916
C3046,2/1/2015,114216
C3046,3/1/2015,131094
C3046,4/1/2015,136418
C3046,5/1/2015,140724
C3046,6/1/2015,135698
C3046,7/1/2015,135187
C3046,8/1/2015,142188
C3046,9/1/2015,134532
C3046,10/1/2015,139716
C3046,11/1/2015,133284
C3046,12/1/2015,142061
C3046,1/1/2016,141795
C3046,2/1/2016,120994
C3046,3/1/2016,126775
C3046,4/1/2016,133466
C3046,5/1/2016,139331
C3046,6/1/2016,125239
C3046,7/1/2016,143404
C3046,8/1/2016,133040
C3046,9/1/2016,130109
C3046,10/1/2016,139536
C3046,11/1/2016,134592
C3046,12/1/2016,143757
C3046,1/1/2017,141525
C3046,2/1/2017,120622
C3046,3/1/2017,127325
C3046,4/1/2017,135051
C3046,5/1/2017,137347
C3046,6/1/2017,117365
C3046,7/1/2017,133029
C3060,1/1/2013,1758
C3060,2/1/2013,1513
C3060,3/1/2013,1816
C3060,4/1/2013,1996
C3060,5/1/2013,2702
C3060,6/1/2013,2047
C3060,7/1/2013,567
C3060,8/1/2013,1606
C3060,9/1/2013,839
C3060,10/1/2013,1274
C3060,11/1/2013,1574
C3060,12/1/2013,1974
C3060,1/1/2014,2237
C3060,2/1/2014,3729
C3060,3/1/2014,3534
C3060,4/1/2014,315
C3060,5/1/2014,175
C3060,6/1/2014,2145
C3060,7/1/2014,4287
C3060,8/1/2014,4939
C3060,9/1/2014,4454
C3060,10/1/2014,2386
C3060,11/1/2014,214
C3060,12/1/2014,1633
C3060,1/1/2015,2569
C3060,2/1/2015,1241
C3060,3/1/2015,679
C3060,4/1/2015,330
C3060,5/1/2015,530
C3060,6/1/2015,2994
C3060,7/1/2015,2296
C3060,8/1/2015,366
C3060,9/1/2015,67
C3060,10/1/2015,20
C3060,11/1/2015,1
C3060,12/1/2015,216
C3060,1/1/2016,971
C3060,2/1/2016,2444
C3060,3/1/2016,5611
C3060,4/1/2016,8518
C3060,5/1/2016,9594
C3060,6/1/2016,10954
C3060,7/1/2016,10496
C3060,8/1/2016,8585
C3060,9/1/2016,9711
C3060,10/1/2016,11080
C3060,11/1/2016,11816
C3060,12/1/2016,16438
C3060,1/1/2017,8536
C3060,2/1/2017,5567
C3060,3/1/2017,7443
C3060,4/1/2017,7361
C3060,5/1/2017,7551
C3060,6/1/2017,5739
C3060,7/1/2017,3751
C3090,1/1/2013,27501
C3090,2/1/2013,23179
C3090,3/1/2013,26712
C3090,4/1/2013,23427
C3090,5/1/2013,24052
C3090,6/1/2013,24226
C3090,7/1/2013,22779
C3090,8/1/2013,23287
C3090,9/1/2013,23795
C3090,10/1/2013,22854
C3090,11/1/2013,22558
C3090,12/1/2013,24669
C3090,1/1/2014,24913
C3090,2/1/2014,21028
C3090,3/1/2014,23314
C3090,4/1/2014,21702
C3090,5/1/2014,22351
C3090,6/1/2014,21696
C3090,7/1/2014,21777
C3090,8/1/2014,23144
C3090,9/1/2014,23711
C3090,10/1/2014,23484
C3090,11/1/2014,22844
C3090,12/1/2014,23612
C3090,1/1/2015,24243
C3090,2/1/2015,20308
C3090,3/1/2015,22595
C3090,4/1/2015,21002
C3090,5/1/2015,22423
C3090,6/1/2015,20127
C3090,7/1/2015,21406
C3090,8/1/2015,22114
C3090,9/1/2015,21618
C3090,10/1/2015,21795
C3090,11/1/2015,21375
C3090,12/1/2015,21821
C3090,1/1/2016,22151
C3090,2/1/2016,19064
C3090,3/1/2016,19213
C3090,4/1/2016,20115
C3090,5/1/2016,20398
C3090,6/1/2016,17711
C3090,7/1/2016,19926
C3090,8/1/2016,18199
C3090,9/1/2016,18138
C3090,10/1/2016,19391
C3090,11/1/2016,19028
C3090,12/1/2016,19608
C3090,1/1/2017,21175
C3090,2/1/2017,18332
C3090,3/1/2017,20529
C3090,4/1/2017,19738
C3090,5/1/2017,18657
C3090,6/1/2017,18850
C3090,7/1/2017,22046
C3102,1/1/2014,1318
C3102,3/1/2014,1360
C3102,7/1/2014,1576
C3102,9/1/2014,1370
C3102,10/1/2014,1625
C3102,11/1/2014,1523
C3102,12/1/2014,1483
C3102,5/1/2015,978
C3102,6/1/2015,1155
C3102,7/1/2015,1198
C3102,8/1/2015,1564
C3102,9/1/2015,865
C3102,10/1/2015,989
C3102,11/1/2015,1069
C3102,12/1/2015,1080
C3102,1/1/2016,1166
C3102,2/1/2016,990
C3102,3/1/2016,1032
C3102,4/1/2016,1305
C3102,5/1/2016,1000
C3102,6/1/2016,1140
C3102,7/1/2016,882
C3102,8/1/2016,818
C3102,9/1/2016,1182
C3102,10/1/2016,1235
C3102,11/1/2016,1134
C3102,12/1/2016,1132
C3102,1/1/2017,1154
C3102,2/1/2017,1322
C3102,3/1/2017,1410
C3102,4/1/2017,1658
C3102,5/1/2017,1546
C3102,6/1/2017,1416
C3102,7/1/2017,1627
C3104,1/1/2014,9580
C3104,3/1/2014,9230
C3104,7/1/2014,8797
C3104,9/1/2014,9318
C3104,10/1/2014,9807
C3104,11/1/2014,8033
C3104,12/1/2014,8819
C3104,5/1/2015,7045
C3104,6/1/2015,7330
C3104,7/1/2015,6781
C3104,8/1/2015,8591
C3104,9/1/2015,8032
C3104,10/1/2015,7976
C3104,11/1/2015,7806
C3104,12/1/2015,8439
C3104,1/1/2016,8048
C3104,2/1/2016,7111
C3104,3/1/2016,7926
C3104,4/1/2016,8882
C3104,5/1/2016,9167
C3104,6/1/2016,8284
C3104,7/1/2016,8137
C3104,8/1/2016,7227
C3104,9/1/2016,8165
C3104,10/1/2016,7710
C3104,11/1/2016,8275
C3104,12/1/2016,8913
C3104,1/1/2017,9313
C3104,2/1/2017,7895
C3104,3/1/2017,9022
C3104,4/1/2017,9536
C3104,5/1/2017,9705
C3104,6/1/2017,9113
C3104,7/1/2017,9725
C3106,1/1/2014,286493
C3106,3/1/2014,297758
C3106,7/1/2014,284091
C3106,9/1/2014,277083
C3106,10/1/2014,277511
C3106,11/1/2014,267620
C3106,12/1/2014,280053
C3106,5/1/2015,245831
C3106,6/1/2015,281519
C3106,7/1/2015,299497
C3106,8/1/2015,314241
C3106,9/1/2015,282487
C3106,10/1/2015,288377
C3106,11/1/2015,277154
C3106,12/1/2015,311948
C3106,1/1/2016,307152
C3106,2/1/2016,275681
C3106,3/1/2016,289401
C3106,4/1/2016,354215
C3106,5/1/2016,307257
C3106,6/1/2016,263256
C3106,7/1/2016,296498
C3106,8/1/2016,287743
C3106,9/1/2016,284230
C3106,10/1/2016,289098
C3106,11/1/2016,293659
C3106,12/1/2016,301934
C3106,1/1/2017,316685
C3106,2/1/2017,269156
C3106,3/1/2017,295744
C3106,4/1/2017,298033
C3106,5/1/2017,304724
C3106,6/1/2017,268526
C3106,7/1/2017,325873
C3108,1/1/2014,29196
C3108,3/1/2014,10884
C3108,7/1/2014,26255
C3108,9/1/2014,32443
C3108,10/1/2014,31923
C3108,11/1/2014,30205
C3108,12/1/2014,32569
C3108,5/1/2015,34704
C3108,6/1/2015,37719
C3108,7/1/2015,45488
C3108,8/1/2015,45579
C3108,9/1/2015,53239
C3108,10/1/2015,43740
C3108,11/1/2015,35607
C3108,12/1/2015,37741
C3108,1/1/2016,39492
C3108,2/1/2016,32990
C3108,3/1/2016,32095
C3108,4/1/2016,39470
C3108,5/1/2016,40475
C3108,6/1/2016,35028
C3108,7/1/2016,47486
C3108,8/1/2016,51058
C3108,9/1/2016,53356
C3108,10/1/2016,60724
C3108,11/1/2016,71967
C3108,12/1/2016,65302
C3108,1/1/2017,65571
C3108,2/1/2017,60908
C3108,3/1/2017,102904
C3108,4/1/2017,65255
C3108,5/1/2017,66850
C3108,6/1/2017,59937
C3108,7/1/2017,85803
C3110,1/1/2014,109333
C3110,3/1/2014,114572
C3110,7/1/2014,106119
C3110,9/1/2014,106205
C3110,10/1/2014,109725
C3110,11/1/2014,107043
C3110,12/1/2014,118558
C3110,5/1/2015,100974
C3110,6/1/2015,104587
C3110,7/1/2015,112688
C3110,8/1/2015,125208
C3110,9/1/2015,119562
C3110,10/1/2015,119167
C3110,11/1/2015,110586
C3110,12/1/2015,121009
C3110,1/1/2016,119101
C3110,2/1/2016,102045
C3110,3/1/2016,108969
C3110,4/1/2016,136879
C3110,5/1/2016,122067
C3110,6/1/2016,106909
C3110,7/1/2016,124668
C3110,8/1/2016,111487
C3110,9/1/2016,109825
C3110,10/1/2016,117250
C3110,11/1/2016,114974
C3110,12/1/2016,124100
C3110,1/1/2017,128011
C3110,2/1/2017,119602
C3110,3/1/2017,114941
C3110,4/1/2017,123362
C3110,5/1/2017,117067
C3110,6/1/2017,124876
C3110,7/1/2017,140015
C3116,4/1/2016,11
C3116,5/1/2016,65
C3116,6/1/2016,103
C3116,7/1/2016,35
C3116,8/1/2016,70
C3116,9/1/2016,132
C3116,10/1/2016,298
C3116,11/1/2016,272
C3116,12/1/2016,340
C3116,1/1/2017,321
C3116,2/1/2017,180
C3116,3/1/2017,266
C3116,4/1/2017,304
C3116,5/1/2017,322
C3116,6/1/2017,339
C3116,7/1/2017,373
C4104,11/1/2013,1228
C4104,12/1/2013,1950
C4104,1/1/2014,1467
C4104,2/1/2014,1849
C4104,3/1/2014,2154
C4104,4/1/2014,1880
C4104,5/1/2014,1895
C4104,6/1/2014,1898
C4104,7/1/2014,1861
C4104,8/1/2014,2843
C4104,9/1/2014,2622
C4104,10/1/2014,2836
C4104,11/1/2014,2542
C4104,12/1/2014,1165
C4104,1/1/2015,2362
C4104,2/1/2015,2053
C4104,3/1/2015,2452
C4104,4/1/2015,2288
C4104,5/1/2015,2419
C4104,6/1/2015,2203
C4104,7/1/2015,2345
C4104,8/1/2015,2481
C4104,9/1/2015,2926
C4104,10/1/2015,2153
C4104,11/1/2015,2372
C4104,12/1/2015,2667
C4104,1/1/2016,2015
C4104,2/1/2016,1727
C4104,3/1/2016,1695
C4104,4/1/2016,1792
C4104,5/1/2016,1858
C4104,6/1/2016,1356
C4104,7/1/2016,1561
C4104,8/1/2016,1309
C4104,9/1/2016,1171
C4104,10/1/2016,1342
C4104,11/1/2016,1414
C4104,12/1/2016,2017
C4104,1/1/2017,1564
C4104,2/1/2017,1415
C4104,3/1/2017,1534
C4104,4/1/2017,1544
C4104,5/1/2017,2049
C4104,6/1/2017,1334
C4104,7/1/2017,2241
C4114,1/1/2013,184674
C4114,2/1/2013,166896
C4114,3/1/2013,193668
C4114,4/1/2013,192484
C4114,5/1/2013,171378
C4114,6/1/2013,175594
C4114,7/1/2013,177921
C4114,8/1/2013,175671
C4114,9/1/2013,180182
C4114,10/1/2013,169443
C4114,11/1/2013,167703
C4114,12/1/2013,186120
C4114,1/1/2014,171549
C4114,2/1/2014,163554
C4114,3/1/2014,192603
C4114,4/1/2014,173256
C4114,5/1/2014,175466
C4114,6/1/2014,173253
C4114,7/1/2014,176801
C4114,8/1/2014,184495
C4114,9/1/2014,175866
C4114,10/1/2014,190201
C4114,11/1/2014,206746
C4114,12/1/2014,239949
C4114,1/1/2015,228679
C4114,2/1/2015,208595
C4114,3/1/2015,240830
C4114,4/1/2015,215082
C4114,5/1/2015,250156
C4114,6/1/2015,197333
C4114,7/1/2015,202327
C4114,8/1/2015,208553
C4114,9/1/2015,211280
C4114,10/1/2015,218692
C4114,11/1/2015,213531
C4114,12/1/2015,243361
C4114,1/1/2016,246662
C4114,2/1/2016,213004
C4114,3/1/2016,225977
C4114,4/1/2016,281441
C4114,5/1/2016,241354
C4114,6/1/2016,197983
C4114,7/1/2016,213706
C4114,8/1/2016,202882
C4114,9/1/2016,213902
C4114,10/1/2016,210030
C4114,11/1/2016,211926
C4114,12/1/2016,248105
C4114,1/1/2017,246266
C4114,2/1/2017,211869
C4114,3/1/2017,239500
C4114,4/1/2017,232882
C4114,5/1/2017,225047
C4114,6/1/2017,227564
C4114,7/1/2017,246226
C4118,11/1/2013,10389
C4118,12/1/2013,14367
C4118,1/1/2014,13948
C4118,2/1/2014,8987
C4118,3/1/2014,8121
C4118,4/1/2014,5924
C4118,5/1/2014,15580
C4118,6/1/2014,14884
C4118,7/1/2014,16072
C4118,8/1/2014,19039
C4118,9/1/2014,18476
C4118,10/1/2014,26551
C4118,11/1/2014,20139
C4118,12/1/2014,20210
C4118,1/1/2015,18333
C4118,2/1/2015,15584
C4118,3/1/2015,20140
C4118,4/1/2015,22732
C4118,5/1/2015,19540
C4118,6/1/2015,18431
C4118,7/1/2015,19584
C4118,8/1/2015,32150
C4118,9/1/2015,30335
C4118,10/1/2015,32708
C4118,11/1/2015,31856
C4118,12/1/2015,38040
C4118,1/1/2016,34133
C4118,2/1/2016,29711
C4118,3/1/2016,30236
C4118,4/1/2016,35481
C4118,5/1/2016,33129
C4118,6/1/2016,28568
C4118,7/1/2016,33140
C4118,8/1/2016,27626
C4118,9/1/2016,27781
C4118,10/1/2016,29933
C4118,11/1/2016,29819
C4118,12/1/2016,39140
C4118,1/1/2017,35141
C4118,2/1/2017,32406
C4118,3/1/2017,31673
C4118,4/1/2017,36785
C4118,5/1/2017,30836
C4118,6/1/2017,33829
C4118,7/1/2017,34331
C4122,1/1/2013,1520
C4122,2/1/2013,2634
C4122,3/1/2013,2660
C4122,4/1/2013,2120
C4122,5/1/2013,2010
C4122,6/1/2013,2304
C4122,7/1/2013,2488
C4122,8/1/2013,4270
C4122,9/1/2013,2418
C4122,10/1/2013,2471
C4122,11/1/2013,2877
C4122,12/1/2013,3267
C4122,1/1/2014,2669
C4122,2/1/2014,2952
C4122,3/1/2014,3803
C4122,4/1/2014,3408
C4122,5/1/2014,2535
C4122,6/1/2014,1871
C4122,7/1/2014,1559
C4122,8/1/2014,1730
C4122,9/1/2014,2027
C4122,10/1/2014,2828
C4122,11/1/2014,2440
C4122,12/1/2014,2152
C4122,1/1/2015,3091
C4122,2/1/2015,2039
C4122,3/1/2015,2516
C4122,4/1/2015,2290
C4122,5/1/2015,2758
C4122,6/1/2015,2435
C4122,7/1/2015,2407
C4122,8/1/2015,2521
C4122,9/1/2015,3641
C4122,10/1/2015,5024
C4122,11/1/2015,4119
C4122,12/1/2015,2692
C4122,1/1/2016,2632
C4122,2/1/2016,2288
C4122,3/1/2016,2526
C4122,4/1/2016,3535
C4122,5/1/2016,3847
C4122,6/1/2016,3265
C4122,7/1/2016,3233
C4122,8/1/2016,4184
C4122,9/1/2016,3919
C4122,10/1/2016,5082
C4122,11/1/2016,5085
C4122,12/1/2016,3527
C4122,1/1/2017,4036
C4122,2/1/2017,5045
C4122,3/1/2017,3618
C4122,4/1/2017,3959
C4122,5/1/2017,5571
C4122,6/1/2017,2513
C4122,7/1/2017,2795
C4126,1/1/2013,131522
C4126,2/1/2013,104534
C4126,3/1/2013,122926
C4126,4/1/2013,131939
C4126,5/1/2013,135599
C4126,6/1/2013,126827
C4126,7/1/2013,123246
C4126,8/1/2013,130595
C4126,9/1/2013,127191
C4126,10/1/2013,117816
C4126,11/1/2013,123758
C4126,12/1/2013,143979
C4126,1/1/2014,123040
C4126,2/1/2014,89173
C4126,3/1/2014,122227
C4126,4/1/2014,125719
C4126,5/1/2014,148307
C4126,6/1/2014,143215
C4126,7/1/2014,147716
C4126,8/1/2014,153371
C4126,9/1/2014,126027
C4126,10/1/2014,147609
C4126,11/1/2014,142971
C4126,12/1/2014,171923
C4126,1/1/2015,169910
C4126,2/1/2015,136066
C4126,3/1/2015,162359
C4126,4/1/2015,158284
C4126,5/1/2015,167958
C4126,6/1/2015,146055
C4126,7/1/2015,158742
C4126,8/1/2015,163914
C4126,9/1/2015,158331
C4126,10/1/2015,153276
C4126,11/1/2015,142683
C4126,12/1/2015,168404
C4126,1/1/2016,182991
C4126,2/1/2016,149777
C4126,3/1/2016,148958
C4126,4/1/2016,197072
C4126,5/1/2016,167519
C4126,6/1/2016,149808
C4126,7/1/2016,156167
C4126,8/1/2016,143703
C4126,9/1/2016,144814
C4126,10/1/2016,150116
C4126,11/1/2016,177182
C4126,12/1/2016,184133
C4126,1/1/2017,204563
C4126,2/1/2017,167280
C4126,3/1/2017,175579
C4126,4/1/2017,169419
C4126,5/1/2017,167716
C4126,6/1/2017,173848
C4126,7/1/2017,173660
C4130,11/1/2013,7058
C4130,12/1/2013,12041
C4130,1/1/2014,10022
C4130,2/1/2014,9262
C4130,3/1/2014,10260
C4130,4/1/2014,7797
C4130,5/1/2014,7663
C4130,6/1/2014,7907
C4130,7/1/2014,7904
C4130,8/1/2014,8411
C4130,9/1/2014,7262
C4130,10/1/2014,9360
C4130,11/1/2014,7575
C4130,12/1/2014,10515
C4130,1/1/2015,10444
C4130,2/1/2015,8773
C4130,3/1/2015,10417
C4130,4/1/2015,10960
C4130,5/1/2015,11061
C4130,6/1/2015,10058
C4130,7/1/2015,10791
C4130,8/1/2015,11335
C4130,9/1/2015,10758
C4130,10/1/2015,10415
C4130,11/1/2015,9339
C4130,12/1/2015,12057
C4130,1/1/2016,11349
C4130,2/1/2016,9400
C4130,3/1/2016,9831
C4130,4/1/2016,10992
C4130,5/1/2016,13911
C4130,6/1/2016,10822
C4130,7/1/2016,12022
C4130,8/1/2016,11158
C4130,9/1/2016,11448
C4130,10/1/2016,12901
C4130,11/1/2016,11725
C4130,12/1/2016,13744
C4130,1/1/2017,12201
C4130,2/1/2017,10616
C4130,3/1/2017,11228
C4130,4/1/2017,11856
C4130,5/1/2017,11897
C4130,6/1/2017,10975
C4130,7/1/2017,12467
C4138,11/1/2013,11920
C4138,12/1/2013,19506
C4138,1/1/2014,18689
C4138,2/1/2014,19415
C4138,3/1/2014,22399
C4138,4/1/2014,21667
C4138,5/1/2014,21370
C4138,6/1/2014,20854
C4138,7/1/2014,21640
C4138,8/1/2014,23099
C4138,9/1/2014,22761
C4138,10/1/2014,26961
C4138,11/1/2014,29156
C4138,12/1/2014,33165
C4138,1/1/2015,34360
C4138,2/1/2015,35657
C4138,3/1/2015,40586
C4138,4/1/2015,39136
C4138,5/1/2015,38883
C4138,6/1/2015,32521
C4138,7/1/2015,33844
C4138,8/1/2015,35349
C4138,9/1/2015,35348
C4138,10/1/2015,33985
C4138,11/1/2015,31458
C4138,12/1/2015,32861
C4138,1/1/2016,33458
C4138,2/1/2016,29323
C4138,3/1/2016,28503
C4138,4/1/2016,30958
C4138,5/1/2016,32194
C4138,6/1/2016,29736
C4138,7/1/2016,31491
C4138,8/1/2016,28243
C4138,9/1/2016,25264
C4138,10/1/2016,25672
C4138,11/1/2016,24974
C4138,12/1/2016,33642
C4138,1/1/2017,37047
C4138,2/1/2017,24887
C4138,3/1/2017,28686
C4138,4/1/2017,34215
C4138,5/1/2017,29400
C4138,6/1/2017,25605
C4138,7/1/2017,26320
C4139,2/1/2015,5
C4139,3/1/2015,423
C4139,4/1/2015,504
C4139,5/1/2015,572
C4139,6/1/2015,486
C4139,7/1/2015,618
C4139,8/1/2015,750
C4139,9/1/2015,894
C4139,10/1/2015,1243
C4139,11/1/2015,750
C4139,12/1/2015,1165
C4139,1/1/2016,955
C4139,2/1/2016,831
C4139,3/1/2016,1073
C4139,4/1/2016,1389
C4139,5/1/2016,994
C4139,6/1/2016,701
C4139,7/1/2016,990
C4139,8/1/2016,784
C4139,9/1/2016,719
C4139,10/1/2016,880
C4139,11/1/2016,552
C4139,12/1/2016,1426
C4139,1/1/2017,757
C4139,2/1/2017,737
C4139,3/1/2017,677
C4139,4/1/2017,703
C4139,5/1/2017,649
C4139,6/1/2017,502
C4139,7/1/2017,489
C4140,11/1/2013,1022
C4140,12/1/2013,1564
C4140,1/1/2014,1735
C4140,2/1/2014,1030
C4140,3/1/2014,345
C4140,4/1/2014,1419
C4140,5/1/2014,323
C4140,6/1/2014,937
C4140,7/1/2014,1306
C4140,8/1/2014,1141
C4140,9/1/2014,395
C4140,10/1/2014,98
C4140,11/1/2014,39
C4140,12/1/2014,628
C4140,1/1/2015,1113
C4140,2/1/2015,1014
C4140,3/1/2015,1264
C4140,4/1/2015,1221
C4140,5/1/2015,1136
C4140,6/1/2015,1085
C4140,7/1/2015,1088
C4140,8/1/2015,1080
C4140,9/1/2015,948
C4140,10/1/2015,861
C4140,11/1/2015,701
C4140,12/1/2015,861
C4140,1/1/2016,861
C4140,2/1/2016,739
C4140,3/1/2016,782
C4140,4/1/2016,825
C4140,5/1/2016,852
C4140,6/1/2016,753
C4140,7/1/2016,873
C4140,8/1/2016,840
C4140,9/1/2016,825
C4140,10/1/2016,860
C4140,11/1/2016,851
C4140,12/1/2016,888
C4140,1/1/2017,969
C4140,2/1/2017,884
C4140,3/1/2017,942
C4140,4/1/2017,997
C4140,5/1/2017,1131
C4140,6/1/2017,950
C4140,7/1/2017,1015
C4141,9/1/2015,61
C4141,10/1/2015,541
C4141,11/1/2015,509
C4141,12/1/2015,628
C4141,1/1/2016,556
C4141,2/1/2016,298
C4141,3/1/2016,105
C4141,4/1/2016,26
C4141,5/1/2016,7
C4141,6/1/2016,75
C4141,7/1/2016,292
C4141,8/1/2016,330
C4141,9/1/2016,325
C4141,10/1/2016,340
C4141,11/1/2016,171
C4141,12/1/2016,330
C4141,1/1/2017,356
C4141,2/1/2017,98
C4141,3/1/2017,29
C4141,4/1/2017,12
C4141,5/1/2017,72
C4141,6/1/2017,368
C4141,7/1/2017,404
C4162,11/1/2013,842
C4162,12/1/2013,1936
C4162,1/1/2014,1956
C4162,2/1/2014,2568
C4162,3/1/2014,2977
C4162,4/1/2014,2824
C4162,5/1/2014,3358
C4162,6/1/2014,879
C4162,7/1/2014,3533
C4162,8/1/2014,2117
C4162,9/1/2014,2852
C4162,10/1/2014,2439
C4162,11/1/2014,1857
C4162,12/1/2014,2022
C4162,1/1/2015,2109
C4162,2/1/2015,1586
C4162,3/1/2015,1836
C4162,4/1/2015,1741
C4162,5/1/2015,1902
C4162,6/1/2015,1587
C4162,7/1/2015,1690
C4162,8/1/2015,2098
C4162,9/1/2015,1735
C4162,10/1/2015,1855
C4162,11/1/2015,1618
C4162,12/1/2015,1851
C4162,1/1/2016,1588
C4162,2/1/2016,1380
C4162,3/1/2016,1317
C4162,4/1/2016,1492
C4162,5/1/2016,2548
C4162,6/1/2016,3784
C4162,7/1/2016,4091
C4162,8/1/2016,3038
C4162,9/1/2016,2454
C4162,10/1/2016,3344
C4162,11/1/2016,2244
C4162,12/1/2016,4749
C4162,1/1/2017,5458
C4162,2/1/2017,2396
C4162,3/1/2017,3419
C4162,4/1/2017,6449
C4162,5/1/2017,2729
C4162,6/1/2017,1792
C4162,7/1/2017,2087
C4176,11/1/2013,15755
C4176,12/1/2013,23205
C4176,1/1/2014,24422
C4176,2/1/2014,22273
C4176,3/1/2014,22303
C4176,4/1/2014,21451
C4176,5/1/2014,22829
C4176,6/1/2014,23245
C4176,7/1/2014,22963
C4176,8/1/2014,22878
C4176,9/1/2014,18603
C4176,10/1/2014,16543
C4176,11/1/2014,17267
C4176,12/1/2014,20660
C4176,1/1/2015,22285
C4176,2/1/2015,17973
C4176,3/1/2015,1917
C4176,4/1/2015,935
C4176,5/1/2015,7344
C4176,6/1/2015,33851
C4176,7/1/2015,33148
C4176,8/1/2015,39011
C4176,9/1/2015,42368
C4176,10/1/2015,38886
C4176,11/1/2015,33086
C4176,12/1/2015,43170
C4176,1/1/2016,42883
C4176,2/1/2016,34686
C4176,3/1/2016,36102
C4176,4/1/2016,53297
C4176,5/1/2016,47464
C4176,6/1/2016,38598
C4176,7/1/2016,40955
C4176,8/1/2016,37925
C4176,9/1/2016,39060
C4176,10/1/2016,41166
C4176,11/1/2016,39964
C4176,12/1/2016,48758
C4176,1/1/2017,51172
C4176,2/1/2017,44402
C4176,3/1/2017,47662
C4176,4/1/2017,49045
C4176,5/1/2017,42691
C4176,6/1/2017,38205
C4176,7/1/2017,37270
C4198,12/1/2016,2894
C4198,1/1/2017,132
C4198,2/1/2017,1
C4210,8/1/2015,157
C4210,9/1/2015,148
C4210,10/1/2015,149
C4210,11/1/2015,102
C4210,12/1/2015,48
C4210,1/1/2016,85
C4210,2/1/2016,63
C4210,3/1/2016,129
C4210,4/1/2016,139
C4210,5/1/2016,151
C4210,6/1/2016,141
C4210,7/1/2016,238
C4210,8/1/2016,151
C4210,9/1/2016,212
C4210,10/1/2016,230
C4210,11/1/2016,245
C4210,12/1/2016,246
C4210,1/1/2017,303
C4210,2/1/2017,224
C4210,3/1/2017,236
C4210,4/1/2017,256
C4210,5/1/2017,67
C4212,10/1/2015,59
C4212,11/1/2015,190
C4212,12/1/2015,164
C4212,1/1/2016,269
C4212,2/1/2016,146
C4212,3/1/2016,135
C4212,4/1/2016,143
C4212,5/1/2016,146
C4212,6/1/2016,99
C4212,7/1/2016,121
C4212,8/1/2016,112
C4212,9/1/2016,107
C4212,10/1/2016,134
C4212,11/1/2016,188
C4212,12/1/2016,178
C4212,1/1/2017,106
C4212,2/1/2017,152
C4212,3/1/2017,125
C4212,4/1/2017,121
C4212,5/1/2017,102
C4212,6/1/2017,103
C4212,7/1/2017,153
C4214,1/1/2013,164
C4214,2/1/2013,161
C4214,3/1/2013,170
C4214,4/1/2013,142
C4214,5/1/2013,298
C4214,6/1/2013,188
C4214,7/1/2013,206
C4214,8/1/2013,168
C4214,9/1/2013,48
C4214,10/1/2013,62
C4214,11/1/2013,139
C4214,12/1/2013,174
C4214,1/1/2014,184
C4214,2/1/2014,214
C4214,3/1/2014,286
C4214,4/1/2014,283
C4214,5/1/2014,300
C4214,6/1/2014,244
C4214,7/1/2014,290
C4214,8/1/2014,353
C4214,9/1/2014,299
C4214,10/1/2014,274
C4214,11/1/2014,250
C4214,12/1/2014,308
C4214,1/1/2015,346
C4214,2/1/2015,295
C4214,3/1/2015,334
C4214,4/1/2015,311
C4214,5/1/2015,300
C4214,6/1/2015,261
C4214,7/1/2015,277
C4214,8/1/2015,279
C4214,9/1/2015,247
C4214,10/1/2015,257
C4214,11/1/2015,209
C4214,12/1/2015,240
C4214,1/1/2016,249
C4214,2/1/2016,208
C4214,3/1/2016,244
C4214,4/1/2016,231
C4214,5/1/2016,231
C4214,6/1/2016,198
C4214,7/1/2016,220
C4214,8/1/2016,203
C4214,9/1/2016,189
C4214,10/1/2016,171
C4214,11/1/2016,210
C4214,12/1/2016,182
C4214,1/1/2017,196
C4214,2/1/2017,205
C4214,3/1/2017,224
C4214,4/1/2017,277
C4214,5/1/2017,611
C4214,6/1/2017,650
C4214,7/1/2017,771
C4222,1/1/2013,1588
C4222,2/1/2013,1546
C4222,3/1/2013,1364
C4222,4/1/2013,1378
C4222,5/1/2013,1226
C4222,6/1/2013,1247
C4222,7/1/2013,1971
C4222,8/1/2013,2016
C4222,9/1/2013,1413
C4222,10/1/2013,1452
C4222,11/1/2013,1325
C4222,12/1/2013,1701
C4222,1/1/2014,761
C4222,2/1/2014,1305
C4222,3/1/2014,1458
C4222,4/1/2014,1380
C4222,5/1/2014,1145
C4222,6/1/2014,1198
C4222,7/1/2014,1484
C4222,8/1/2014,1746
C4222,9/1/2014,1435
C4222,10/1/2014,1345
C4222,11/1/2014,1295
C4222,12/1/2014,1652
C4222,1/1/2015,1468
C4222,2/1/2015,1953
C4222,3/1/2015,1381
C4222,4/1/2015,1073
C4222,5/1/2015,1064
C4222,6/1/2015,1524
C4222,7/1/2015,1081
C4222,8/1/2015,1171
C4222,9/1/2015,1111
C4222,10/1/2015,1185
C4222,11/1/2015,1044
C4222,12/1/2015,1507
C4222,1/1/2016,1441
C4222,2/1/2016,897
C4222,3/1/2016,742
C4222,4/1/2016,844
C4222,5/1/2016,1035
C4222,6/1/2016,986
C4222,7/1/2016,792
C4222,8/1/2016,843
C4222,9/1/2016,1200
C4222,10/1/2016,1671
C4222,11/1/2016,2027
C4222,12/1/2016,1027
C4222,1/1/2017,1973
C4222,2/1/2017,596
C4222,3/1/2017,842
C4222,4/1/2017,668
C4222,5/1/2017,3260
C4222,6/1/2017,2048
C4222,7/1/2017,2065
C4228,10/1/2015,946
C4228,11/1/2015,734
C4228,12/1/2015,901
C4228,1/1/2016,600
C4228,2/1/2016,520
C4228,3/1/2016,708
C4228,4/1/2016,801
C4228,5/1/2016,660
C4228,6/1/2016,501
C4228,7/1/2016,777
C4228,8/1/2016,824
C4228,9/1/2016,438
C4228,10/1/2016,566
C4228,11/1/2016,484
C4228,12/1/2016,552
C4228,1/1/2017,492
C4228,2/1/2017,450
C4228,3/1/2017,470
C4228,4/1/2017,515
C4228,5/1/2017,135
C4250,1/1/2014,177
C4250,2/1/2014,48
C4250,3/1/2014,27
C4250,4/1/2014,11
C4250,5/1/2014,10
C4250,6/1/2014,2
C4250,7/1/2014,225
C4250,8/1/2014,411
C4250,9/1/2014,298
C4250,10/1/2014,251
C4250,11/1/2014,308
C4250,12/1/2014,340
C4250,1/1/2015,198
C4250,2/1/2015,273
C4250,3/1/2015,269
C4250,4/1/2015,242
C4250,5/1/2015,296
C4250,6/1/2015,256
C4250,7/1/2015,299
C4250,8/1/2015,320
C4250,9/1/2015,230
C4250,10/1/2015,221
C4250,11/1/2015,191
C4250,12/1/2015,282
C4250,1/1/2016,166
C4250,2/1/2016,154
C4250,3/1/2016,232
C4250,4/1/2016,197
C4250,5/1/2016,261
C4250,6/1/2016,257
C4250,7/1/2016,395
C4250,8/1/2016,312
C4250,9/1/2016,259
C4250,10/1/2016,297
C4250,11/1/2016,277
C4250,12/1/2016,365
C4250,1/1/2017,347
C4250,2/1/2017,213
C4250,3/1/2017,196
C4250,4/1/2017,166
C4250,5/1/2017,40
C4252,1/1/2013,1721
C4252,2/1/2013,1720
C4252,3/1/2013,1957
C4252,4/1/2013,1787
C4252,5/1/2013,1839
C4252,6/1/2013,2055
C4252,7/1/2013,2200
C4252,8/1/2013,2111
C4252,9/1/2013,1769
C4252,10/1/2013,1910
C4252,11/1/2013,1650
C4252,12/1/2013,1874
C4252,1/1/2014,2652
C4252,2/1/2014,1726
C4252,3/1/2014,3016
C4252,4/1/2014,1857
C4252,5/1/2014,1893
C4252,6/1/2014,1798
C4252,7/1/2014,2750
C4252,8/1/2014,2205
C4252,9/1/2014,2750
C4252,10/1/2014,2978
C4252,11/1/2014,3180
C4252,12/1/2014,3900
C4252,1/1/2015,1933
C4252,2/1/2015,1656
C4252,3/1/2015,2048
C4252,4/1/2015,2134
C4252,5/1/2015,2778
C4252,6/1/2015,3048
C4252,7/1/2015,2620
C4252,8/1/2015,3613
C4252,9/1/2015,3710
C4252,10/1/2015,3732
C4252,11/1/2015,3913
C4252,12/1/2015,3418
C4252,1/1/2016,1932
C4252,2/1/2016,2497
C4252,3/1/2016,2797
C4252,4/1/2016,3825
C4252,5/1/2016,2690
C4252,6/1/2016,3045
C4252,7/1/2016,4345
C4252,8/1/2016,4090
C4252,9/1/2016,3660
C4252,10/1/2016,3886
C4252,11/1/2016,4083
C4252,12/1/2016,4131
C4252,1/1/2017,4136
C4252,2/1/2017,5014
C4252,3/1/2017,3846
C4252,4/1/2017,4298
C4252,5/1/2017,2807
C4252,6/1/2017,1589
C4252,7/1/2017,1422
C4254,1/1/2013,546
C4254,2/1/2013,320
C4254,3/1/2013,410
C4254,4/1/2013,363
C4254,5/1/2013,353
C4254,6/1/2013,352
C4254,7/1/2013,402
C4254,8/1/2013,425
C4254,9/1/2013,377
C4254,10/1/2013,329
C4254,11/1/2013,332
C4254,12/1/2013,422
C4254,1/1/2014,359
C4254,2/1/2014,285
C4254,3/1/2014,379
C4254,4/1/2014,348
C4254,5/1/2014,274
C4254,6/1/2014,303
C4254,7/1/2014,247
C4254,8/1/2014,260
C4254,9/1/2014,208
C4254,10/1/2014,193
C4254,11/1/2014,189
C4254,12/1/2014,260
C4254,1/1/2015,215
C4254,2/1/2015,200
C4254,3/1/2015,217
C4254,4/1/2015,237
C4254,5/1/2015,604
C4254,6/1/2015,591
C4254,7/1/2015,628
C4254,8/1/2015,876
C4254,9/1/2015,892
C4254,10/1/2015,861
C4254,11/1/2015,828
C4254,12/1/2015,798
C4254,1/1/2016,745
C4254,2/1/2016,940
C4254,3/1/2016,930
C4254,4/1/2016,828
C4254,5/1/2016,838
C4254,6/1/2016,634
C4254,7/1/2016,787
C4254,8/1/2016,856
C4254,9/1/2016,858
C4254,10/1/2016,961
C4254,11/1/2016,1126
C4254,12/1/2016,1243
C4254,1/1/2017,1188
C4254,2/1/2017,589
C4254,3/1/2017,1021
C4254,4/1/2017,1130
C4254,5/1/2017,2855
C4254,6/1/2017,4410
C4254,7/1/2017,5212
C4255,11/1/2015,673
C4255,12/1/2015,908
C4255,1/1/2016,1533
C4255,2/1/2016,1277
C4255,3/1/2016,1216
C4255,4/1/2016,1285
C4255,5/1/2016,1448
C4255,6/1/2016,1371
C4255,7/1/2016,1368
C4255,8/1/2016,1383
C4255,9/1/2016,1361
C4255,10/1/2016,1718
C4255,11/1/2016,1667
C4255,12/1/2016,1672
C4255,1/1/2017,1531
C4255,2/1/2017,675
C4255,3/1/2017,91
C4255,4/1/2017,58
C5192,10/1/2016,1783
C5192,11/1/2016,1309
C5192,12/1/2016,1027
C5192,1/1/2017,773
C5192,2/1/2017,549
C5192,3/1/2017,472
C5192,4/1/2017,257
C5192,5/1/2017,151
C5192,6/1/2017,60
C5192,7/1/2017,46
C5222,9/1/2015,307
C5222,10/1/2015,6085
C5222,11/1/2015,4803
C5222,12/1/2015,5961
C5222,1/1/2016,5257
C5222,2/1/2016,5705
C5222,3/1/2016,5703
C5222,4/1/2016,7026
C5222,5/1/2016,6041
C5222,6/1/2016,4855
C5222,7/1/2016,5769
C5222,8/1/2016,4439
C5222,9/1/2016,5797
C5222,10/1/2016,6036
C5222,11/1/2016,5361
C5222,12/1/2016,6654
C5222,1/1/2017,5602
C5222,2/1/2017,5679
C5222,3/1/2017,6525
C5222,4/1/2017,5845
C5222,5/1/2017,6806
C5222,6/1/2017,5993
C5222,7/1/2017,6059
C5224,1/1/2014,1726
C5224,3/1/2014,1959
C5224,7/1/2014,1898
C5224,9/1/2014,2628
C5224,10/1/2014,1959
C5224,11/1/2014,1988
C5224,12/1/2014,2787
C5224,4/1/2015,2180
C5224,5/1/2015,2960
C5224,6/1/2015,2300
C5224,7/1/2015,3025
C5224,8/1/2015,2678
C5224,9/1/2015,2095
C5224,10/1/2015,2470
C5224,11/1/2015,2380
C5224,12/1/2015,2881
C5224,1/1/2016,1846
C5224,2/1/2016,2063
C5224,3/1/2016,2356
C5224,4/1/2016,2224
C5224,5/1/2016,2214
C5224,6/1/2016,1875
C5224,7/1/2016,2174
C5224,8/1/2016,2459
C5224,9/1/2016,2366
C5224,10/1/2016,2726
C5224,11/1/2016,2471
C5224,12/1/2016,3035
C5224,1/1/2017,2511
C5224,2/1/2017,2126
C5224,3/1/2017,2110
C5224,4/1/2017,3065
C5224,5/1/2017,2769
C5224,6/1/2017,2295
C5224,7/1/2017,2466
C5244,10/1/2015,1437
C5244,11/1/2015,852
C5244,12/1/2015,1735
C5244,1/1/2016,718
C5244,2/1/2016,1448
C5244,3/1/2016,1117
C5244,4/1/2016,636
C5244,5/1/2016,1409
C5244,6/1/2016,1070
C5244,7/1/2016,1294
C5244,8/1/2016,1099
C5244,9/1/2016,1006
C5244,10/1/2016,640
C5244,11/1/2016,1117
C5244,12/1/2016,1281
C5244,1/1/2017,717
C5244,2/1/2017,604
C5244,3/1/2017,969
C5244,4/1/2017,609
C5244,5/1/2017,973
C5244,6/1/2017,330
C5244,7/1/2017,1138
C5250,10/1/2015,1720
C5250,11/1/2015,580
C5250,12/1/2015,1927
C5250,1/1/2016,555
C5250,2/1/2016,1499
C5250,3/1/2016,801
C5250,4/1/2016,1341
C5250,5/1/2016,1012
C5250,6/1/2016,1222
C5250,7/1/2016,1261
C5250,8/1/2016,1907
C5250,9/1/2016,818
C5250,10/1/2016,1590
C5250,11/1/2016,1013
C5250,12/1/2016,1721
C5250,1/1/2017,733
C5250,2/1/2017,1791
C5250,3/1/2017,711
C5250,4/1/2017,1858
C5250,5/1/2017,569
C5250,6/1/2017,1406
C5250,7/1/2017,848
C5308,1/1/2014,202
C5308,3/1/2014,172
C5308,7/1/2014,207
C5308,9/1/2014,151
C5308,10/1/2014,163
C5308,11/1/2014,135
C5308,12/1/2014,504
C5308,6/1/2015,177
C5308,7/1/2015,123
C5308,8/1/2015,139
C5308,9/1/2015,147
C5308,10/1/2015,1428
C5308,11/1/2015,1292
C5308,12/1/2015,8884
C5308,1/1/2016,1666
C5308,2/1/2016,1139
C5308,3/1/2016,1297
C5308,4/1/2016,1250
C5308,5/1/2016,1308
C5308,6/1/2016,1871
C5308,7/1/2016,1571
C5308,8/1/2016,1541
C5308,9/1/2016,1492
C5308,10/1/2016,1660
C5308,11/1/2016,1448
C5308,12/1/2016,10750
C5308,1/1/2017,1823
C5308,2/1/2017,1033
C5308,3/1/2017,1488
C5308,4/1/2017,1619
C5308,5/1/2017,1836
C5308,6/1/2017,2370
C5308,7/1/2017,1845
C5322,1/1/2014,3502
C5322,3/1/2014,4730
C5322,7/1/2014,3595
C5322,9/1/2014,3842
C5322,10/1/2014,4198
C5322,11/1/2014,4273
C5322,12/1/2014,4259
C5322,6/1/2015,3627
C5322,7/1/2015,3447
C5322,8/1/2015,3279
C5322,9/1/2015,3597
C5322,10/1/2015,3989
C5322,11/1/2015,3305
C5322,12/1/2015,2859
C5322,1/1/2016,2779
C5322,2/1/2016,2677
C5322,3/1/2016,2528
C5322,4/1/2016,2783
C5322,5/1/2016,3044
C5322,6/1/2016,3204
C5322,7/1/2016,3028
C5322,8/1/2016,2811
C5322,9/1/2016,3058
C5322,10/1/2016,3402
C5322,11/1/2016,2616
C5322,12/1/2016,2733
C5322,1/1/2017,2567
C5322,2/1/2017,2402
C5322,3/1/2017,2708
C5322,4/1/2017,2400
C5322,5/1/2017,2447
C5322,6/1/2017,2762
C5322,7/1/2017,2677
C5324,1/1/2014,15470
C5324,3/1/2014,16195
C5324,7/1/2014,13833
C5324,9/1/2014,17337
C5324,10/1/2014,16394
C5324,11/1/2014,14067
C5324,12/1/2014,14937
C5324,6/1/2015,18312
C5324,7/1/2015,19078
C5324,8/1/2015,21216
C5324,9/1/2015,19890
C5324,10/1/2015,22492
C5324,11/1/2015,19214
C5324,12/1/2015,17390
C5324,1/1/2016,18471
C5324,2/1/2016,18289
C5324,3/1/2016,19561
C5324,4/1/2016,18977
C5324,5/1/2016,18625
C5324,6/1/2016,16447
C5324,7/1/2016,17648
C5324,8/1/2016,17237
C5324,9/1/2016,17034
C5324,10/1/2016,17437
C5324,11/1/2016,15724
C5324,12/1/2016,15952
C5324,1/1/2017,16628
C5324,2/1/2017,16045
C5324,3/1/2017,18726
C5324,4/1/2017,18571
C5324,5/1/2017,18011
C5324,6/1/2017,17174
C5324,7/1/2017,18192
C5325,3/1/2014,381
C5325,7/1/2014,518
C5325,9/1/2014,953
C5325,10/1/2014,951
C5325,11/1/2014,1134
C5325,12/1/2014,287
C5325,1/1/2016,1
C5325,5/1/2016,72
C5325,6/1/2016,682
C5325,7/1/2016,779
C5325,8/1/2016,764
C5325,9/1/2016,813
C5325,10/1/2016,808
C5325,11/1/2016,779
C5325,12/1/2016,1003
C5325,1/1/2017,991
C5325,2/1/2017,990
C5325,3/1/2017,426
C5325,4/1/2017,21
C5325,5/1/2017,34
C5325,6/1/2017,5
C5325,7/1/2017,6
C5446,1/1/2014,16539
C5446,3/1/2014,16061
C5446,7/1/2014,12768
C5446,9/1/2014,13432
C5446,10/1/2014,13015
C5446,11/1/2014,14395
C5446,12/1/2014,19936
C5446,6/1/2015,13083
C5446,7/1/2015,14650
C5446,8/1/2015,19021
C5446,9/1/2015,18213
C5446,10/1/2015,16580
C5446,11/1/2015,15863
C5446,12/1/2015,19916
C5446,1/1/2016,14276
C5446,2/1/2016,13385
C5446,3/1/2016,14323
C5446,4/1/2016,18583
C5446,5/1/2016,15911
C5446,6/1/2016,13517
C5446,7/1/2016,15342
C5446,8/1/2016,15084
C5446,9/1/2016,14950
C5446,10/1/2016,16738
C5446,11/1/2016,17464
C5446,12/1/2016,26174
C5446,1/1/2017,19958
C5446,2/1/2017,17003
C5446,3/1/2017,18716
C5446,4/1/2017,19846
C5446,5/1/2017,20173
C5446,6/1/2017,18369
C5446,7/1/2017,19805
C6022,3/1/2014,72
C6022,7/1/2014,163
C6022,9/1/2014,160
C6022,10/1/2014,50
C6022,11/1/2014,5
C6022,12/1/2014,169
C6022,6/1/2015,207
C6022,7/1/2015,301
C6022,8/1/2015,417
C6022,9/1/2015,359
C6022,10/1/2015,62
C6022,11/1/2015,4
C6022,12/1/2015,179
C6022,1/1/2016,311
C6022,2/1/2016,418
C6022,3/1/2016,442
C6022,4/1/2016,365
C6022,5/1/2016,455
C6022,6/1/2016,436
C6022,7/1/2016,381
C6022,8/1/2016,457
C6022,9/1/2016,488
C6022,10/1/2016,476
C6022,11/1/2016,452
C6022,12/1/2016,485
C6022,1/1/2017,488
C6022,2/1/2017,441
C6022,3/1/2017,442
C6022,4/1/2017,298
C6022,5/1/2017,279
C6022,6/1/2017,295
C6022,7/1/2017,351
C6155,1/1/2013,210
C6155,2/1/2013,119
C6155,3/1/2013,1137
C6155,4/1/2013,1065
C6155,5/1/2013,1046
C6155,6/1/2013,997
C6155,7/1/2013,846
C6155,8/1/2013,879
C6155,9/1/2013,908
C6155,10/1/2013,792
C6155,11/1/2013,879
C6155,12/1/2013,892
C6155,1/1/2014,835
C6155,2/1/2014,926
C6155,3/1/2014,1039
C6155,4/1/2014,960
C6155,5/1/2014,655
C6155,6/1/2014,591
C6155,7/1/2014,643
C6155,8/1/2014,864
C6155,9/1/2014,962
C6155,10/1/2014,816
C6155,11/1/2014,200
C6155,12/1/2014,634
C6155,1/1/2015,1073
C6155,2/1/2015,958
C6155,3/1/2015,1301
C6155,4/1/2015,1131
C6155,5/1/2015,866
C6155,6/1/2015,185
C6155,7/1/2015,26
C6155,8/1/2015,644
C6155,9/1/2015,317
C6155,10/1/2015,752
C6155,11/1/2015,904
C6155,12/1/2015,992
C6155,1/1/2016,977
C6155,2/1/2016,950
C6155,3/1/2016,503
C6155,4/1/2016,430
C6155,5/1/2016,1019
C6155,6/1/2016,455
C6155,7/1/2016,358
C6155,8/1/2016,537
C6155,9/1/2016,399
C6155,10/1/2016,187
C6155,11/1/2016,224
C6155,12/1/2016,489
C6155,1/1/2017,758
C6155,2/1/2017,908
C6155,3/1/2017,1159
C6155,4/1/2017,1119
C6155,5/1/2017,1189
C6155,6/1/2017,1033
C6155,7/1/2017,670
C6206,1/1/2014,1604
C6206,3/1/2014,1705
C6206,7/1/2014,1624
C6206,9/1/2014,1220
C6206,10/1/2014,1969
C6206,11/1/2014,1719
C6206,12/1/2014,1893
C6206,1/1/2015,1601
C6206,2/1/2015,418
C6206,3/1/2015,147
C6206,4/1/2015,2357
C6206,5/1/2015,3318
C6206,6/1/2015,1995
C6206,7/1/2015,2077
C6206,8/1/2015,1980
C6206,9/1/2015,2008
C6206,10/1/2015,1946
C6206,11/1/2015,1074
C6206,12/1/2015,820
C6206,1/1/2016,1020
C6206,2/1/2016,1501
C6206,3/1/2016,1580
C6206,4/1/2016,1097
C6206,5/1/2016,2172
C6206,6/1/2016,2337
C6206,7/1/2016,2319
C6206,8/1/2016,2411
C6206,9/1/2016,2407
C6206,10/1/2016,2244
C6206,11/1/2016,1657
C6206,12/1/2016,2608
C6206,1/1/2017,3915
C6206,2/1/2017,2866
C6206,3/1/2017,2013
C6206,4/1/2017,2521
C6206,5/1/2017,3254
C6206,6/1/2017,3503
C6206,7/1/2017,4193
C6212,1/1/2014,899
C6212,3/1/2014,855
C6212,7/1/2014,1130
C6212,9/1/2014,1678
C6212,10/1/2014,2182
C6212,11/1/2014,2678
C6212,12/1/2014,3182
C6212,1/1/2015,3480
C6212,2/1/2015,3183
C6212,3/1/2015,3818
C6212,4/1/2015,3648
C6212,5/1/2015,3935
C6212,6/1/2015,3653
C6212,7/1/2015,3903
C6212,8/1/2015,4299
C6212,9/1/2015,4361
C6212,10/1/2015,4094
C6212,11/1/2015,3603
C6212,12/1/2015,4058
C6212,1/1/2016,3968
C6212,2/1/2016,3158
C6212,3/1/2016,3860
C6212,4/1/2016,4955
C6212,5/1/2016,4042
C6212,6/1/2016,3544
C6212,7/1/2016,4737
C6212,8/1/2016,4587
C6212,9/1/2016,4548
C6212,10/1/2016,4773
C6212,11/1/2016,5111
C6212,12/1/2016,5799
C6212,1/1/2017,6500
C6212,2/1/2017,4832
C6212,3/1/2017,5416
C6212,4/1/2017,6554
C6212,5/1/2017,6328
C6212,6/1/2017,7185
C6212,7/1/2017,6444
C6222,8/1/2015,192
C6222,9/1/2015,427
C6222,10/1/2015,302
C6222,11/1/2015,289
C6222,12/1/2015,337
C6222,1/1/2016,66
C6222,2/1/2016,132
C6222,3/1/2016,178
C6222,4/1/2016,234
C6222,5/1/2016,254
C6222,6/1/2016,232
C6222,7/1/2016,274
C6222,8/1/2016,264
C6222,9/1/2016,276
C6222,10/1/2016,262
C6222,11/1/2016,414
C6222,12/1/2016,2152
C6222,1/1/2017,1548
C6222,2/1/2017,1283
C6222,3/1/2017,1407
C6222,4/1/2017,1879
C6222,5/1/2017,1910
C6222,6/1/2017,1495
C6222,7/1/2017,2355
C6223,1/1/2014,626
C6223,3/1/2014,622
C6223,7/1/2014,1624
C6223,9/1/2014,2218
C6223,10/1/2014,2176
C6223,11/1/2014,1929
C6223,12/1/2014,3095
C6223,1/1/2015,2167
C6223,2/1/2015,1628
C6223,3/1/2015,1673
C6223,4/1/2015,1327
C6223,5/1/2015,1470
C6223,6/1/2015,1515
C6223,7/1/2015,1649
C6223,8/1/2015,1292
C6223,9/1/2015,907
C6223,10/1/2015,1734
C6223,11/1/2015,1933
C6223,12/1/2015,1873
C6223,1/1/2016,1349
C6223,2/1/2016,1458
C6223,3/1/2016,1363
C6223,4/1/2016,1113
C6223,5/1/2016,1322
C6223,6/1/2016,1763
C6223,7/1/2016,7049
C6223,8/1/2016,1353
C6223,9/1/2016,1347
C6223,10/1/2016,1378
C6223,11/1/2016,2651
C6223,12/1/2016,1822
C6223,1/1/2017,1265
C6223,2/1/2017,1009
C6223,3/1/2017,724
C6223,4/1/2017,334
C6223,5/1/2017,1043
C6223,6/1/2017,1153
C6223,7/1/2017,1351
C6230,1/1/2014,1126
C6230,3/1/2014,1071
C6230,7/1/2014,1162
C6230,9/1/2014,1325
C6230,10/1/2014,1362
C6230,11/1/2014,1385
C6230,12/1/2014,1223
C6230,6/1/2015,1122
C6230,7/1/2015,1385
C6230,8/1/2015,1536
C6230,9/1/2015,1514
C6230,10/1/2015,1358
C6230,11/1/2015,1368
C6230,12/1/2015,1412
C6230,1/1/2016,1364
C6230,2/1/2016,1074
C6230,3/1/2016,929
C6230,4/1/2016,699
C6230,5/1/2016,1162
C6230,6/1/2016,997
C6230,7/1/2016,763
C6230,8/1/2016,887
C6230,9/1/2016,1149
C6230,10/1/2016,1161
C6230,11/1/2016,1017
C6230,12/1/2016,1090
C6230,1/1/2017,1367
C6230,2/1/2017,1119
C6230,3/1/2017,1218
C6230,4/1/2017,1232
C6230,5/1/2017,1467
C6230,6/1/2017,1388
C6230,7/1/2017,1725
C6232,1/1/2014,760
C6232,3/1/2014,1204
C6232,7/1/2014,1199
C6232,9/1/2014,2217
C6232,10/1/2014,1620
C6232,11/1/2014,1556
C6232,12/1/2014,1334
C6232,1/1/2015,1603
C6232,2/1/2015,1426
C6232,3/1/2015,1514
C6232,4/1/2015,1521
C6232,5/1/2015,1611
C6232,6/1/2015,1285
C6232,7/1/2015,1138
C6232,8/1/2015,1410
C6232,9/1/2015,1621
C6232,10/1/2015,1212
C6232,11/1/2015,1002
C6232,12/1/2015,824
C6232,1/1/2016,330
C6232,2/1/2016,564
C6232,3/1/2016,1158
C6232,4/1/2016,1015
C6232,5/1/2016,1046
C6232,6/1/2016,889
C6232,7/1/2016,1590
C6232,8/1/2016,1165
C6232,9/1/2016,1562
C6232,10/1/2016,1395
C6232,11/1/2016,1462
C6232,12/1/2016,1346
C6232,1/1/2017,1539
C6232,2/1/2017,965
C6232,3/1/2017,1061
C6232,4/1/2017,941
C6232,5/1/2017,856
C6232,6/1/2017,816
C6232,7/1/2017,700
C6233,6/1/2016,64
C6233,7/1/2016,93
C6233,8/1/2016,68
C6233,9/1/2016,56
C6233,10/1/2016,30
C6233,11/1/2016,61
C6233,12/1/2016,174
C6233,1/1/2017,113
C6233,2/1/2017,8000
C6233,3/1/2017,958
C6233,4/1/2017,28
C6233,5/1/2017,32
C6233,6/1/2017,15
C6233,7/1/2017,10
C6238,1/1/2014,453
C6238,3/1/2014,524
C6238,7/1/2014,478
C6238,9/1/2014,475
C6238,10/1/2014,487
C6238,11/1/2014,382
C6238,12/1/2014,596
C6238,1/1/2015,435
C6238,2/1/2015,451
C6238,3/1/2015,390
C6238,4/1/2015,473
C6238,5/1/2015,569
C6238,6/1/2015,309
C6238,7/1/2015,273
C6238,8/1/2015,456
C6238,9/1/2015,470
C6238,10/1/2015,443
C6238,11/1/2015,342
C6238,12/1/2015,507
C6238,1/1/2016,298
C6238,2/1/2016,347
C6238,3/1/2016,360
C6238,4/1/2016,295
C6238,5/1/2016,433
C6238,6/1/2016,356
C6238,7/1/2016,477
C6238,8/1/2016,467
C6238,9/1/2016,403
C6238,10/1/2016,423
C6238,11/1/2016,519
C6238,12/1/2016,672
C6238,1/1/2017,371
C6238,2/1/2017,428
C6238,3/1/2017,571
C6238,4/1/2017,589
C6238,5/1/2017,474
C6238,6/1/2017,468
C6238,7/1/2017,472
C6241,10/1/2015,564
C6241,11/1/2015,598
C6241,12/1/2015,549
C6241,1/1/2016,471
C6241,2/1/2016,467
C6241,3/1/2016,762
C6241,4/1/2016,552
C6241,5/1/2016,449
C6241,6/1/2016,379
C6241,7/1/2016,597
C6241,8/1/2016,544
C6241,9/1/2016,453
C6241,10/1/2016,414
C6241,11/1/2016,505
C6241,12/1/2016,437
C6241,1/1/2017,392
C6241,2/1/2017,430
C6241,3/1/2017,498
C6241,4/1/2017,765
C6241,5/1/2017,1074
C6241,6/1/2017,570
C6241,7/1/2017,431
C6242,10/1/2015,7899
C6242,11/1/2015,6898
C6242,12/1/2015,6123
C6242,1/1/2016,4979
C6242,2/1/2016,3010
C6242,3/1/2016,6305
C6242,4/1/2016,7194
C6242,5/1/2016,7719
C6242,6/1/2016,5920
C6242,7/1/2016,6315
C6242,8/1/2016,7067
C6242,9/1/2016,9147
C6242,10/1/2016,8207
C6242,11/1/2016,8044
C6242,12/1/2016,10679
C6242,1/1/2017,16260
C6242,2/1/2017,8657
C6242,3/1/2017,8988
C6242,4/1/2017,9449
C6242,5/1/2017,8620
C6242,6/1/2017,9603
C6242,7/1/2017,14965
C6246,1/1/2014,532
C6246,3/1/2014,561
C6246,7/1/2014,984
C6246,9/1/2014,1241
C6246,10/1/2014,1301
C6246,11/1/2014,1245
C6246,12/1/2014,1744
C6246,1/1/2015,1471
C6246,2/1/2015,1249
C6246,3/1/2015,1604
C6246,4/1/2015,1601
C6246,5/1/2015,1212
C6246,6/1/2015,1011
C6246,7/1/2015,1188
C6246,8/1/2015,1501
C6246,9/1/2015,1142
C6246,10/1/2015,2722
C6246,11/1/2015,1942
C6246,12/1/2015,1992
C6246,1/1/2016,1361
C6246,2/1/2016,1704
C6246,3/1/2016,1563
C6246,4/1/2016,1567
C6246,5/1/2016,1345
C6246,6/1/2016,1307
C6246,7/1/2016,1343
C6246,8/1/2016,1485
C6246,9/1/2016,1329
C6246,10/1/2016,1523
C6246,11/1/2016,1253
C6246,12/1/2016,5316
C6246,1/1/2017,1614
C6246,2/1/2017,1018
C6246,3/1/2017,1450
C6246,4/1/2017,1714
C6246,5/1/2017,3625
C6246,6/1/2017,2442
C6246,7/1/2017,2049
C6248,10/1/2015,416
C6248,11/1/2015,252
C6248,12/1/2015,247
C6248,1/1/2016,267
C6248,2/1/2016,192
C6248,3/1/2016,226
C6248,4/1/2016,314
C6248,5/1/2016,331
C6248,6/1/2016,316
C6248,7/1/2016,398
C6248,8/1/2016,306
C6248,9/1/2016,265
C6248,10/1/2016,240
C6248,11/1/2016,186
C6248,12/1/2016,581
C6248,1/1/2017,1244
C6248,2/1/2017,778
C6248,3/1/2017,418
C6248,4/1/2017,420
C6248,5/1/2017,328
C6248,6/1/2017,290
C6248,7/1/2017,276
C6253,1/1/2014,1310
C6253,3/1/2014,775
C6253,7/1/2014,841
C6253,9/1/2014,794
C6253,10/1/2014,1022
C6253,11/1/2014,1226
C6253,12/1/2014,1069
C6253,1/1/2015,787
C6253,2/1/2015,685
C6253,3/1/2015,709
C6253,4/1/2015,594
C6253,5/1/2015,1094
C6253,6/1/2015,758
C6253,7/1/2015,789
C6253,8/1/2015,866
C6253,9/1/2015,927
C6253,10/1/2015,816
C6253,11/1/2015,708
C6253,12/1/2015,655
C6253,1/1/2016,682
C6253,2/1/2016,601
C6253,3/1/2016,408
C6253,4/1/2016,467
C6253,5/1/2016,796
C6253,6/1/2016,509
C6253,7/1/2016,508
C6253,8/1/2016,340
C6253,9/1/2016,370
C6253,10/1/2016,666
C6253,11/1/2016,593
C6253,12/1/2016,923
C6253,1/1/2017,828
C6253,2/1/2017,642
C6253,3/1/2017,747
C6253,4/1/2017,757
C6253,5/1/2017,1133
C6253,6/1/2017,6644
C6253,7/1/2017,812
C6257,1/1/2014,10538
C6257,3/1/2014,7635
C6257,7/1/2014,10785
C6257,9/1/2014,9295
C6257,10/1/2014,12999
C6257,11/1/2014,10033
C6257,12/1/2014,23166
C6257,1/1/2015,10676
C6257,2/1/2015,6287
C6257,3/1/2015,6854
C6257,4/1/2015,7109
C6257,5/1/2015,7943
C6257,6/1/2015,6175
C6257,7/1/2015,6898
C6257,8/1/2015,5454
C6257,9/1/2015,7352
C6257,10/1/2015,10421
C6257,11/1/2015,8942
C6257,12/1/2015,19850
C6257,1/1/2016,8360
C6257,2/1/2016,6994
C6257,3/1/2016,7654
C6257,4/1/2016,6129
C6257,5/1/2016,6867
C6257,6/1/2016,10994
C6257,7/1/2016,12496
C6257,8/1/2016,4288
C6257,9/1/2016,3630
C6257,10/1/2016,4269
C6257,11/1/2016,4462
C6257,12/1/2016,11697
C6257,1/1/2017,5683
C6257,2/1/2017,5069
C6257,3/1/2017,4535
C6257,4/1/2017,5042
C6257,5/1/2017,7077
C6257,6/1/2017,8113
C6257,7/1/2017,6626
C6258,9/1/2014,269
C6258,10/1/2014,371
C6258,11/1/2014,253
C6258,12/1/2014,341
C6258,1/1/2015,489
C6258,2/1/2015,528
C6258,3/1/2015,544
C6258,4/1/2015,716
C6258,5/1/2015,1472
C6258,6/1/2015,1157
C6258,7/1/2015,1930
C6258,8/1/2015,1197
C6258,9/1/2015,2385
C6258,10/1/2015,2059
C6258,11/1/2015,1992
C6258,12/1/2015,1571
C6258,1/1/2016,734
C6258,2/1/2016,627
C6258,3/1/2016,1769
C6258,4/1/2016,1390
C6258,5/1/2016,1657
C6258,6/1/2016,1303
C6258,7/1/2016,2017
C6258,8/1/2016,2968
C6258,9/1/2016,2843
C6258,10/1/2016,2303
C6258,11/1/2016,2142
C6258,12/1/2016,3168
C6258,1/1/2017,3039
C6258,2/1/2017,1880
C6258,3/1/2017,1949
C6258,4/1/2017,2629
C6258,5/1/2017,2285
C6258,6/1/2017,1964
C6258,7/1/2017,2351
C6260,1/1/2014,182
C6260,3/1/2014,607
C6260,7/1/2014,307
C6260,9/1/2014,258
C6260,10/1/2014,225
C6260,11/1/2014,97
C6260,12/1/2014,560
C6260,1/1/2015,361
C6260,2/1/2015,385
C6260,3/1/2015,356
C6260,4/1/2015,412
C6260,5/1/2015,311
C6260,6/1/2015,276
C6260,7/1/2015,413
C6260,8/1/2015,398
C6260,9/1/2015,323
C6260,10/1/2015,455
C6260,11/1/2015,303
C6260,12/1/2015,359
C6260,1/1/2016,331
C6260,2/1/2016,473
C6260,3/1/2016,465
C6260,4/1/2016,422
C6260,5/1/2016,475
C6260,6/1/2016,406
C6260,7/1/2016,503
C6260,8/1/2016,460
C6260,9/1/2016,366
C6260,10/1/2016,401
C6260,11/1/2016,477
C6260,12/1/2016,570
C6260,1/1/2017,390
C6260,2/1/2017,597
C6260,3/1/2017,564
C6260,4/1/2017,471
C6260,5/1/2017,401
C6260,6/1/2017,390
C6260,7/1/2017,426
C6262,3/1/2014,865
C6262,7/1/2014,1081
C6262,9/1/2014,1239
C6262,10/1/2014,1125
C6262,11/1/2014,1006
C6262,12/1/2014,859
C6262,1/1/2015,923
C6262,2/1/2015,879
C6262,3/1/2015,896
C6262,4/1/2015,798
C6262,5/1/2015,1039
C6262,6/1/2015,657
C6262,7/1/2015,477
C6262,8/1/2015,900
C6262,9/1/2015,993
C6262,10/1/2015,1082
C6262,11/1/2015,836
C6262,12/1/2015,725
C6262,1/1/2016,667
C6262,2/1/2016,466
C6262,3/1/2016,618
C6262,4/1/2016,601
C6262,5/1/2016,527
C6262,6/1/2016,623
C6262,7/1/2016,678
C6262,8/1/2016,685
C6262,9/1/2016,731
C6262,10/1/2016,854
C6262,11/1/2016,843
C6262,12/1/2016,1368
C6262,1/1/2017,1941
C6262,2/1/2017,1201
C6262,3/1/2017,1017
C6262,4/1/2017,1108
C6262,5/1/2017,1132
C6262,6/1/2017,1056
C6262,7/1/2017,1682
C6266,1/1/2014,42
C6266,3/1/2014,304
C6266,7/1/2014,709
C6266,9/1/2014,1222
C6266,10/1/2014,1193
C6266,11/1/2014,1558
C6266,12/1/2014,1684
C6266,1/1/2015,1035
C6266,2/1/2015,1636
C6266,3/1/2015,1948
C6266,4/1/2015,1218
C6266,5/1/2015,1029
C6266,6/1/2015,746
C6266,7/1/2015,1753
C6266,8/1/2015,1717
C6266,9/1/2015,1279
C6266,10/1/2015,1091
C6266,11/1/2015,1194
C6266,12/1/2015,921
C6266,1/1/2016,535
C6266,2/1/2016,1078
C6266,3/1/2016,1353
C6266,4/1/2016,1062
C6266,5/1/2016,1141
C6266,6/1/2016,1009
C6266,7/1/2016,1169
C6266,8/1/2016,1190
C6266,9/1/2016,1166
C6266,10/1/2016,1109
C6266,11/1/2016,732
C6266,12/1/2016,1268
C6266,1/1/2017,4195
C6266,2/1/2017,1097
C6266,3/1/2017,840
C6266,4/1/2017,1018
C6266,5/1/2017,1107
C6266,6/1/2017,1007
C6266,7/1/2017,1138
C6267,1/1/2014,284
C6267,3/1/2014,709
C6267,7/1/2014,1267
C6267,9/1/2014,285
C6267,10/1/2014,27
C6267,11/1/2014,1
C6267,12/1/2014,1067
C6267,1/1/2015,880
C6267,2/1/2015,528
C6267,3/1/2015,672
C6267,4/1/2015,380
C6267,5/1/2015,103
C6267,6/1/2015,33
C6267,7/1/2015,3
C6267,8/1/2015,1
C6267,9/1/2015,472
C6267,10/1/2015,734
C6267,11/1/2015,591
C6267,12/1/2015,861
C6267,1/1/2016,874
C6267,2/1/2016,919
C6267,3/1/2016,907
C6267,4/1/2016,778
C6267,5/1/2016,923
C6267,6/1/2016,849
C6267,7/1/2016,957
C6267,8/1/2016,1467
C6267,9/1/2016,959
C6267,10/1/2016,795
C6267,11/1/2016,706
C6267,12/1/2016,141
C6267,1/1/2017,30
C6267,2/1/2017,2
C6267,4/1/2017,1
C6267,6/1/2017,935
C6267,7/1/2017,2145
C6269,1/1/2014,17736
C6269,3/1/2014,17268
C6269,7/1/2014,18038
C6269,9/1/2014,16833
C6269,10/1/2014,16228
C6269,11/1/2014,18058
C6269,12/1/2014,30513
C6269,1/1/2015,20200
C6269,2/1/2015,15328
C6269,3/1/2015,16925
C6269,4/1/2015,15273
C6269,5/1/2015,17094
C6269,6/1/2015,19689
C6269,7/1/2015,21914
C6269,8/1/2015,18078
C6269,9/1/2015,19147
C6269,10/1/2015,20006
C6269,11/1/2015,21213
C6269,12/1/2015,30026
C6269,1/1/2016,16556
C6269,2/1/2016,9656
C6269,3/1/2016,11433
C6269,4/1/2016,12104
C6269,5/1/2016,12731
C6269,6/1/2016,11715
C6269,7/1/2016,14971
C6269,8/1/2016,13008
C6269,9/1/2016,13979
C6269,10/1/2016,14858
C6269,11/1/2016,13317
C6269,12/1/2016,24840
C6269,1/1/2017,22885
C6269,2/1/2017,16179
C6269,3/1/2017,13649
C6269,4/1/2017,10453
C6269,5/1/2017,9219
C6269,6/1/2017,5922
C6269,7/1/2017,2568
C6301,1/1/2014,294
C6301,3/1/2014,382
C6301,7/1/2014,152
C6301,9/1/2014,138
C6301,10/1/2014,600
C6301,11/1/2014,679
C6301,12/1/2014,739
C6301,1/1/2015,541
C6301,2/1/2015,719
C6301,3/1/2015,714
C6301,4/1/2015,880
C6301,5/1/2015,1123
C6301,6/1/2015,1952
C6301,7/1/2015,884
C6301,8/1/2015,1404
C6301,9/1/2015,1062
C6301,10/1/2015,751
C6301,11/1/2015,883
C6301,12/1/2015,977
C6301,1/1/2016,548
C6301,2/1/2016,620
C6301,3/1/2016,400
C6301,4/1/2016,650
C6301,5/1/2016,691
C6301,6/1/2016,513
C6301,7/1/2016,839
C6301,8/1/2016,409
C6301,9/1/2016,357
C6301,10/1/2016,531
C6301,11/1/2016,691
C6301,12/1/2016,888
C6301,1/1/2017,422
C6301,2/1/2017,641
C6301,3/1/2017,230
C6301,4/1/2017,94
C6301,5/1/2017,878
C6301,6/1/2017,566
C6301,7/1/2017,598
C6322,1/1/2014,661
C6322,3/1/2014,135
C6322,7/1/2014,1073
C6322,9/1/2014,1342
C6322,10/1/2014,1255
C6322,11/1/2014,1070
C6322,12/1/2014,812
C6322,1/1/2015,801
C6322,2/1/2015,787
C6322,3/1/2015,1065
C6322,4/1/2015,1074
C6322,5/1/2015,957
C6322,6/1/2015,789
C6322,7/1/2015,1051
C6322,8/1/2015,537
C6322,9/1/2015,478
C6322,10/1/2015,545
C6322,11/1/2015,436
C6322,12/1/2015,617
C6322,1/1/2016,331
C6322,2/1/2016,597
C6322,3/1/2016,660
C6322,4/1/2016,731
C6322,5/1/2016,923
C6322,6/1/2016,1030
C6322,7/1/2016,836
C6322,8/1/2016,886
C6322,9/1/2016,706
C6322,10/1/2016,302
C6322,11/1/2016,791
C6322,12/1/2016,406
C6322,1/1/2017,491
C6322,2/1/2017,765
C6322,3/1/2017,671
C6322,4/1/2017,469
C6322,5/1/2017,814
C6322,6/1/2017,955
C6322,7/1/2017,1024
C6328,1/1/2014,1278
C6328,3/1/2014,697
C6328,7/1/2014,983
C6328,9/1/2014,1335
C6328,10/1/2014,1489
C6328,11/1/2014,2044
C6328,12/1/2014,2200
C6328,1/1/2015,2901
C6328,2/1/2015,4479
C6328,3/1/2015,4571
C6328,4/1/2015,2809
C6328,5/1/2015,2404
C6328,6/1/2015,2209
C6328,7/1/2015,2032
C6328,8/1/2015,2471
C6328,9/1/2015,2294
C6328,10/1/2015,2354
C6328,11/1/2015,1984
C6328,12/1/2015,2060
C6328,1/1/2016,2431
C6328,2/1/2016,1897
C6328,3/1/2016,1959
C6328,4/1/2016,2449
C6328,5/1/2016,2466
C6328,6/1/2016,2202
C6328,7/1/2016,2312
C6328,8/1/2016,2269
C6328,9/1/2016,2211
C6328,10/1/2016,2209
C6328,11/1/2016,2331
C6328,12/1/2016,2367
C6328,1/1/2017,2904
C6328,2/1/2017,2630
C6328,3/1/2017,3035
C6328,4/1/2017,3232
C6328,5/1/2017,3484
C6328,6/1/2017,3165
C6328,7/1/2017,3231
C6329,1/1/2014,2790
C6329,3/1/2014,3380
C6329,7/1/2014,2848
C6329,9/1/2014,1665
C6329,10/1/2014,1163
C6329,11/1/2014,633
C6329,12/1/2014,695
C6329,1/1/2015,895
C6329,2/1/2015,888
C6329,3/1/2015,1036
C6329,4/1/2015,289
C6329,5/1/2015,1471
C6329,6/1/2015,1621
C6329,7/1/2015,1782
C6329,8/1/2015,1973
C6329,9/1/2015,2030
C6329,10/1/2015,2038
C6329,11/1/2015,2644
C6329,12/1/2015,2610
C6329,1/1/2016,3722
C6329,2/1/2016,3375
C6329,3/1/2016,3557
C6329,4/1/2016,3191
C6329,5/1/2016,3534
C6329,6/1/2016,7547
C6329,7/1/2016,5983
C6329,8/1/2016,2782
C6329,9/1/2016,2970
C6329,10/1/2016,2667
C6329,11/1/2016,2840
C6329,12/1/2016,2714
C6329,1/1/2017,3715
C6329,2/1/2017,2986
C6329,3/1/2017,6110
C6329,4/1/2017,3843
C6329,5/1/2017,5423
C6329,6/1/2017,6031
C6329,7/1/2017,3842
C6330,1/1/2014,3986
C6330,3/1/2014,4624
C6330,7/1/2014,4072
C6330,9/1/2014,4394
C6330,10/1/2014,4925
C6330,11/1/2014,4444
C6330,12/1/2014,6439
C6330,1/1/2015,6886
C6330,2/1/2015,5808
C6330,3/1/2015,7228
C6330,4/1/2015,6731
C6330,5/1/2015,7053
C6330,6/1/2015,6012
C6330,7/1/2015,6636
C6330,8/1/2015,8057
C6330,9/1/2015,7479
C6330,10/1/2015,6858
C6330,11/1/2015,6929
C6330,12/1/2015,7019
C6330,1/1/2016,7831
C6330,2/1/2016,5808
C6330,3/1/2016,5802
C6330,4/1/2016,5837
C6330,5/1/2016,6433
C6330,6/1/2016,5477
C6330,7/1/2016,5759
C6330,8/1/2016,6606
C6330,9/1/2016,6602
C6330,10/1/2016,6348
C6330,11/1/2016,6173
C6330,12/1/2016,9391
C6330,1/1/2017,9966
C6330,2/1/2017,7654
C6330,3/1/2017,7728
C6330,4/1/2017,8391
C6330,5/1/2017,10281
C6330,6/1/2017,7728
C6330,7/1/2017,8979
C6338,1/1/2014,1309
C6338,3/1/2014,1310
C6338,7/1/2014,1820
C6338,9/1/2014,2480
C6338,10/1/2014,2220
C6338,11/1/2014,1416
C6338,12/1/2014,2268
C6338,1/1/2015,2425
C6338,2/1/2015,2714
C6338,3/1/2015,2529
C6338,4/1/2015,2251
C6338,5/1/2015,1807
C6338,6/1/2015,1746
C6338,7/1/2015,1771
C6338,8/1/2015,2288
C6338,9/1/2015,2209
C6338,10/1/2015,1956
C6338,11/1/2015,1529
C6338,12/1/2015,1507
C6338,1/1/2016,1455
C6338,2/1/2016,1039
C6338,3/1/2016,1318
C6338,4/1/2016,1310
C6338,5/1/2016,1590
C6338,6/1/2016,1456
C6338,7/1/2016,1694
C6338,8/1/2016,2011
C6338,9/1/2016,2228
C6338,10/1/2016,2303
C6338,11/1/2016,2318
C6338,12/1/2016,2653
C6338,1/1/2017,2419
C6338,2/1/2017,2066
C6338,3/1/2017,2046
C6338,4/1/2017,2095
C6338,5/1/2017,2109
C6338,6/1/2017,1694
C6338,7/1/2017,2063
C6344,10/1/2014,66
C6344,11/1/2014,613
C6344,12/1/2014,1198
C6344,1/1/2015,1064
C6344,2/1/2015,1448
C6344,3/1/2015,2014
C6344,4/1/2015,1203
C6344,5/1/2015,867
C6344,6/1/2015,1403
C6344,7/1/2015,1666
C6344,8/1/2015,2806
C6344,9/1/2015,2319
C6344,10/1/2015,2410
C6344,11/1/2015,2386
C6344,12/1/2015,2016
C6344,1/1/2016,1731
C6344,2/1/2016,1797
C6344,3/1/2016,1752
C6344,4/1/2016,1710
C6344,5/1/2016,1758
C6344,6/1/2016,1622
C6344,7/1/2016,1909
C6344,8/1/2016,1724
C6344,9/1/2016,1904
C6344,10/1/2016,2065
C6344,11/1/2016,2001
C6344,12/1/2016,1800
C6344,1/1/2017,2333
C6344,2/1/2017,2388
C6344,3/1/2017,2302
C6344,4/1/2017,2336
C6344,5/1/2017,2483
C6344,6/1/2017,2225
C6344,7/1/2017,3012
C6350,1/1/2014,1452
C6350,3/1/2014,1927
C6350,7/1/2014,1456
C6350,9/1/2014,1246
C6350,10/1/2014,1405
C6350,11/1/2014,1321
C6350,12/1/2014,2955
C6350,1/1/2015,4154
C6350,2/1/2015,4703
C6350,3/1/2015,4070
C6350,4/1/2015,4490
C6350,5/1/2015,16035
C6350,6/1/2015,22428
C6350,7/1/2015,16499
C6350,8/1/2015,17330
C6350,9/1/2015,18495
C6350,10/1/2015,66844
C6350,11/1/2015,9436
C6350,12/1/2015,33510
C6350,1/1/2016,20056
C6350,2/1/2016,23716
C6350,3/1/2016,19286
C6350,4/1/2016,24490
C6350,5/1/2016,20598
C6350,6/1/2016,13998
C6350,7/1/2016,14088
C6350,8/1/2016,13357
C6350,9/1/2016,14674
C6350,10/1/2016,15652
C6350,11/1/2016,17681
C6350,12/1/2016,22923
C6350,1/1/2017,9902
C6350,2/1/2017,15043
C6350,3/1/2017,15443
C6350,4/1/2017,14199
C6350,5/1/2017,18892
C6350,6/1/2017,17506
C6350,7/1/2017,18575
C6352,7/1/2014,3
C6352,9/1/2014,392
C6352,10/1/2014,365
C6352,11/1/2014,384
C6352,12/1/2014,422
C6352,1/1/2015,493
C6352,2/1/2015,876
C6352,3/1/2015,602
C6352,4/1/2015,1349
C6352,5/1/2015,1551
C6352,6/1/2015,1019
C6352,7/1/2015,1073
C6352,8/1/2015,1310
C6352,9/1/2015,1222
C6352,10/1/2015,1254
C6352,11/1/2015,1283
C6352,12/1/2015,892
C6352,1/1/2016,420
C6352,2/1/2016,982
C6352,3/1/2016,889
C6352,4/1/2016,1139
C6352,5/1/2016,1571
C6352,6/1/2016,1336
C6352,7/1/2016,1437
C6352,8/1/2016,1158
C6352,9/1/2016,975
C6352,10/1/2016,1514
C6352,11/1/2016,1813
C6352,12/1/2016,2551
C6352,1/1/2017,3007
C6352,2/1/2017,2782
C6352,3/1/2017,3482
C6352,4/1/2017,3713
C6352,5/1/2017,4220
C6352,6/1/2017,3248
C6352,7/1/2017,2955
C6353,1/1/2014,3752
C6353,3/1/2014,3572
C6353,7/1/2014,2331
C6353,9/1/2014,1698
C6353,10/1/2014,1845
C6353,11/1/2014,2211
C6353,12/1/2014,3383
C6353,1/1/2015,3484
C6353,2/1/2015,3703
C6353,3/1/2015,4739
C6353,4/1/2015,5013
C6353,5/1/2015,3865
C6353,6/1/2015,2864
C6353,7/1/2015,2669
C6353,8/1/2015,2675
C6353,9/1/2015,2475
C6353,10/1/2015,2688
C6353,11/1/2015,3278
C6353,12/1/2015,4109
C6353,1/1/2016,5229
C6353,2/1/2016,5766
C6353,3/1/2016,2094
C6353,4/1/2016,185
C6353,5/1/2016,87
C6353,6/1/2016,25
C6353,7/1/2016,21
C6353,8/1/2016,540
C6353,9/1/2016,866
C6353,10/1/2016,905
C6353,11/1/2016,1137
C6353,12/1/2016,1498
C6353,1/1/2017,1820
C6353,2/1/2017,2290
C6353,3/1/2017,2726
C6353,4/1/2017,2355
C6353,5/1/2017,2481
C6353,6/1/2017,2001
C6353,7/1/2017,1937
C6392,1/1/2014,1633
C6392,3/1/2014,2220
C6392,7/1/2014,2615
C6392,9/1/2014,3284
C6392,10/1/2014,3103
C6392,11/1/2014,3335
C6392,12/1/2014,3943
C6392,6/1/2015,4826
C6392,7/1/2015,4818
C6392,8/1/2015,3735
C6392,9/1/2015,3070
C6392,10/1/2015,3209
C6392,11/1/2015,3478
C6392,12/1/2015,3710
C6392,1/1/2016,3530
C6392,2/1/2016,2985
C6392,3/1/2016,3881
C6392,4/1/2016,4111
C6392,5/1/2016,4489
C6392,6/1/2016,3885
C6392,7/1/2016,4360
C6392,8/1/2016,4616
C6392,9/1/2016,4426
C6392,10/1/2016,4777
C6392,11/1/2016,4109
C6392,12/1/2016,4732
C6392,1/1/2017,5149
C6392,2/1/2017,4499
C6392,3/1/2017,4906
C6392,4/1/2017,4538
C6392,5/1/2017,5347
C6392,6/1/2017,4693
C6392,7/1/2017,5205
C6393,6/1/2015,55
C6393,7/1/2015,43
C6393,8/1/2015,92
C6393,9/1/2015,125
C6393,10/1/2015,121
C6393,11/1/2015,245
C6393,12/1/2015,182
C6393,1/1/2016,524
C6393,2/1/2016,675
C6393,3/1/2016,576
C6393,4/1/2016,594
C6393,5/1/2016,783
C6393,6/1/2016,787
C6393,7/1/2016,919
C6393,8/1/2016,692
C6393,9/1/2016,699
C6393,10/1/2016,584
C6393,11/1/2016,467
C6393,12/1/2016,558
C6393,1/1/2017,591
C6393,2/1/2017,508
C6393,3/1/2017,527
C6393,4/1/2017,482
C6393,5/1/2017,374
C6393,6/1/2017,150
C6393,7/1/2017,72
C6404,1/1/2014,245
C6404,3/1/2014,274
C6404,7/1/2014,124
C6404,9/1/2014,974
C6404,10/1/2014,244
C6404,11/1/2014,158
C6404,12/1/2014,187
C6404,6/1/2015,78
C6404,7/1/2015,60
C6404,8/1/2015,506
C6404,9/1/2015,493
C6404,10/1/2015,77
C6404,11/1/2015,35
C6404,12/1/2015,30
C6404,1/1/2016,89
C6404,2/1/2016,98
C6404,3/1/2016,168
C6404,4/1/2016,333
C6404,5/1/2016,434
C6404,6/1/2016,141
C6404,7/1/2016,150
C6404,8/1/2016,761
C6404,9/1/2016,586
C6404,10/1/2016,88
C6404,11/1/2016,56
C6404,12/1/2016,85
C6404,1/1/2017,65
C6404,2/1/2017,21
C6404,3/1/2017,176
C6404,4/1/2017,1163
C6404,5/1/2017,583
C6404,6/1/2017,168
C6404,7/1/2017,322
C6412,1/1/2014,65
C6412,3/1/2014,97
C6412,7/1/2014,29
C6412,9/1/2014,1798
C6412,10/1/2014,181
C6412,11/1/2014,114
C6412,12/1/2014,57
C6412,6/1/2015,94
C6412,7/1/2015,98
C6412,8/1/2015,1315
C6412,9/1/2015,1757
C6412,10/1/2015,106
C6412,11/1/2015,97
C6412,12/1/2015,26
C6412,1/1/2016,45
C6412,2/1/2016,38
C6412,3/1/2016,76
C6412,4/1/2016,800
C6412,5/1/2016,1083
C6412,6/1/2016,19
C6412,7/1/2016,24
C6412,8/1/2016,1494
C6412,9/1/2016,2530
C6412,10/1/2016,199
C6412,11/1/2016,65
C6412,12/1/2016,34
C6412,1/1/2017,60
C6412,2/1/2017,84
C6412,3/1/2017,223
C6412,4/1/2017,1719
C6412,5/1/2017,348
C6412,6/1/2017,53
C6412,7/1/2017,252
C6414,1/1/2014,423
C6414,3/1/2014,797
C6414,7/1/2014,319
C6414,9/1/2014,7728
C6414,10/1/2014,825
C6414,11/1/2014,670
C6414,12/1/2014,527
C6414,6/1/2015,397
C6414,7/1/2015,418
C6414,8/1/2015,9608
C6414,9/1/2015,3944
C6414,10/1/2015,753
C6414,11/1/2015,747
C6414,12/1/2015,482
C6414,1/1/2016,700
C6414,2/1/2016,670
C6414,3/1/2016,790
C6414,4/1/2016,2127
C6414,5/1/2016,3341
C6414,6/1/2016,432
C6414,7/1/2016,393
C6414,8/1/2016,7036
C6414,9/1/2016,6814
C6414,10/1/2016,833
C6414,11/1/2016,664
C6414,12/1/2016,436
C6414,1/1/2017,640
C6414,2/1/2017,539
C6414,3/1/2017,4047
C6414,4/1/2017,6063
C6414,5/1/2017,2300
C6414,6/1/2017,632
C6414,7/1/2017,2478
C6426,7/1/2015,87
C6426,8/1/2015,127
C6426,9/1/2015,262
C6426,10/1/2015,189
C6426,11/1/2015,200
C6426,12/1/2015,233
C6426,1/1/2016,239
C6426,2/1/2016,185
C6426,3/1/2016,131
C6426,4/1/2016,47
C6426,5/1/2016,133
C6426,6/1/2016,166
C6426,7/1/2016,119
C6426,8/1/2016,256
C6426,9/1/2016,291
C6426,10/1/2016,216
C6426,11/1/2016,175
C6426,12/1/2016,186
C6426,1/1/2017,269
C6426,2/1/2017,135
C6426,3/1/2017,405
C6426,4/1/2017,751
C6426,5/1/2017,838
C6426,6/1/2017,250
C6426,7/1/2017,459
C6448,1/1/2014,1126
C6448,3/1/2014,942
C6448,7/1/2014,1299
C6448,9/1/2014,3884
C6448,10/1/2014,1771
C6448,11/1/2014,1597
C6448,12/1/2014,1211
C6448,6/1/2015,1312
C6448,7/1/2015,762
C6448,8/1/2015,2961
C6448,9/1/2015,3258
C6448,10/1/2015,1612
C6448,11/1/2015,1461
C6448,12/1/2015,1572
C6448,1/1/2016,1913
C6448,2/1/2016,1644
C6448,3/1/2016,1806
C6448,4/1/2016,2849
C6448,5/1/2016,3363
C6448,6/1/2016,1443
C6448,7/1/2016,1017
C6448,8/1/2016,2941
C6448,9/1/2016,4092
C6448,10/1/2016,1582
C6448,11/1/2016,1365
C6448,12/1/2016,1236
C6448,1/1/2017,1642
C6448,2/1/2017,914
C6448,3/1/2017,1712
C6448,4/1/2017,4915
C6448,5/1/2017,2699
C6448,6/1/2017,1356
C6448,7/1/2017,1556
C6482,1/1/2014,2
C6482,3/1/2014,125
C6482,7/1/2014,187
C6482,9/1/2014,3983
C6482,10/1/2014,5
C6482,11/1/2014,7
C6482,12/1/2014,10
C6482,6/1/2015,113
C6482,7/1/2015,120
C6482,8/1/2015,1631
C6482,9/1/2015,6005
C6482,10/1/2015,190
C6482,11/1/2015,72
C6482,12/1/2015,49
C6482,1/1/2016,121
C6482,2/1/2016,180
C6482,3/1/2016,247
C6482,4/1/2016,2794
C6482,5/1/2016,2073
C6482,6/1/2016,260
C6482,7/1/2016,43
C6482,8/1/2016,4726
C6482,9/1/2016,9242
C6482,10/1/2016,210
C6482,11/1/2016,218
C6482,12/1/2016,73
C6482,1/1/2017,199
C6482,2/1/2017,96
C6482,3/1/2017,1683
C6482,4/1/2017,14078
C6482,5/1/2017,2890
C6482,6/1/2017,96
C6482,7/1/2017,3730
C6516,1/1/2014,4051
C6516,3/1/2014,5033
C6516,7/1/2014,4571
C6516,9/1/2014,4280
C6516,10/1/2014,4846
C6516,11/1/2014,5473
C6516,12/1/2014,6101
C6516,5/1/2015,186
C6516,6/1/2015,5543
C6516,7/1/2015,5114
C6516,8/1/2015,5343
C6516,9/1/2015,4315
C6516,10/1/2015,6585
C6516,11/1/2015,7375
C6516,12/1/2015,7671
C6516,1/1/2016,7044
C6516,2/1/2016,5961
C6516,3/1/2016,7204
C6516,4/1/2016,7829
C6516,5/1/2016,8066
C6516,6/1/2016,6986
C6516,7/1/2016,7323
C6516,8/1/2016,7028
C6516,9/1/2016,7658
C6516,10/1/2016,9263
C6516,11/1/2016,9022
C6516,12/1/2016,10298
C6516,1/1/2017,9591
C6516,2/1/2017,9141
C6516,3/1/2017,11187
C6516,4/1/2017,11421
C6516,5/1/2017,11891
C6516,6/1/2017,11209
C6516,7/1/2017,11499
C6517,1/1/2014,2379
C6517,3/1/2014,2978
C6517,7/1/2014,2978
C6517,9/1/2014,3684
C6517,10/1/2014,3339
C6517,11/1/2014,3568
C6517,12/1/2014,3709
C6517,6/1/2015,3267
C6517,7/1/2015,2942
C6517,8/1/2015,3888
C6517,9/1/2015,2695
C6517,10/1/2015,2197
C6517,11/1/2015,2963
C6517,12/1/2015,2699
C6517,1/1/2016,3600
C6517,2/1/2016,2998
C6517,3/1/2016,2473
C6517,4/1/2016,3134
C6517,5/1/2016,3094
C6517,6/1/2016,2477
C6517,7/1/2016,2956
C6517,8/1/2016,3183
C6517,9/1/2016,3320
C6517,10/1/2016,3214
C6517,11/1/2016,2430
C6517,12/1/2016,3432
C6517,1/1/2017,3695
C6517,2/1/2017,3463
C6517,3/1/2017,3256
C6517,4/1/2017,3245
C6517,5/1/2017,3136
C6517,6/1/2017,3722
C6517,7/1/2017,3504
C6706,1/1/2013,1612
C6706,2/1/2013,1414
C6706,3/1/2013,1582
C6706,4/1/2013,1423
C6706,5/1/2013,1431
C6706,6/1/2013,1339
C6706,7/1/2013,1163
C6706,8/1/2013,1554
C6706,9/1/2013,1565
C6706,10/1/2013,1424
C6706,11/1/2013,1501
C6706,12/1/2013,1525
C6706,1/1/2014,2199
C6706,2/1/2014,1476
C6706,3/1/2014,2185
C6706,4/1/2014,1397
C6706,5/1/2014,1519
C6706,6/1/2014,1477
C6706,7/1/2014,2042
C6706,8/1/2014,1564
C6706,9/1/2014,2103
C6706,10/1/2014,1611
C6706,11/1/2014,2200
C6706,12/1/2014,2437
C6706,1/1/2015,992
C6706,2/1/2015,1630
C6706,3/1/2015,1724
C6706,4/1/2015,1636
C6706,5/1/2015,1608
C6706,6/1/2015,1946
C6706,7/1/2015,1962
C6706,8/1/2015,2180
C6706,9/1/2015,2119
C6706,10/1/2015,2027
C6706,11/1/2015,2160
C6706,12/1/2015,2417
C6706,1/1/2016,1846
C6706,2/1/2016,2107
C6706,3/1/2016,2167
C6706,4/1/2016,2385
C6706,5/1/2016,2001
C6706,6/1/2016,1722
C6706,7/1/2016,2013
C6706,8/1/2016,1966
C6706,9/1/2016,1610
C6706,10/1/2016,1768
C6706,11/1/2016,2066
C6706,12/1/2016,2295
C6706,1/1/2017,2015
C6706,2/1/2017,1894
C6706,3/1/2017,2379
C6706,4/1/2017,2394
C6706,5/1/2017,2672
C6706,6/1/2017,2274
C6706,7/1/2017,2552
C6806,1/1/2013,1908
C6806,2/1/2013,2070
C6806,3/1/2013,2727
C6806,4/1/2013,3094
C6806,5/1/2013,2998
C6806,6/1/2013,3340
C6806,7/1/2013,3423
C6806,8/1/2013,3427
C6806,9/1/2013,3049
C6806,10/1/2013,3044
C6806,11/1/2013,2903
C6806,12/1/2013,3364
C6806,1/1/2014,2814
C6806,2/1/2014,2990
C6806,3/1/2014,3433
C6806,4/1/2014,3277
C6806,5/1/2014,3274
C6806,6/1/2014,3124
C6806,7/1/2014,3507
C6806,8/1/2014,3643
C6806,9/1/2014,3388
C6806,10/1/2014,3293
C6806,11/1/2014,3326
C6806,12/1/2014,3725
C6806,1/1/2015,3730
C6806,2/1/2015,3725
C6806,3/1/2015,3994
C6806,4/1/2015,3774
C6806,5/1/2015,3858
C6806,6/1/2015,3498
C6806,7/1/2015,3773
C6806,8/1/2015,4176
C6806,9/1/2015,3651
C6806,10/1/2015,3740
C6806,11/1/2015,3392
C6806,12/1/2015,4020
C6806,1/1/2016,3619
C6806,2/1/2016,3622
C6806,3/1/2016,3500
C6806,4/1/2016,3444
C6806,5/1/2016,3847
C6806,6/1/2016,3143
C6806,7/1/2016,3707
C6806,8/1/2016,3642
C6806,9/1/2016,2869
C6806,10/1/2016,3390
C6806,11/1/2016,3178
C6806,12/1/2016,3447
C6806,1/1/2017,3215
C6806,2/1/2017,3426
C6806,3/1/2017,3449
C6806,4/1/2017,3677
C6806,5/1/2017,3100
C6806,6/1/2017,3425
C6806,7/1/2017,3766
C6808,1/1/2014,962
C6808,3/1/2014,1174
C6808,7/1/2014,888
C6808,9/1/2014,780
C6808,10/1/2014,853
C6808,11/1/2014,917
C6808,12/1/2014,753
C6808,6/1/2015,1085
C6808,7/1/2015,1102
C6808,8/1/2015,1082
C6808,9/1/2015,1011
C6808,10/1/2015,929
C6808,11/1/2015,992
C6808,12/1/2015,1107
C6808,1/1/2016,1144
C6808,2/1/2016,1087
C6808,3/1/2016,1132
C6808,4/1/2016,1126
C6808,5/1/2016,1130
C6808,6/1/2016,996
C6808,7/1/2016,1165
C6808,8/1/2016,1118
C6808,9/1/2016,1061
C6808,10/1/2016,1086
C6808,11/1/2016,1123
C6808,12/1/2016,1026
C6808,1/1/2017,1141
C6808,2/1/2017,1203
C6808,3/1/2017,1367
C6808,4/1/2017,1434
C6808,5/1/2017,1283
C6808,6/1/2017,1206
C6808,7/1/2017,1263
C6810,1/1/2013,3702
C6810,2/1/2013,3508
C6810,3/1/2013,3707
C6810,4/1/2013,2979
C6810,5/1/2013,3853
C6810,6/1/2013,3840
C6810,7/1/2013,3637
C6810,8/1/2013,3652
C6810,9/1/2013,3104
C6810,10/1/2013,2783
C6810,11/1/2013,3043
C6810,12/1/2013,3649
C6810,1/1/2014,3301
C6810,2/1/2014,3263
C6810,3/1/2014,3824
C6810,4/1/2014,3724
C6810,5/1/2014,3414
C6810,6/1/2014,3388
C6810,7/1/2014,3943
C6810,8/1/2014,4339
C6810,9/1/2014,3646
C6810,10/1/2014,3834
C6810,11/1/2014,3606
C6810,12/1/2014,3813
C6810,1/1/2015,3940
C6810,2/1/2015,3800
C6810,3/1/2015,4057
C6810,4/1/2015,3469
C6810,5/1/2015,3983
C6810,6/1/2015,3779
C6810,7/1/2015,4182
C6810,8/1/2015,4379
C6810,9/1/2015,3700
C6810,10/1/2015,3758
C6810,11/1/2015,3450
C6810,12/1/2015,3668
C6810,1/1/2016,3380
C6810,2/1/2016,3394
C6810,3/1/2016,3594
C6810,4/1/2016,3815
C6810,5/1/2016,3867
C6810,6/1/2016,3307
C6810,7/1/2016,3737
C6810,8/1/2016,3220
C6810,9/1/2016,2534
C6810,10/1/2016,3076
C6810,11/1/2016,3013
C6810,12/1/2016,3580
C6810,1/1/2017,2885
C6810,2/1/2017,3257
C6810,3/1/2017,3444
C6810,4/1/2017,3432
C6810,5/1/2017,3132
C6810,6/1/2017,3187
C6810,7/1/2017,3089
C6824,1/1/2013,946
C6824,2/1/2013,1642
C6824,3/1/2013,1201
C6824,4/1/2013,1412
C6824,5/1/2013,2181
C6824,6/1/2013,1131
C6824,7/1/2013,1448
C6824,8/1/2013,1085
C6824,9/1/2013,876
C6824,10/1/2013,975
C6824,11/1/2013,1220
C6824,12/1/2013,1398
C6824,1/1/2014,1413
C6824,2/1/2014,1310
C6824,3/1/2014,1684
C6824,4/1/2014,1425
C6824,5/1/2014,1385
C6824,6/1/2014,1718
C6824,7/1/2014,1143
C6824,8/1/2014,1327
C6824,9/1/2014,1415
C6824,10/1/2014,1953
C6824,11/1/2014,1603
C6824,12/1/2014,2418
C6824,1/1/2015,1433
C6824,2/1/2015,1669
C6824,3/1/2015,3503
C6824,4/1/2015,1804
C6824,5/1/2015,1484
C6824,6/1/2015,1421
C6824,7/1/2015,1498
C6824,8/1/2015,1519
C6824,9/1/2015,1337
C6824,10/1/2015,1843
C6824,11/1/2015,1516
C6824,12/1/2015,1506
C6824,1/1/2016,1231
C6824,2/1/2016,1424
C6824,3/1/2016,1263
C6824,4/1/2016,1150
C6824,5/1/2016,1161
C6824,6/1/2016,761
C6824,7/1/2016,769
C6824,8/1/2016,732
C6824,9/1/2016,693
C6824,10/1/2016,1034
C6824,11/1/2016,1393
C6824,12/1/2016,2173
C6824,1/1/2017,1664
C6824,2/1/2017,1879
C6824,3/1/2017,2040
C6824,4/1/2017,1834
C6824,5/1/2017,1834
C6824,6/1/2017,1780
C6824,7/1/2017,1683
C6848,10/1/2015,3213
C6848,11/1/2015,2427
C6848,12/1/2015,2366
C6848,1/1/2016,2745
C6848,2/1/2016,2658
C6848,3/1/2016,2569
C6848,4/1/2016,2096
C6848,5/1/2016,1834
C6848,6/1/2016,1729
C6848,7/1/2016,2171
C6848,8/1/2016,2080
C6848,9/1/2016,1901
C6848,10/1/2016,2142
C6848,11/1/2016,2071
C6848,12/1/2016,2216
C6848,1/1/2017,2229
C6848,2/1/2017,2171
C6848,3/1/2017,2494
C6848,4/1/2017,2791
C6848,5/1/2017,2469
C6848,6/1/2017,2357
C6848,7/1/2017,2396
C6918,1/1/2013,1296
C6918,2/1/2013,1331
C6918,3/1/2013,1376
C6918,4/1/2013,1411
C6918,5/1/2013,1751
C6918,6/1/2013,1799
C6918,7/1/2013,1353
C6918,8/1/2013,1482
C6918,9/1/2013,1518
C6918,10/1/2013,1398
C6918,11/1/2013,942
C6918,12/1/2013,1695
C6918,1/1/2014,2203
C6918,2/1/2014,1324
C6918,3/1/2014,3049
C6918,4/1/2014,1423
C6918,5/1/2014,1846
C6918,6/1/2014,1329
C6918,7/1/2014,2298
C6918,8/1/2014,2396
C6918,9/1/2014,1975
C6918,10/1/2014,2123
C6918,11/1/2014,1865
C6918,12/1/2014,2058
C6918,1/1/2015,1767
C6918,2/1/2015,1979
C6918,3/1/2015,1615
C6918,4/1/2015,1784
C6918,5/1/2015,2224
C6918,6/1/2015,1969
C6918,7/1/2015,1916
C6918,8/1/2015,2049
C6918,9/1/2015,2002
C6918,10/1/2015,2255
C6918,11/1/2015,1928
C6918,12/1/2015,2372
C6918,1/1/2016,2109
C6918,2/1/2016,2403
C6918,3/1/2016,2178
C6918,4/1/2016,2080
C6918,5/1/2016,2699
C6918,6/1/2016,2903
C6918,7/1/2016,2864
C6918,8/1/2016,2771
C6918,9/1/2016,2471
C6918,10/1/2016,2376
C6918,11/1/2016,2492
C6918,12/1/2016,3175
C6918,1/1/2017,2907
C6918,2/1/2017,3262
C6918,3/1/2017,2847
C6918,4/1/2017,2940
C6918,5/1/2017,2980
C6918,6/1/2017,3120
C6918,7/1/2017,2843
C6920,1/1/2013,2512
C6920,2/1/2013,2294
C6920,3/1/2013,3037
C6920,4/1/2013,2618
C6920,5/1/2013,2763
C6920,6/1/2013,2734
C6920,7/1/2013,2627
C6920,8/1/2013,2782
C6920,9/1/2013,2792
C6920,10/1/2013,3008
C6920,11/1/2013,2679
C6920,12/1/2013,2554
C6920,1/1/2014,2577
C6920,2/1/2014,2954
C6920,3/1/2014,3825
C6920,4/1/2014,4075
C6920,5/1/2014,4359
C6920,6/1/2014,3706
C6920,7/1/2014,3973
C6920,8/1/2014,3939
C6920,9/1/2014,3781
C6920,10/1/2014,4937
C6920,11/1/2014,4512
C6920,12/1/2014,4508
C6920,1/1/2015,4043
C6920,2/1/2015,4124
C6920,3/1/2015,4281
C6920,4/1/2015,4261
C6920,5/1/2015,4977
C6920,6/1/2015,4519
C6920,7/1/2015,4685
C6920,8/1/2015,4221
C6920,9/1/2015,4414
C6920,10/1/2015,4977
C6920,11/1/2015,4646
C6920,12/1/2015,4488
C6920,1/1/2016,4428
C6920,2/1/2016,4579
C6920,3/1/2016,4778
C6920,4/1/2016,4596
C6920,5/1/2016,5320
C6920,6/1/2016,4601
C6920,7/1/2016,4488
C6920,8/1/2016,4891
C6920,9/1/2016,4631
C6920,10/1/2016,4586
C6920,11/1/2016,4548
C6920,12/1/2016,8664
C6920,1/1/2017,8497
C6920,2/1/2017,7576
C6920,3/1/2017,8806
C6920,4/1/2017,8712
C6920,5/1/2017,9292
C6920,6/1/2017,9367
C6920,7/1/2017,9556
C6922,11/1/2016,152
C6922,12/1/2016,6110
C6922,1/1/2017,5346
C6922,2/1/2017,3781
C6922,3/1/2017,5538
C6922,4/1/2017,4986
C6922,5/1/2017,4963
C6922,6/1/2017,6560
C6922,7/1/2017,6281
C6924,11/1/2016,26
C6924,12/1/2016,993
C6924,1/1/2017,709
C6924,2/1/2017,473
C6924,3/1/2017,861
C6924,4/1/2017,739
C6924,5/1/2017,697
C6924,6/1/2017,846
C6924,7/1/2017,897
C6936,11/1/2016,173
C6936,12/1/2016,5494
C6936,1/1/2017,5293
C6936,2/1/2017,5018
C6936,3/1/2017,4878
C6936,4/1/2017,5285
C6936,5/1/2017,6692
C6936,6/1/2017,5904
C6936,7/1/2017,6332
C6954,11/1/2013,571
C6954,12/1/2013,848
C6954,1/1/2014,1007
C6954,2/1/2014,807
C6954,3/1/2014,811
C6954,4/1/2014,800
C6954,5/1/2014,888
C6954,6/1/2014,832
C6954,7/1/2014,959
C6954,8/1/2014,1126
C6954,9/1/2014,1033
C6954,10/1/2014,1134
C6954,11/1/2014,1119
C6954,12/1/2014,1100
C6954,1/1/2015,1072
C6954,2/1/2015,1297
C6954,3/1/2015,1798
C6954,4/1/2015,1295
C6954,5/1/2015,1150
C6954,6/1/2015,946
C6954,7/1/2015,1048
C6954,8/1/2015,1154
C6954,9/1/2015,1151
C6954,10/1/2015,1135
C6954,11/1/2015,995
C6954,12/1/2015,962
C6954,1/1/2016,1048
C6954,2/1/2016,995
C6954,3/1/2016,1329
C6954,4/1/2016,1034
C6954,5/1/2016,945
C6954,6/1/2016,980
C6954,7/1/2016,1288
C6954,8/1/2016,1306
C6954,9/1/2016,1518
C6954,10/1/2016,1609
C6954,11/1/2016,1468
C6954,12/1/2016,1500
C6954,1/1/2017,1393
C6954,2/1/2017,1396
C6954,3/1/2017,1817
C6954,4/1/2017,1652
C6954,5/1/2017,1701
C6954,6/1/2017,1513
C6954,7/1/2017,1591
C6960,2/1/2017,8103
C6960,5/1/2017,8627
C7002,1/1/2013,2127
C7002,2/1/2013,1681
C7002,3/1/2013,1900
C7002,4/1/2013,2643
C7002,5/1/2013,2954
C7002,6/1/2013,2033
C7002,7/1/2013,1914
C7002,8/1/2013,2952
C7002,9/1/2013,3494
C7002,10/1/2013,2324
C7002,11/1/2013,1915
C7002,12/1/2013,2050
C7002,1/1/2014,2416
C7002,2/1/2014,2381
C7002,3/1/2014,2884
C7002,4/1/2014,3222
C7002,5/1/2014,4809
C7002,6/1/2014,3924
C7002,7/1/2014,3865
C7002,8/1/2014,4128
C7002,9/1/2014,4563
C7002,10/1/2014,3325
C7002,11/1/2014,3148
C7002,12/1/2014,3301
C7002,1/1/2015,3616
C7002,2/1/2015,3578
C7002,3/1/2015,2230
C7002,4/1/2015,3137
C7002,5/1/2015,4673
C7002,6/1/2015,3390
C7002,7/1/2015,3450
C7002,8/1/2015,4318
C7002,9/1/2015,3923
C7002,10/1/2015,3235
C7002,11/1/2015,2750
C7002,12/1/2015,3094
C7002,1/1/2016,2867
C7002,2/1/2016,3039
C7002,3/1/2016,1407
C7002,4/1/2016,2725
C7002,5/1/2016,3850
C7002,6/1/2016,2519
C7002,7/1/2016,2619
C7002,8/1/2016,3030
C7002,9/1/2016,3898
C7002,10/1/2016,2797
C7002,11/1/2016,2457
C7002,12/1/2016,2642
C7002,1/1/2017,2952
C7002,2/1/2017,2610
C7002,3/1/2017,3004
C7002,4/1/2017,3702
C7002,5/1/2017,3708
C7002,6/1/2017,2915
C7002,7/1/2017,2606
C7016,1/1/2013,6841
C7016,2/1/2013,6366
C7016,3/1/2013,2770
C7016,4/1/2013,2732
C7016,5/1/2013,2838
C7016,6/1/2013,2551
C7016,7/1/2013,2516
C7016,8/1/2013,2486
C7016,9/1/2013,1833
C7016,10/1/2013,2062
C7016,11/1/2013,2195
C7016,12/1/2013,3576
C7016,1/1/2014,2439
C7016,2/1/2014,2227
C7016,3/1/2014,2619
C7016,4/1/2014,2149
C7016,5/1/2014,2110
C7016,6/1/2014,2190
C7016,7/1/2014,2067
C7016,8/1/2014,2304
C7016,9/1/2014,3726
C7016,10/1/2014,3328
C7016,11/1/2014,2112
C7016,12/1/2014,3054
C7016,1/1/2015,2233
C7016,2/1/2015,2831
C7016,3/1/2015,2541
C7016,4/1/2015,2219
C7016,5/1/2015,2346
C7016,6/1/2015,1891
C7016,7/1/2015,2443
C7016,8/1/2015,2632
C7016,9/1/2015,2240
C7016,10/1/2015,2322
C7016,11/1/2015,2294
C7016,12/1/2015,2904
C7016,1/1/2016,2002
C7016,2/1/2016,2335
C7016,3/1/2016,2370
C7016,4/1/2016,2404
C7016,5/1/2016,3076
C7016,6/1/2016,2063
C7016,7/1/2016,2216
C7016,8/1/2016,2076
C7016,9/1/2016,1786
C7016,10/1/2016,1928
C7016,11/1/2016,1891
C7016,12/1/2016,2768
C7016,1/1/2017,2364
C7016,2/1/2017,1954
C7016,3/1/2017,2033
C7016,4/1/2017,2851
C7016,5/1/2017,3319
C7016,6/1/2017,1906
C7016,7/1/2017,1965
C7034,1/1/2013,9298
C7034,2/1/2013,7406
C7034,3/1/2013,8632
C7034,4/1/2013,7361
C7034,5/1/2013,8041
C7034,6/1/2013,7900
C7034,7/1/2013,8047
C7034,8/1/2013,8238
C7034,9/1/2013,7810
C7034,10/1/2013,7868
C7034,11/1/2013,7457
C7034,12/1/2013,9823
C7034,1/1/2014,8477
C7034,2/1/2014,6798
C7034,3/1/2014,6869
C7034,4/1/2014,6902
C7034,5/1/2014,6474
C7034,6/1/2014,6269
C7034,7/1/2014,6376
C7034,8/1/2014,6740
C7034,9/1/2014,6397
C7034,10/1/2014,6449
C7034,11/1/2014,5487
C7034,12/1/2014,6537
C7034,1/1/2015,3717
C7034,2/1/2015,3071
C7034,3/1/2015,5205
C7034,4/1/2015,5917
C7034,5/1/2015,6717
C7034,6/1/2015,6466
C7034,7/1/2015,7112
C7034,8/1/2015,7690
C7034,9/1/2015,7552
C7034,10/1/2015,7270
C7034,11/1/2015,5619
C7034,12/1/2015,4074
C7034,1/1/2016,3045
C7034,2/1/2016,3234
C7034,3/1/2016,4306
C7034,4/1/2016,3714
C7034,5/1/2016,3019
C7034,6/1/2016,2456
C7034,7/1/2016,3204
C7034,8/1/2016,3787
C7034,9/1/2016,4497
C7034,10/1/2016,5073
C7034,11/1/2016,5050
C7034,12/1/2016,6190
C7034,1/1/2017,5572
C7034,2/1/2017,5311
C7034,3/1/2017,6269
C7034,4/1/2017,6081
C7034,5/1/2017,5982
C7034,6/1/2017,6166
C7034,7/1/2017,6313
C7780,1/1/2014,20130
C7780,3/1/2014,19608
C7780,7/1/2014,19988
C7780,9/1/2014,21962
C7780,10/1/2014,21009
C7780,11/1/2014,20830
C7780,12/1/2014,22165
C7780,6/1/2015,20263
C7780,7/1/2015,19655
C7780,8/1/2015,20255
C7780,9/1/2015,20785
C7780,10/1/2015,18756
C7780,11/1/2015,18063
C7780,12/1/2015,19045
C7780,1/1/2016,18331
C7780,2/1/2016,16438
C7780,3/1/2016,18504
C7780,4/1/2016,18301
C7780,5/1/2016,20948
C7780,6/1/2016,18149
C7780,7/1/2016,19037
C7780,8/1/2016,17133
C7780,9/1/2016,19328
C7780,10/1/2016,19503
C7780,11/1/2016,17775
C7780,12/1/2016,18173
C7780,1/1/2017,20809
C7780,2/1/2017,17874
C7780,3/1/2017,19647
C7780,4/1/2017,19616
C7780,5/1/2017,21431
C7780,6/1/2017,19333
C7780,7/1/2017,20067
